; generated by PrusaSlicer 2.9.6 on 2026-09-05 at 11:42:48 UTC

; 

; external perimeters extrusion width = 0.45mm
; perimeters extrusion width = 0.45mm
; infill extrusion width = 0.45mm
; solid infill extrusion width = 0.45mm
; top infill extrusion width = 0.40mm
; first layer extrusion width = 0.40mm

M104 S200 ; set temperature
;TYPE:Custom
G28 ; home all axes
G1 Z5 F5000 ; lift nozzle
M109 S200 ; set temperature and wait for it to be reached
G21 ; set units to millimeters
G90 ; use absolute coordinates
M82 ; use absolute distances for extrusion
G92 E0
; Filament gcode
M107
;LAYER_CHANGE
;Z:0.2
;HEIGHT:0.2
G1 E-2 F2400
G92 E0
G1 Z.2 F7800
G1 X87.968 Y87.682
G1 E2 F2400
;TYPE:Skirt/Brim
;WIDTH:0.4
G1 F1800
G1 X89.358 Y86.463 E2.05489
G1 X90.602 Y85.572 E2.10032
G1 X92.204 Y84.647 E2.15525
G1 X93.598 Y84.016 E2.20068
G1 X95.348 Y83.421 E2.25556
G1 X96.839 Y83.074 E2.30101
G1 X98.672 Y82.832 E2.35591
G1 X100.421 Y82.79 E2.40786
G1 X102.047 Y82.903 E2.45625
G1 X103.557 Y83.153 E2.50169
G1 X105.343 Y83.631 E2.55659
G1 X106.776 Y84.17 E2.60205
G1 X108.434 Y84.988 E2.65694
G1 X109.734 Y85.796 E2.70239
G1 X111.2 Y86.922 E2.75727
G1 X112.318 Y87.968 E2.80273
G1 X113.537 Y89.358 E2.85762
G1 X114.428 Y90.602 E2.90305
G1 X115.353 Y92.204 E2.95798
G1 X115.984 Y93.598 E3.00341
G1 X116.579 Y95.348 E3.05829
G1 X116.926 Y96.839 E3.10374
G1 X117.168 Y98.672 E3.15864
G1 X117.218 Y100.202 E3.20409
G1 X117.097 Y102.047 E3.25899
G1 X116.847 Y103.557 E3.30443
G1 X116.369 Y105.343 E3.35933
G1 X115.83 Y106.776 E3.40479
G1 X115.012 Y108.434 E3.45968
G1 X114.204 Y109.734 E3.50513
G1 X113.078 Y111.2 E3.56001
G1 X112.032 Y112.318 E3.60547
G1 X110.642 Y113.537 E3.66036
G1 X109.398 Y114.428 E3.70579
G1 X107.796 Y115.353 E3.76072
G1 X106.402 Y115.984 E3.80615
G1 X104.652 Y116.579 E3.86103
G1 X103.161 Y116.926 E3.90648
G1 X101.328 Y117.168 E3.96138
G1 X99.798 Y117.218 E4.00683
G1 X97.953 Y117.097 E4.06173
G1 X96.443 Y116.847 E4.10717
G1 X94.657 Y116.369 E4.16207
G1 X93.224 Y115.83 E4.20753
G1 X91.566 Y115.012 E4.26242
G1 X90.266 Y114.204 E4.30787
G1 X88.8 Y113.078 E4.36275
G1 X87.682 Y112.032 E4.40821
G1 X86.463 Y110.642 E4.4631
G1 X85.572 Y109.398 E4.50853
G1 X84.647 Y107.796 E4.56346
G1 X84.016 Y106.402 E4.60889
G1 X83.421 Y104.652 E4.66377
G1 X83.074 Y103.161 E4.70922
G1 X82.832 Y101.328 E4.76412
G1 X82.782 Y99.798 E4.80957
G1 X82.903 Y97.953 E4.86447
G1 X83.153 Y96.443 E4.90991
G1 X83.631 Y94.657 E4.96481
G1 X84.17 Y93.224 E5.01027
G1 X84.988 Y91.566 E5.06516
G1 X85.796 Y90.266 E5.11061
G1 X86.922 Y88.8 E5.16549
G1 X87.927 Y87.726 E5.20916
G1 E3.20916 F2400
G92 E0
G92 E0
G1 X92.333 Y92.333 F7800
G1 E2 F2400
;TYPE:External perimeter
;WIDTH:0.399999
G1 F1800
G1 X92.851 Y91.848 E2.02107
G1 X93.4 Y91.398 E2.04215
G1 X93.976 Y90.985 E2.06319
G1 X94.579 Y90.61 E2.08427
G1 X95.205 Y90.276 E2.10534
G1 X95.851 Y89.983 E2.1264
G1 X96.515 Y89.733 E2.14747
G1 X97.194 Y89.527 E2.16854
G1 X97.885 Y89.366 E2.18961
G1 X98.585 Y89.25 E2.21068
G1 X99.289 Y89.181 E2.23168
G1 X99.906 Y89.17 E2.25
G1 X100.431 Y89.172 E2.26559
G1 X101.083 Y89.218 E2.285
G1 X101.775 Y89.31 E2.30573
G1 X102.466 Y89.448 E2.32665
G1 X103.149 Y89.631 E2.34764
G1 X103.82 Y89.859 E2.36868
G1 X104.474 Y90.13 E2.3897
G1 X105.11 Y90.444 E2.41076
G1 X105.723 Y90.798 E2.43178
G1 X106.313 Y91.192 E2.45284
G1 X106.875 Y91.624 E2.47389
G1 X107.408 Y92.091 E2.49493
G1 X107.91 Y92.593 E2.51601
G1 X108.377 Y93.126 E2.53705
G1 X108.809 Y93.689 E2.55812
G1 X109.203 Y94.279 E2.57918
G1 X109.558 Y94.893 E2.60024
G1 X109.872 Y95.53 E2.62133
G1 X110.143 Y96.186 E2.6424
G1 X110.371 Y96.859 E2.6635
G1 X110.555 Y97.547 E2.68465
G1 X110.694 Y98.249 E2.7059
G1 X110.788 Y98.975 E2.72764
G1 X110.842 Y99.998 E2.75806
G1 X110.75 Y101.415 E2.80022
G1 X110.634 Y102.115 E2.82129
G1 X110.473 Y102.806 E2.84236
G1 X110.267 Y103.485 E2.86343
G1 X110.017 Y104.149 E2.8845
G1 X109.724 Y104.795 E2.90556
G1 X109.39 Y105.421 E2.92663
G1 X109.015 Y106.024 E2.94771
G1 X108.602 Y106.6 E2.96875
G1 X108.152 Y107.149 E2.98983
G1 X107.667 Y107.667 E3.0109
G1 X107.149 Y108.152 E3.03197
G1 X106.6 Y108.602 E3.05305
G1 X106.024 Y109.015 E3.07409
G1 X105.421 Y109.39 E3.09517
G1 X104.795 Y109.724 E3.11624
G1 X104.149 Y110.017 E3.1373
G1 X103.485 Y110.267 E3.15837
G1 X102.806 Y110.473 E3.17944
G1 X102.115 Y110.634 E3.20051
G1 X101.415 Y110.75 E3.22158
G1 X100.709 Y110.819 E3.24264
G1 X100.002 Y110.842 E3.26364
G1 X98.585 Y110.75 E3.3058
G1 X97.885 Y110.634 E3.32687
G1 X97.194 Y110.473 E3.34794
G1 X96.515 Y110.267 E3.36901
G1 X95.851 Y110.017 E3.39008
G1 X95.205 Y109.724 E3.41114
G1 X94.579 Y109.39 E3.43221
G1 X93.976 Y109.015 E3.45329
G1 X93.4 Y108.602 E3.47433
G1 X92.851 Y108.152 E3.49541
G1 X92.333 Y107.667 E3.51648
G1 X91.848 Y107.149 E3.53755
G1 X91.398 Y106.6 E3.55863
G1 X90.985 Y106.024 E3.57967
G1 X90.61 Y105.421 E3.60075
G1 X90.276 Y104.795 E3.62182
G1 X89.983 Y104.149 E3.64288
G1 X89.733 Y103.485 E3.66395
G1 X89.527 Y102.806 E3.68502
G1 X89.366 Y102.115 E3.70609
G1 X89.25 Y101.415 E3.72716
G1 X89.181 Y100.709 E3.74822
G1 X89.158 Y100.002 E3.76922
G1 X89.25 Y98.585 E3.81138
G1 X89.366 Y97.885 E3.83245
G1 X89.527 Y97.194 E3.85352
G1 X89.733 Y96.515 E3.87459
G1 X89.983 Y95.851 E3.89566
G1 X90.276 Y95.205 E3.91672
G1 X90.61 Y94.579 E3.93779
G1 X90.985 Y93.976 E3.95887
G1 X91.398 Y93.4 E3.97991
G1 X91.848 Y92.851 E4.00099
G1 X92.292 Y92.377 E4.02027
G1 E2.02027 F2400
G92 E0
G1 X108.765 Y93.812 F7800
G1 E2 F2400
;TYPE:Solid infill
;WIDTH:0.401352
G1 F1800
G1 X107.463 Y92.51 E2.05488
G1 X106.972 Y92.05 E2.07493
G1 X106.437 Y91.611 E2.09556
G1 X105.875 Y91.208 E2.11617
G1 X105.292 Y90.845 E2.13664
G1 X109.155 Y94.708 E2.29946
G1 X109.484 Y95.323 E2.32025
G1 X109.667 Y95.727 E2.33347
G1 X104.273 Y90.333 E2.56082
G1 X103.432 Y89.999 E2.58779
G1 X110.001 Y96.568 E2.86467
G1 X110.222 Y97.296 E2.88734
G1 X102.704 Y89.778 E3.20422
G1 X102.045 Y89.626 E3.22438
G1 X110.374 Y97.955 E3.57544
G1 X110.474 Y98.562 E3.59377
G1 X101.438 Y89.526 E3.97463
G1 X100.871 Y89.466 E3.99162
G1 X110.534 Y99.129 E4.3989
G1 X110.563 Y99.665 E4.4149
G1 X100.339 Y89.44 E4.84585
G1 X99.836 Y89.444 E4.86084
G1 X110.566 Y100.174 E5.3131
G1 X110.542 Y100.658 E5.32754
G1 X99.333 Y89.448 E5.80001
G1 X98.869 Y89.492 E5.8139
G1 X110.508 Y101.131 E6.30447
G1 X110.451 Y101.58 E6.31796
G1 X98.42 Y89.549 E6.82505
G1 X97.985 Y89.621 E6.83819
G1 X110.379 Y102.015 E7.36058
G1 X110.286 Y102.429 E7.37323
G1 X97.571 Y89.714 E7.90915
G1 X97.166 Y89.816 E7.9216
G1 X110.184 Y102.834 E8.47029
G1 X110.066 Y103.223 E8.48241
G1 X96.777 Y89.934 E9.04253
G1 X96.399 Y90.063 E9.05443
G1 X109.937 Y103.601 E9.62504
G1 X109.799 Y103.969 E9.63675
G1 X96.031 Y90.201 E10.21706
G1 X95.678 Y90.355 E10.22854
G1 X109.645 Y104.322 E10.81723
G1 X109.487 Y104.671 E10.82865
G1 X95.329 Y90.513 E11.42539
G1 X94.998 Y90.69 E11.43658
G1 X109.31 Y105.002 E12.03981
G1 X109.131 Y105.33 E12.05095
G1 X94.67 Y90.869 E12.66046
G1 X94.358 Y91.063 E12.67141
G1 X108.937 Y105.642 E13.2859
G1 X108.738 Y105.95 E13.29683
G1 X94.05 Y91.262 E13.91591
G1 X93.754 Y91.473 E13.92674
G1 X108.527 Y106.246 E14.54941
G1 X108.309 Y106.535 E14.5602
G1 X93.465 Y91.691 E15.18586
G1 X93.187 Y91.919 E15.19658
G1 X108.081 Y106.813 E15.82435
G1 X107.845 Y107.085 E15.83508
G1 X92.915 Y92.155 E16.46436
G1 X92.654 Y92.4 E16.47503
G1 X107.6 Y107.346 E17.10499
G1 X107.346 Y107.6 E17.1157
G1 X92.4 Y92.654 E17.74566
G1 X92.155 Y92.915 E17.75633
G1 X107.085 Y107.845 E18.38561
G1 X106.813 Y108.081 E18.39634
G1 X91.919 Y93.187 E19.02411
G1 X91.691 Y93.465 E19.03483
G1 X106.535 Y108.309 E19.66049
G1 X106.246 Y108.527 E19.67128
G1 X91.473 Y93.755 E20.29392
G1 X91.262 Y94.05 E20.30473
G1 X105.95 Y108.738 E20.92381
G1 X105.642 Y108.937 E20.93474
G1 X91.063 Y94.358 E21.54923
G1 X90.869 Y94.67 E21.56018
G1 X105.33 Y109.131 E22.16969
G1 X105.002 Y109.31 E22.18083
G1 X90.69 Y94.998 E22.78406
G1 X90.513 Y95.329 E22.79525
G1 X104.671 Y109.487 E23.39199
G1 X104.322 Y109.645 E23.40341
G1 X90.355 Y95.678 E23.9921
G1 X90.201 Y96.031 E24.00358
G1 X103.969 Y109.799 E24.58389
G1 X103.601 Y109.937 E24.5956
G1 X90.063 Y96.399 E25.16621
G1 X89.934 Y96.777 E25.17811
G1 X103.223 Y110.066 E25.73823
G1 X102.834 Y110.184 E25.75035
G1 X89.816 Y97.166 E26.29904
G1 X89.714 Y97.571 E26.31149
G1 X102.429 Y110.286 E26.84741
G1 X102.015 Y110.379 E26.86006
G1 X89.621 Y97.985 E27.38245
G1 X89.549 Y98.42 E27.39559
G1 X101.58 Y110.451 E27.90268
G1 X101.131 Y110.508 E27.91617
G1 X89.492 Y98.869 E28.40674
G1 X89.458 Y99.342 E28.42087
G1 X100.668 Y110.552 E28.89336
G1 X100.177 Y110.569 E28.908
G1 X89.434 Y99.826 E29.36081
G1 X89.437 Y100.335 E29.37598
G1 X99.659 Y110.558 E29.80685
G1 X99.127 Y110.532 E29.82272
G1 X89.466 Y100.871 E30.22992
G1 X89.526 Y101.438 E30.24691
G1 X98.562 Y110.474 E30.62777
G1 X97.955 Y110.374 E30.6461
G1 X89.626 Y102.045 E30.99716
G1 X89.778 Y102.704 E31.01732
G1 X97.296 Y110.222 E31.3342
G1 X96.568 Y110.001 E31.35687
G1 X89.999 Y103.432 E31.63375
G1 X90.333 Y104.273 E31.66072
G1 X95.727 Y109.667 E31.88807
G1 X95.323 Y109.484 E31.90129
G1 X94.708 Y109.155 E31.92208
G1 X90.845 Y105.292 E32.0849
G1 X91.208 Y105.875 E32.10537
G1 X91.611 Y106.437 E32.12598
G1 X92.05 Y106.972 E32.14661
G1 X92.511 Y107.465 E32.16673
G1 X93.812 Y108.765 E32.22154
;LAYER_CHANGE
;Z:0.4
;HEIGHT:0.2
G1 Z.4 F7800
G1 X93.721 Y108.9
;TYPE:External perimeter
;WIDTH:0.449999
G1 F1800
G1 X93.666 Y108.864 E32.22377
G1 X93.075 Y108.413 E32.24893
G1 X92.547 Y107.949 E32.27272
G1 X92.045 Y107.447 E32.29675
G1 X91.576 Y106.911 E32.32086
G1 X91.142 Y106.346 E32.34498
G1 X90.746 Y105.753 E32.36912
G1 X90.39 Y105.136 E32.39323
G1 X90.075 Y104.496 E32.41737
G1 X89.802 Y103.837 E32.44151
G1 X89.572 Y103.161 E32.46568
G1 X89.388 Y102.471 E32.48985
G1 X89.248 Y101.769 E32.51408
G1 X89.154 Y101.048 E32.53869
G1 X89.11 Y100.377 E32.56145
G1 X89.111 Y99.658 E32.58579
G1 X89.158 Y98.916 E32.61096
G1 X89.25 Y98.22 E32.63472
G1 X89.389 Y97.523 E32.65878
G1 X89.573 Y96.835 E32.68289
G1 X89.803 Y96.159 E32.70706
G1 X90.078 Y95.497 E32.73132
G1 X90.4 Y94.845 E32.75593
G1 X90.736 Y94.263 E32.77868
G1 X91.136 Y93.666 E32.803
G1 X91.587 Y93.075 E32.82816
G1 X92.051 Y92.547 E32.85195
G1 X92.553 Y92.045 E32.87598
G1 X93.089 Y91.576 E32.90009
G1 X93.654 Y91.142 E32.92421
G1 X94.247 Y90.746 E32.94835
G1 X94.864 Y90.39 E32.97246
G1 X95.504 Y90.075 E32.9966
G1 X96.163 Y89.802 E33.02074
G1 X96.838 Y89.573 E33.04487
G1 X97.528 Y89.388 E33.06905
G1 X98.228 Y89.249 E33.09321
G1 X98.938 Y89.156 E33.11745
G1 X99.664 Y89.109 E33.14208
G1 X100.336 Y89.109 E33.16483
G1 X101.053 Y89.157 E33.18915
G1 X101.79 Y89.252 E33.2143
G1 X102.48 Y89.39 E33.23812
G1 X103.166 Y89.574 E33.26216
G1 X103.841 Y89.803 E33.28629
G1 X104.503 Y90.078 E33.31055
G1 X105.155 Y90.4 E33.33516
G1 X105.737 Y90.736 E33.35791
G1 X106.334 Y91.136 E33.38223
G1 X106.925 Y91.587 E33.40739
G1 X107.453 Y92.051 E33.43118
G1 X107.955 Y92.553 E33.45521
G1 X108.424 Y93.089 E33.47932
G1 X108.858 Y93.654 E33.50344
G1 X109.254 Y94.247 E33.52758
G1 X109.61 Y94.864 E33.55169
G1 X109.925 Y95.504 E33.57583
G1 X110.198 Y96.163 E33.59997
G1 X110.428 Y96.839 E33.62414
G1 X110.612 Y97.529 E33.64831
G1 X110.752 Y98.231 E33.67254
G1 X110.846 Y98.952 E33.69715
G1 X110.89 Y99.623 E33.71991
G1 X110.889 Y100.342 E33.74425
G1 X110.842 Y101.084 E33.76942
G1 X110.75 Y101.78 E33.79318
G1 X110.611 Y102.477 E33.81724
G1 X110.427 Y103.165 E33.84135
G1 X110.197 Y103.841 E33.86552
G1 X109.922 Y104.503 E33.88978
G1 X109.6 Y105.155 E33.91439
G1 X109.264 Y105.737 E33.93714
G1 X108.864 Y106.334 E33.96146
G1 X108.413 Y106.925 E33.98662
G1 X107.949 Y107.453 E34.01041
G1 X107.447 Y107.955 E34.03444
G1 X106.911 Y108.424 E34.05855
G1 X106.346 Y108.858 E34.08267
G1 X105.753 Y109.254 E34.10681
G1 X105.136 Y109.61 E34.13092
G1 X104.496 Y109.925 E34.15506
G1 X103.837 Y110.198 E34.1792
G1 X103.161 Y110.428 E34.20337
G1 X102.471 Y110.612 E34.22754
G1 X101.769 Y110.752 E34.25177
G1 X101.048 Y110.846 E34.27638
G1 X100.377 Y110.89 E34.29914
G1 X99.658 Y110.889 E34.32348
G1 X98.916 Y110.842 E34.34865
G1 X98.22 Y110.75 E34.37241
G1 X97.523 Y110.611 E34.39647
G1 X96.835 Y110.427 E34.42058
G1 X96.159 Y110.197 E34.44475
G1 X95.497 Y109.922 E34.46901
G1 X94.845 Y109.6 E34.49362
G1 X94.263 Y109.264 E34.51637
G1 X93.771 Y108.934 E34.53642
G1 E32.53642 F2400
G92 E0
G1 X93.507 Y91.435 F7800
G1 E2 F2400
;TYPE:Solid infill
;WIDTH:0.38292
G1 F1200
G1 X92.938 Y91.948 E2.02166
G1 X92.435 Y92.435 E2.04145
G1 X91.477 Y93.457 E2.08105
G1 X91.005 Y94.412 F7800
G1 F1200
G1 X90.964 Y94.423 E2.08225
G1 X90.945 Y94.352 E2.08433
G1 X91.016 Y94.371 E2.08641
;WIDTH:0.41646
G1 X91.112 Y94.233 E2.09163
;WIDTH:0.449999
G1 X91.207 Y94.094 E2.09733
G1 X94.112 Y91.19 E2.23637
G1 X94.271 Y91.091 E2.24271
;WIDTH:0.41646
G1 X94.43 Y90.991 E2.24854
;WIDTH:0.38292
G1 X94.389 Y91.002 E2.24974
G1 X94.37 Y90.931 E2.25182
G1 X94.441 Y90.95 E2.2539
G1 X95.764 Y90.233 F7800
G1 F1200
G1 X95.693 Y90.214 E2.25598
G1 X95.712 Y90.285 E2.25806
G1 X95.753 Y90.274 E2.25926
;WIDTH:0.41646
G1 X95.595 Y90.357 E2.2648
;WIDTH:0.449999
G1 X95.438 Y90.44 E2.27081
G1 X90.44 Y95.438 E2.51006
G1 X90.355 Y95.597 E2.51616
;WIDTH:0.41646
G1 X90.271 Y95.756 E2.52175
;WIDTH:0.38292
G1 X90.23 Y95.767 E2.52295
G1 X90.21 Y95.696 E2.52504
G1 X90.282 Y95.715 E2.52715
G1 X89.883 Y96.741 F7800
G1 F1200
G1 X89.842 Y96.752 E2.52835
G1 X89.823 Y96.681 E2.53043
G1 X89.894 Y96.7 E2.53251
;WIDTH:0.41646
G1 X89.962 Y96.562 E2.53729
;WIDTH:0.449999
G1 X90.03 Y96.423 E2.54253
G1 X96.423 Y90.03 E2.84856
G1 X97.267 Y89.762 F7800
G1 F1200
G1 X89.762 Y97.267 E3.20782
G1 X89.594 Y98.01 E3.2336
G1 X98.01 Y89.594 E3.63647
G1 X98.694 Y89.486 E3.65991
G1 X89.486 Y98.694 E4.10069
G1 X89.426 Y99.33 E4.12231
G1 X99.331 Y89.425 E4.59646
G1 X99.926 Y89.406 E4.61661
G1 X89.41 Y99.922 E5.12
G1 X89.419 Y100.488 E5.13916
G1 X100.488 Y89.419 E5.66903
G1 X101.022 Y89.461 E5.68716
G1 X89.459 Y101.024 E6.24067
G1 X89.52 Y101.539 E6.25822
G1 X101.539 Y89.52 E6.83356
G1 X102.033 Y89.601 E6.8505
G1 X89.601 Y102.033 E7.44561
G1 X89.708 Y102.502 E7.46189
G1 X102.502 Y89.708 E8.07433
G1 X102.957 Y89.829 E8.09027
G1 X89.829 Y102.957 E8.7187
G1 X89.963 Y103.398 E8.7343
G1 X103.398 Y89.963 E9.37743
G1 X103.817 Y90.12 E9.39258
G1 X90.12 Y103.817 E10.04825
G1 X90.287 Y104.226 E10.0632
G1 X104.226 Y90.287 E10.73045
G1 X104.622 Y90.467 E10.74517
G1 X90.467 Y104.622 E11.42276
G1 X90.664 Y105 E11.43719
G1 X105 Y90.664 E12.12345
G1 X105.371 Y90.869 E12.1378
G1 X90.869 Y105.371 E12.832
G1 X91.089 Y105.726 E12.84614
G1 X105.726 Y91.089 E13.5468
G1 X106.069 Y91.323 E13.56085
G1 X91.321 Y106.071 E14.26683
G1 X91.561 Y106.406 E14.28078
G1 X106.406 Y91.561 E14.9914
G1 X106.725 Y91.818 E15.00527
G1 X91.818 Y106.725 E15.71886
G1 X92.081 Y107.038 E15.7327
G1 X107.038 Y92.081 E16.44868
G1 X107.335 Y92.359 E16.46245
G1 X92.359 Y107.335 E17.17934
G1 X92.646 Y107.623 E17.1931
G1 X107.623 Y92.646 E17.91004
G1 X107.902 Y92.944 E17.92386
G1 X92.944 Y107.902 E18.63989
G1 X93.255 Y108.166 E18.6537
G1 X108.166 Y93.255 E19.36748
G1 X108.424 Y93.573 E19.38134
G1 X93.573 Y108.424 E20.09225
G1 X93.91 Y108.662 E20.10621
G1 X108.664 Y93.908 E20.81247
G1 X108.897 Y94.251 E20.82651
G1 X94.251 Y108.897 E21.5276
G1 X94.606 Y109.118 E21.54175
G1 X109.118 Y94.606 E22.23643
G1 X109.324 Y94.976 E22.25076
G1 X94.976 Y109.324 E22.93759
G1 X95.353 Y109.522 E22.952
G1 X109.522 Y95.353 E23.63026
G1 X109.702 Y95.75 E23.64501
G1 X95.75 Y109.702 E24.31288
G1 X96.157 Y109.87 E24.32778
G1 X109.87 Y96.157 E24.98421
G1 X110.027 Y96.575 E24.99932
G1 X96.575 Y110.027 E25.64326
G1 X97.016 Y110.162 E25.65887
G1 X110.162 Y97.016 E26.28816
G1 X110.285 Y97.469 E26.30405
G1 X97.469 Y110.285 E26.91754
G1 X97.936 Y110.394 E26.93377
G1 X110.394 Y97.936 E27.53013
G1 X110.475 Y98.43 E27.54707
G1 X98.43 Y110.475 E28.12366
G1 X98.943 Y110.538 E28.14115
G1 X110.538 Y98.943 E28.6962
G1 X110.58 Y99.477 E28.71433
G1 X99.478 Y110.578 E29.24575
G1 X100.039 Y110.593 E29.26475
G1 X110.591 Y100.041 E29.76987
G1 X110.575 Y100.633 E29.78992
G1 X100.632 Y110.576 E30.26589
G1 X101.266 Y110.517 E30.28744
G1 X110.517 Y101.266 E30.73028
G1 X110.413 Y101.947 E30.7536
G1 X101.947 Y110.413 E31.15886
G1 X102.687 Y110.249 E31.18452
G1 X110.249 Y102.687 E31.54651
G1 X110.206 Y103.22 E31.56461
;WIDTH:0.38292
G1 X110.135 Y103.201 E31.56669
G1 X110.154 Y103.272 E31.56877
G1 X110.195 Y103.261 E31.56997
;WIDTH:0.41646
G1 X110.094 Y103.39 E31.57506
;WIDTH:0.449999
G1 X109.992 Y103.519 E31.58063
G1 X103.519 Y109.992 E31.89049
G1 X103.392 Y110.096 E31.89605
;WIDTH:0.41646
G1 X103.264 Y110.2 E31.90117
;WIDTH:0.38292
G1 X103.223 Y110.211 E31.90237
G1 X103.204 Y110.14 E31.90445
G1 X103.275 Y110.159 E31.90653
G1 X104.252 Y109.774 F7800
G1 F1200
G1 X104.181 Y109.755 E31.90861
G1 X104.2 Y109.826 E31.91069
G1 X104.241 Y109.815 E31.91189
;WIDTH:0.41646
G1 X104.369 Y109.702 E31.91719
;WIDTH:0.449999
G1 X109.59 Y104.497 E32.16673
G1 X109.701 Y104.368 E32.17249
;WIDTH:0.41646
G1 X109.811 Y104.239 E32.17776
;WIDTH:0.38292
G1 X109.77 Y104.25 E32.17896
G1 X109.751 Y104.179 E32.18104
G1 X109.822 Y104.198 E32.18312
G1 X109.139 Y105.494 F7800
G1 F1200
G1 X109.068 Y105.475 E32.1852
G1 X109.087 Y105.546 E32.18728
G1 X109.128 Y105.535 E32.18848
;WIDTH:0.41646
G1 X108.999 Y105.664 E32.19415
;WIDTH:0.449999
G1 X105.67 Y108.975 E32.35308
;WIDTH:0.41646
G1 X105.546 Y109.081 E32.35815
;WIDTH:0.38292
G1 X105.475 Y109.062 E32.36023
G1 X105.494 Y109.133 E32.36231
G1 X105.535 Y109.122 E32.36351
G1 X106.366 Y108.656 F7800
G1 F1200
G1 X107.053 Y108.043 E32.38954
G1 X107.556 Y107.556 E32.40933
G1 X108.512 Y106.535 E32.44887
;LAYER_CHANGE
;Z:0.6
;HEIGHT:0.2
G1 Z.6 F7800
G1 X108.715 Y106.69
;TYPE:External perimeter
;WIDTH:0.449999
G1 F1800
G1 X108.497 Y106.974 E32.46099
G1 X108.023 Y107.515 E32.48534
G1 X107.515 Y108.023 E32.50966
G1 X106.974 Y108.497 E32.53401
G1 X106.403 Y108.935 E32.55837
G1 X105.805 Y109.335 E32.58272
G1 X105.182 Y109.695 E32.60708
G1 X104.537 Y110.013 E32.63142
G1 X103.872 Y110.288 E32.65578
G1 X103.191 Y110.519 E32.68012
G1 X102.496 Y110.706 E32.70448
G1 X101.791 Y110.846 E32.72881
G1 X101.077 Y110.94 E32.75319
G1 X100.36 Y110.987 E32.77751
G1 X99.64 Y110.987 E32.80188
G1 X98.923 Y110.94 E32.8262
G1 X98.209 Y110.846 E32.85058
G1 X97.504 Y110.706 E32.87491
G1 X96.809 Y110.519 E32.89927
G1 X96.128 Y110.288 E32.92361
G1 X95.463 Y110.013 E32.94797
G1 X94.818 Y109.695 E32.97231
G1 X94.195 Y109.335 E32.99667
G1 X93.597 Y108.935 E33.02102
G1 X93.026 Y108.497 E33.04538
G1 X92.485 Y108.023 E33.06973
G1 X91.977 Y107.515 E33.09405
G1 X91.503 Y106.974 E33.1184
G1 X91.065 Y106.403 E33.14276
G1 X90.665 Y105.805 E33.16711
G1 X90.305 Y105.182 E33.19147
G1 X89.987 Y104.537 E33.21581
G1 X89.712 Y103.872 E33.24017
G1 X89.481 Y103.191 E33.26451
G1 X89.294 Y102.496 E33.28887
G1 X89.154 Y101.791 E33.3132
G1 X89.06 Y101.077 E33.33758
G1 X89.013 Y100.36 E33.3619
G1 X89.013 Y99.64 E33.38627
G1 X89.06 Y98.923 E33.41059
G1 X89.154 Y98.209 E33.43497
G1 X89.294 Y97.504 E33.4593
G1 X89.481 Y96.809 E33.48366
G1 X89.712 Y96.128 E33.508
G1 X89.987 Y95.463 E33.53236
G1 X90.305 Y94.818 E33.5567
G1 X90.665 Y94.195 E33.58106
G1 X91.065 Y93.597 E33.60541
G1 X91.503 Y93.026 E33.62977
G1 X91.977 Y92.485 E33.65412
G1 X92.485 Y91.977 E33.67844
G1 X93.026 Y91.503 E33.70279
G1 X93.597 Y91.065 E33.72715
G1 X94.195 Y90.665 E33.7515
G1 X94.818 Y90.305 E33.77586
G1 X95.463 Y89.987 E33.8002
G1 X96.128 Y89.712 E33.82456
G1 X96.809 Y89.481 E33.8489
G1 X97.504 Y89.294 E33.87326
G1 X98.209 Y89.154 E33.89759
G1 X98.923 Y89.06 E33.92197
G1 X99.64 Y89.013 E33.94629
G1 X100.36 Y89.013 E33.97066
G1 X101.077 Y89.06 E33.99498
G1 X101.791 Y89.154 E34.01936
G1 X102.496 Y89.294 E34.04369
G1 X103.191 Y89.481 E34.06805
G1 X103.872 Y89.712 E34.09239
G1 X104.537 Y89.987 E34.11675
G1 X105.182 Y90.305 E34.14109
G1 X105.805 Y90.665 E34.16545
G1 X106.403 Y91.065 E34.1898
G1 X106.974 Y91.503 E34.21416
G1 X107.515 Y91.977 E34.23851
G1 X108.023 Y92.485 E34.26283
G1 X108.497 Y93.026 E34.28718
G1 X108.935 Y93.597 E34.31154
G1 X109.335 Y94.195 E34.33589
G1 X109.695 Y94.818 E34.36025
G1 X110.013 Y95.463 E34.38459
G1 X110.288 Y96.128 E34.40895
G1 X110.519 Y96.809 E34.43329
G1 X110.706 Y97.504 E34.45765
G1 X110.846 Y98.209 E34.48198
G1 X110.94 Y98.923 E34.50636
G1 X110.987 Y99.64 E34.53068
G1 X110.987 Y100.36 E34.55505
G1 X110.94 Y101.077 E34.57937
G1 X110.846 Y101.791 E34.60375
G1 X110.706 Y102.496 E34.62808
G1 X110.519 Y103.191 E34.65244
G1 X110.288 Y103.872 E34.67678
G1 X110.013 Y104.537 E34.70114
G1 X109.695 Y105.182 E34.72548
G1 X109.335 Y105.805 E34.74984
G1 X108.935 Y106.403 E34.77419
G1 X108.752 Y106.643 E34.78441
G1 E32.78441 F2400
G92 E0
G1 X106.285 Y91.127 F7800
G1 E2 F2400
;TYPE:Top solid infill
;WIDTH:0.400191
G1 F900
G1 X107.58 Y92.422 E2.05441
G1 X108.058 Y92.933 E2.0752
G1 X108.503 Y93.475 E2.09603
G1 X108.912 Y94.045 E2.11687
G1 X109.264 Y94.611 E2.13667
G1 X105.389 Y90.736 E2.29947
G1 X104.741 Y90.387 E2.32133
G1 X104.364 Y90.216 E2.33363
G1 X109.784 Y95.636 E2.56134
G1 X109.902 Y95.898 E2.56988
G1 X110.121 Y96.479 E2.58833
G1 X103.521 Y89.879 E2.86561
G1 X102.788 Y89.651 E2.88841
G1 X110.349 Y97.212 E3.20607
G1 X110.504 Y97.872 E3.22621
G1 X102.128 Y89.496 E3.57811
G1 X101.52 Y89.393 E3.59643
G1 X110.607 Y98.48 E3.9782
G1 X110.671 Y99.05 E3.99524
G1 X100.95 Y89.329 E4.40364
G1 X100.411 Y89.295 E4.41968
G1 X110.705 Y99.589 E4.85215
G1 X110.715 Y100.104 E4.86745
G1 X99.896 Y89.285 E5.32198
G1 X99.406 Y89.301 E5.33654
G1 X110.699 Y100.594 E5.81099
G1 X110.66 Y101.06 E5.82488
G1 X98.94 Y89.34 E6.31726
G1 X98.487 Y89.392 E6.33081
G1 X110.608 Y101.513 E6.84004
G1 X110.536 Y101.947 E6.85311
G1 X98.053 Y89.464 E7.37755
G1 X97.636 Y89.552 E7.39021
G1 X110.448 Y102.364 E7.92847
G1 X110.353 Y102.774 E7.94097
G1 X97.226 Y89.647 E8.49247
G1 X96.838 Y89.765 E8.50452
G1 X110.235 Y103.162 E9.06736
G1 X110.112 Y103.544 E9.07928
G1 X96.456 Y89.888 E9.653
G1 X96.089 Y90.026 E9.66465
G1 X109.974 Y103.911 E10.24799
G1 X109.827 Y104.269 E10.25949
G1 X95.731 Y90.173 E10.8517
G1 X95.384 Y90.331 E10.86303
G1 X109.669 Y104.616 E11.46318
G1 X109.5 Y104.952 E11.47435
G1 X95.048 Y90.5 E12.08151
G1 X94.718 Y90.676 E12.09262
G1 X109.324 Y105.282 E12.70625
G1 X109.134 Y105.597 E12.71718
G1 X94.403 Y90.866 E13.33606
G1 X94.091 Y91.06 E13.34697
G1 X108.94 Y105.909 E13.97081
G1 X108.732 Y106.206 E13.98158
G1 X93.794 Y91.268 E14.60916
G1 X93.5 Y91.479 E14.61991
G1 X108.521 Y106.5 E15.25098
G1 X108.295 Y106.779 E15.26165
G1 X93.221 Y91.705 E15.89494
G1 X92.944 Y91.933 E15.9056
G1 X108.067 Y107.056 E16.54095
G1 X107.823 Y107.318 E16.55159
G1 X92.682 Y92.177 E17.1877
G1 X92.421 Y92.421 E17.19831
G1 X107.579 Y107.579 E17.83513
G1 X107.318 Y107.823 E17.84574
G1 X92.177 Y92.682 E18.48185
G1 X91.933 Y92.944 E18.49249
G1 X107.056 Y108.067 E19.12784
G1 X106.779 Y108.295 E19.1385
G1 X91.705 Y93.221 E19.77179
G1 X91.479 Y93.5 E19.78246
G1 X106.5 Y108.521 E20.41353
G1 X106.206 Y108.732 E20.42428
G1 X91.268 Y93.794 E21.05186
G1 X91.06 Y94.091 E21.06263
G1 X105.909 Y108.94 E21.68647
G1 X105.597 Y109.134 E21.69738
G1 X90.866 Y94.403 E22.31626
G1 X90.676 Y94.718 E22.32719
G1 X105.282 Y109.324 E22.94082
G1 X104.952 Y109.5 E22.95193
G1 X90.5 Y95.048 E23.55909
G1 X90.331 Y95.384 E23.57026
G1 X104.616 Y109.669 E24.17041
G1 X104.269 Y109.827 E24.18174
G1 X90.173 Y95.731 E24.77395
G1 X90.026 Y96.089 E24.78545
G1 X103.911 Y109.974 E25.36879
G1 X103.544 Y110.112 E25.38044
G1 X89.888 Y96.456 E25.95416
G1 X89.765 Y96.838 E25.96608
G1 X103.162 Y110.235 E26.52892
G1 X102.774 Y110.353 E26.54097
G1 X89.647 Y97.226 E27.09247
G1 X89.552 Y97.636 E27.10497
G1 X102.364 Y110.448 E27.64323
G1 X101.947 Y110.536 E27.65589
G1 X89.464 Y98.053 E28.18033
G1 X89.392 Y98.487 E28.1934
G1 X101.513 Y110.608 E28.70263
G1 X101.06 Y110.66 E28.71618
G1 X89.34 Y98.94 E29.20856
G1 X89.301 Y99.407 E29.22248
G1 X100.593 Y110.699 E29.69688
G1 X100.104 Y110.715 E29.71141
G1 X89.285 Y99.896 E30.16594
G1 X89.295 Y100.411 E30.18124
G1 X99.589 Y110.705 E30.61371
G1 X99.05 Y110.671 E30.62975
G1 X89.329 Y100.95 E31.03815
G1 X89.394 Y101.52 E31.05519
G1 X98.48 Y110.606 E31.43691
G1 X97.872 Y110.504 E31.45522
G1 X89.496 Y102.128 E31.80712
G1 X89.651 Y102.788 E31.82726
G1 X97.212 Y110.349 E32.14492
G1 X96.479 Y110.121 E32.16772
G1 X89.879 Y103.521 E32.445
G1 X90.098 Y104.102 E32.46345
G1 X90.217 Y104.364 E32.472
G1 X95.636 Y109.783 E32.69966
G1 X95.259 Y109.613 E32.71195
G1 X94.611 Y109.264 E32.73381
G1 X90.339 Y104.992 E32.91329
M106 S252.45
;LAYER_CHANGE
;Z:0.8
;HEIGHT:0.2
G1 Z0.600 F7800
;TYPE:External perimeter
;WIDTH:0.45
G1 F837
G1 Z0.601 X90.045 Y104.909 E32.92047
G1 Z0.603 X89.745 Y104.248 E32.94504
G1 Z0.605 X89.489 Y103.568 E32.96963
G1 Z0.607 X89.278 Y102.873 E32.99422
G1 Z0.609 X89.113 Y102.165 E33.01883
G1 Z0.611 X88.995 Y101.449 E33.04339
G1 Z0.613 X88.924 Y100.726 E33.06798
G1 Z0.615 X88.9 Y100 E33.09257
G1 Z0.617 X88.924 Y99.274 E33.11716
G1 Z0.619 X88.995 Y98.551 E33.14175
G1 Z0.621 X89.113 Y97.835 E33.16631
G1 Z0.624 X89.278 Y97.127 E33.19092
G1 Z0.626 X89.489 Y96.432 E33.21551
G1 Z0.628 X89.745 Y95.752 E33.2401
G1 Z0.630 X90.045 Y95.091 E33.26467
G1 Z0.632 X90.387 Y94.45 E33.28926
G1 Z0.634 X90.771 Y93.833 E33.31386
G1 Z0.636 X91.194 Y93.243 E33.33843
G1 Z0.638 X91.655 Y92.681 E33.36303
G1 Z0.640 X92.151 Y92.151 E33.3876
G1 Z0.642 X92.681 Y91.655 E33.41217
G1 Z0.644 X93.243 Y91.194 E33.43677
G1 Z0.646 X93.833 Y90.771 E33.46134
G1 Z0.649 X94.45 Y90.387 E33.48594
G1 Z0.651 X95.091 Y90.045 E33.51053
G1 Z0.653 X95.752 Y89.745 E33.5351
G1 Z0.655 X96.432 Y89.489 E33.55969
G1 Z0.657 X97.127 Y89.278 E33.58428
G1 Z0.659 X97.835 Y89.113 E33.60889
G1 Z0.661 X98.551 Y88.995 E33.63345
G1 Z0.663 X99.273 Y88.924 E33.65801
G1 Z0.665 X100.075 Y88.902 E33.68517
G1 Z0.667 X100.726 Y88.924 E33.70722
G1 Z0.669 X101.449 Y88.995 E33.73181
G1 Z0.671 X102.165 Y89.113 E33.75637
G1 Z0.674 X102.873 Y89.278 E33.78098
G1 Z0.676 X103.568 Y89.489 E33.80557
G1 Z0.678 X104.248 Y89.745 E33.83016
G1 Z0.680 X104.909 Y90.045 E33.85473
G1 Z0.682 X105.55 Y90.387 E33.87932
G1 Z0.684 X106.167 Y90.771 E33.90392
G1 Z0.686 X106.757 Y91.194 E33.92849
G1 Z0.688 X107.319 Y91.655 E33.95309
G1 Z0.690 X107.849 Y92.151 E33.97766
G1 Z0.692 X108.345 Y92.681 E34.00223
G1 Z0.694 X108.806 Y93.243 E34.02683
G1 Z0.696 X109.229 Y93.833 E34.0514
G1 Z0.699 X109.613 Y94.45 E34.076
G1 Z0.701 X109.955 Y95.091 E34.10059
G1 Z0.703 X110.255 Y95.752 E34.12516
G1 Z0.705 X110.511 Y96.432 E34.14975
G1 Z0.707 X110.722 Y97.127 E34.17434
G1 Z0.709 X110.887 Y97.835 E34.19895
G1 Z0.711 X111.005 Y98.551 E34.22351
G1 Z0.713 X111.076 Y99.274 E34.2481
G1 Z0.715 X111.1 Y100 E34.27269
G1 Z0.717 X111.076 Y100.726 E34.29728
G1 Z0.719 X111.005 Y101.449 E34.32187
G1 Z0.721 X110.887 Y102.165 E34.34643
G1 Z0.724 X110.722 Y102.873 E34.37104
G1 Z0.726 X110.511 Y103.568 E34.39563
G1 Z0.728 X110.255 Y104.248 E34.42022
G1 Z0.730 X109.955 Y104.909 E34.44479
G1 Z0.732 X109.613 Y105.55 E34.46938
G1 Z0.734 X109.229 Y106.167 E34.49398
G1 Z0.736 X108.806 Y106.757 E34.51855
G1 Z0.738 X108.345 Y107.319 E34.54315
G1 Z0.740 X107.849 Y107.849 E34.56772
G1 Z0.742 X107.319 Y108.345 E34.59229
G1 Z0.744 X106.757 Y108.806 E34.61689
G1 Z0.746 X106.167 Y109.229 E34.64146
G1 Z0.749 X105.55 Y109.613 E34.66606
G1 Z0.751 X104.909 Y109.955 E34.69065
G1 Z0.753 X104.248 Y110.255 E34.71522
G1 Z0.755 X103.568 Y110.511 E34.73981
G1 Z0.757 X102.873 Y110.722 E34.7644
G1 Z0.759 X102.165 Y110.887 E34.78901
G1 Z0.761 X101.449 Y111.005 E34.81357
G1 Z0.763 X100.726 Y111.076 E34.83816
G1 Z0.765 X100 Y111.1 E34.86275
G1 Z0.767 X99.274 Y111.076 E34.88734
G1 Z0.769 X98.551 Y111.005 E34.91193
G1 Z0.771 X97.835 Y110.887 E34.93649
G1 Z0.774 X97.127 Y110.722 E34.9611
G1 Z0.776 X96.432 Y110.511 E34.98569
G1 Z0.778 X95.752 Y110.255 E35.01028
G1 Z0.780 X95.091 Y109.955 E35.03485
G1 Z0.782 X94.45 Y109.613 E35.05944
G1 Z0.784 X93.833 Y109.229 E35.08404
G1 Z0.786 X93.243 Y108.806 E35.10861
G1 Z0.788 X92.681 Y108.345 E35.13321
G1 Z0.790 X92.151 Y107.849 E35.15778
G1 Z0.792 X91.655 Y107.319 E35.18235
G1 Z0.794 X91.194 Y106.757 E35.20695
G1 Z0.796 X90.771 Y106.167 E35.23152
G1 Z0.799 X90.387 Y105.55 E35.25612
G1 Z0.800 X90.145 Y105.096 E35.27353
;LAYER_CHANGE
;Z:1
;HEIGHT:0.2
G1 Z0.800 F7800
G1 F845
G1 Z0.801 X89.943 Y104.96 E35.28081
G1 Z0.803 X89.64 Y104.291 E35.30567
G1 Z0.805 X89.381 Y103.605 E35.33049
G1 Z0.807 X89.168 Y102.902 E35.35535
G1 Z0.809 X89.002 Y102.188 E35.38016
G1 Z0.811 X88.882 Y101.464 E35.405
G1 Z0.813 X88.81 Y100.733 E35.42986
G1 Z0.815 X88.793 Y100.22 E35.44723
G1 Z0.817 X88.81 Y99.265 E35.47956
G1 Z0.819 X88.882 Y98.536 E35.50436
G1 Z0.821 X89.002 Y97.812 E35.5292
G1 Z0.824 X89.168 Y97.098 E35.55401
G1 Z0.826 X89.381 Y96.395 E35.57887
G1 Z0.828 X89.64 Y95.709 E35.60369
G1 Z0.830 X89.943 Y95.04 E35.62855
G1 Z0.832 X90.289 Y94.393 E35.65339
G1 Z0.834 X90.676 Y93.77 E35.67822
G1 Z0.836 X91.103 Y93.173 E35.70306
G1 Z0.838 X91.569 Y92.606 E35.7279
G1 Z0.840 X92.071 Y92.071 E35.75273
G1 Z0.842 X92.606 Y91.569 E35.77756
G1 Z0.844 X93.173 Y91.103 E35.8024
G1 Z0.846 X93.77 Y90.676 E35.82724
G1 Z0.849 X94.393 Y90.289 E35.85207
G1 Z0.851 X95.04 Y89.943 E35.87691
G1 Z0.853 X95.709 Y89.64 E35.90177
G1 Z0.855 X96.395 Y89.381 E35.92659
G1 Z0.857 X97.098 Y89.168 E35.95145
G1 Z0.859 X97.812 Y89.002 E35.97626
G1 Z0.861 X98.536 Y88.882 E36.0011
G1 Z0.863 X99.267 Y88.81 E36.02596
G1 Z0.865 X100 Y88.786 E36.05078
G1 Z0.867 X100.513 Y88.803 E36.06815
G1 Z0.869 X101.465 Y88.882 E36.10048
G1 Z0.871 X102.188 Y89.002 E36.12529
G1 Z0.874 X102.902 Y89.168 E36.1501
G1 Z0.876 X103.605 Y89.381 E36.17496
G1 Z0.878 X104.291 Y89.64 E36.19978
G1 Z0.880 X104.96 Y89.943 E36.22464
G1 Z0.882 X105.607 Y90.289 E36.24948
G1 Z0.884 X106.23 Y90.676 E36.27431
G1 Z0.886 X106.827 Y91.103 E36.29915
G1 Z0.888 X107.394 Y91.569 E36.32399
G1 Z0.890 X107.929 Y92.071 E36.34882
G1 Z0.892 X108.431 Y92.606 E36.37365
G1 Z0.894 X108.897 Y93.173 E36.39849
G1 Z0.896 X109.324 Y93.77 E36.42333
G1 Z0.899 X109.711 Y94.393 E36.44816
G1 Z0.901 X110.057 Y95.04 E36.473
G1 Z0.903 X110.36 Y95.709 E36.49786
G1 Z0.905 X110.619 Y96.395 E36.52268
G1 Z0.907 X110.832 Y97.098 E36.54754
G1 Z0.909 X110.998 Y97.812 E36.57235
G1 Z0.911 X111.118 Y98.536 E36.59719
G1 Z0.913 X111.19 Y99.267 E36.62205
G1 Z0.915 X111.207 Y99.78 E36.63942
G1 Z0.917 X111.19 Y100.735 E36.67175
G1 Z0.919 X111.118 Y101.464 E36.69655
G1 Z0.921 X110.998 Y102.188 E36.72139
G1 Z0.924 X110.832 Y102.902 E36.7462
G1 Z0.926 X110.619 Y103.605 E36.77106
G1 Z0.928 X110.36 Y104.291 E36.79588
G1 Z0.930 X110.057 Y104.96 E36.82074
G1 Z0.932 X109.711 Y105.607 E36.84558
G1 Z0.934 X109.324 Y106.23 E36.87041
G1 Z0.936 X108.897 Y106.827 E36.89525
G1 Z0.938 X108.431 Y107.394 E36.92009
G1 Z0.940 X107.929 Y107.929 E36.94492
G1 Z0.942 X107.394 Y108.431 E36.96975
G1 Z0.944 X106.827 Y108.897 E36.99459
G1 Z0.946 X106.23 Y109.324 E37.01943
G1 Z0.949 X105.607 Y109.711 E37.04426
G1 Z0.951 X104.96 Y110.057 E37.0691
G1 Z0.953 X104.291 Y110.36 E37.09396
G1 Z0.955 X103.605 Y110.619 E37.11878
G1 Z0.957 X102.902 Y110.832 E37.14364
G1 Z0.959 X102.188 Y110.998 E37.16845
G1 Z0.961 X101.464 Y111.118 E37.19329
G1 Z0.963 X100.733 Y111.19 E37.21815
G1 Z0.965 X100.22 Y111.207 E37.23552
G1 Z0.967 X99.265 Y111.19 E37.26785
G1 Z0.969 X98.536 Y111.118 E37.29265
G1 Z0.971 X97.812 Y110.998 E37.31749
G1 Z0.974 X97.098 Y110.832 E37.3423
G1 Z0.976 X96.395 Y110.619 E37.36716
G1 Z0.978 X95.709 Y110.36 E37.39198
G1 Z0.980 X95.04 Y110.057 E37.41684
G1 Z0.982 X94.393 Y109.711 E37.44168
G1 Z0.984 X93.77 Y109.324 E37.46651
G1 Z0.986 X93.173 Y108.897 E37.49135
G1 Z0.988 X92.606 Y108.431 E37.51619
G1 Z0.990 X92.071 Y107.929 E37.54102
G1 Z0.992 X91.569 Y107.394 E37.56585
G1 Z0.994 X91.103 Y106.827 E37.59069
G1 Z0.996 X90.676 Y106.23 E37.61553
G1 Z0.999 X90.289 Y105.607 E37.64036
G1 Z1.000 X90.044 Y105.15 E37.65791
;LAYER_CHANGE
;Z:1.2
;HEIGHT:0.2
G1 Z1.000 F7800
G1 F854
G1 Z1.001 X89.833 Y105.014 E37.66533
G1 Z1.003 X89.527 Y104.338 E37.69045
G1 Z1.005 X89.266 Y103.644 E37.71555
G1 Z1.007 X89.05 Y102.934 E37.74067
G1 Z1.009 X88.882 Y102.211 E37.76579
G1 Z1.011 X88.761 Y101.48 E37.79087
G1 Z1.013 X88.688 Y100.741 E37.81601
G1 Z1.015 X88.664 Y100 E37.84111
G1 Z1.017 X88.688 Y99.259 E37.86621
G1 Z1.019 X88.761 Y98.52 E37.89135
G1 Z1.021 X88.882 Y97.788 E37.91646
G1 Z1.024 X89.05 Y97.066 E37.94155
G1 Z1.026 X89.266 Y96.356 E37.96667
G1 Z1.028 X89.527 Y95.662 E37.99177
G1 Z1.030 X89.833 Y94.986 E38.01689
G1 Z1.032 X90.183 Y94.332 E38.042
G1 Z1.034 X90.575 Y93.702 E38.06712
G1 Z1.036 X91.007 Y93.099 E38.09223
G1 Z1.038 X91.477 Y92.526 E38.11732
G1 Z1.040 X91.984 Y91.984 E38.14244
G1 Z1.042 X92.526 Y91.477 E38.16756
G1 Z1.044 X93.099 Y91.007 E38.19265
G1 Z1.046 X93.702 Y90.575 E38.21776
G1 Z1.049 X94.332 Y90.183 E38.24288
G1 Z1.051 X94.986 Y89.833 E38.26799
G1 Z1.053 X95.662 Y89.527 E38.29311
G1 Z1.055 X96.356 Y89.266 E38.31821
G1 Z1.057 X97.066 Y89.05 E38.34333
G1 Z1.059 X97.789 Y88.882 E38.36845
G1 Z1.061 X98.52 Y88.761 E38.39353
G1 Z1.063 X99.257 Y88.689 E38.4186
G1 Z1.066 X100.228 Y88.672 E38.45147
G1 Z1.067 X100.741 Y88.688 E38.46884
G1 Z1.069 X101.48 Y88.761 E38.49398
G1 Z1.071 X102.212 Y88.882 E38.51909
G1 Z1.074 X102.934 Y89.05 E38.54418
G1 Z1.076 X103.644 Y89.266 E38.5693
G1 Z1.078 X104.338 Y89.527 E38.5944
G1 Z1.080 X105.014 Y89.833 E38.61952
G1 Z1.082 X105.668 Y90.183 E38.64463
G1 Z1.084 X106.298 Y90.575 E38.66975
G1 Z1.086 X106.901 Y91.007 E38.69486
G1 Z1.088 X107.474 Y91.477 E38.71995
G1 Z1.090 X108.016 Y91.984 E38.74507
G1 Z1.092 X108.523 Y92.526 E38.77019
G1 Z1.094 X108.993 Y93.099 E38.79528
G1 Z1.096 X109.425 Y93.702 E38.82039
G1 Z1.099 X109.817 Y94.332 E38.84551
G1 Z1.101 X110.167 Y94.986 E38.87062
G1 Z1.103 X110.473 Y95.662 E38.89574
G1 Z1.105 X110.734 Y96.356 E38.92084
G1 Z1.107 X110.95 Y97.066 E38.94596
G1 Z1.109 X111.118 Y97.789 E38.97108
G1 Z1.111 X111.239 Y98.52 E38.99616
G1 Z1.113 X111.312 Y99.259 E39.0213
G1 Z1.115 X111.336 Y100 E39.0464
G1 Z1.117 X111.312 Y100.741 E39.0715
G1 Z1.119 X111.239 Y101.48 E39.09664
G1 Z1.121 X111.118 Y102.212 E39.12175
G1 Z1.124 X110.95 Y102.934 E39.14684
G1 Z1.126 X110.734 Y103.644 E39.17196
G1 Z1.128 X110.473 Y104.338 E39.19706
G1 Z1.130 X110.167 Y105.014 E39.22218
G1 Z1.132 X109.817 Y105.668 E39.24729
G1 Z1.134 X109.425 Y106.298 E39.27241
G1 Z1.136 X108.993 Y106.901 E39.29752
G1 Z1.138 X108.523 Y107.474 E39.32261
G1 Z1.140 X108.016 Y108.016 E39.34773
G1 Z1.142 X107.474 Y108.523 E39.37285
G1 Z1.144 X106.901 Y108.993 E39.39794
G1 Z1.146 X106.298 Y109.425 E39.42305
G1 Z1.149 X105.668 Y109.817 E39.44817
G1 Z1.151 X105.014 Y110.167 E39.47328
G1 Z1.153 X104.338 Y110.473 E39.4984
G1 Z1.155 X103.644 Y110.734 E39.5235
G1 Z1.157 X102.934 Y110.95 E39.54862
G1 Z1.159 X102.211 Y111.118 E39.57374
G1 Z1.161 X101.48 Y111.239 E39.59882
G1 Z1.163 X100.741 Y111.312 E39.62396
G1 Z1.165 X100 Y111.336 E39.64906
G1 Z1.167 X99.259 Y111.312 E39.67416
G1 Z1.169 X98.52 Y111.239 E39.6993
G1 Z1.171 X97.788 Y111.118 E39.72441
G1 Z1.174 X97.066 Y110.95 E39.7495
G1 Z1.176 X96.356 Y110.734 E39.77462
G1 Z1.178 X95.662 Y110.473 E39.79972
G1 Z1.180 X94.986 Y110.167 E39.82484
G1 Z1.182 X94.332 Y109.817 E39.84995
G1 Z1.184 X93.702 Y109.425 E39.87507
G1 Z1.186 X93.099 Y108.993 E39.90018
G1 Z1.188 X92.526 Y108.523 E39.92527
G1 Z1.190 X91.984 Y108.016 E39.95039
G1 Z1.192 X91.477 Y107.474 E39.97551
G1 Z1.194 X91.007 Y106.901 E40.0006
G1 Z1.196 X90.575 Y106.298 E40.02571
G1 Z1.199 X90.183 Y105.668 E40.05083
G1 Z1.200 X89.937 Y105.207 E40.06852
;LAYER_CHANGE
;Z:1.4
;HEIGHT:0.2
G1 Z1.200 F7800
G1 F864
G1 Z1.201 X89.717 Y105.071 E40.07608
G1 Z1.203 X89.407 Y104.388 E40.10147
G1 Z1.205 X89.143 Y103.686 E40.12686
G1 Z1.207 X88.925 Y102.968 E40.15226
G1 Z1.209 X88.755 Y102.237 E40.17766
G1 Z1.211 X88.632 Y101.497 E40.20305
G1 Z1.213 X88.559 Y100.75 E40.22846
G1 Z1.215 X88.537 Y100.075 E40.25132
G1 Z1.217 X88.559 Y99.249 E40.27929
G1 Z1.219 X88.632 Y98.503 E40.30466
G1 Z1.221 X88.755 Y97.763 E40.33005
G1 Z1.224 X88.925 Y97.032 E40.35545
G1 Z1.226 X89.143 Y96.314 E40.38085
G1 Z1.228 X89.407 Y95.612 E40.40624
G1 Z1.230 X89.717 Y94.929 E40.43163
G1 Z1.232 X90.07 Y94.267 E40.45702
G1 Z1.234 X90.467 Y93.63 E40.48243
G1 Z1.236 X90.904 Y93.02 E40.50783
G1 Z1.238 X91.38 Y92.44 E40.53323
G1 Z1.240 X91.892 Y91.892 E40.55862
G1 Z1.242 X92.44 Y91.38 E40.58401
G1 Z1.244 X93.02 Y90.904 E40.60941
G1 Z1.246 X93.569 Y90.51 E40.63228
G1 Z1.249 X94.268 Y90.07 E40.66024
G1 Z1.251 X94.929 Y89.717 E40.6856
G1 Z1.253 X95.612 Y89.407 E40.71099
G1 Z1.255 X96.314 Y89.143 E40.73638
G1 Z1.257 X97.032 Y88.925 E40.76178
G1 Z1.259 X97.763 Y88.755 E40.78718
G1 Z1.261 X98.503 Y88.632 E40.81257
G1 Z1.263 X99.25 Y88.559 E40.83798
G1 Z1.265 X100 Y88.534 E40.86338
G1 Z1.267 X100.675 Y88.556 E40.88624
G1 Z1.269 X101.497 Y88.632 E40.91418
G1 Z1.271 X102.237 Y88.755 E40.93957
G1 Z1.274 X102.968 Y88.925 E40.96497
G1 Z1.276 X103.686 Y89.143 E40.99037
G1 Z1.278 X104.388 Y89.407 E41.01576
G1 Z1.280 X105.071 Y89.717 E41.04115
G1 Z1.282 X105.733 Y90.07 E41.06654
G1 Z1.284 X106.37 Y90.467 E41.09195
G1 Z1.286 X106.98 Y90.904 E41.11735
G1 Z1.288 X107.56 Y91.38 E41.14275
G1 Z1.290 X108.108 Y91.892 E41.16814
G1 Z1.292 X108.62 Y92.44 E41.19353
G1 Z1.294 X109.096 Y93.02 E41.21893
G1 Z1.296 X109.49 Y93.569 E41.2418
G1 Z1.299 X109.93 Y94.268 E41.26976
G1 Z1.301 X110.283 Y94.929 E41.29512
G1 Z1.303 X110.593 Y95.612 E41.32051
G1 Z1.305 X110.857 Y96.314 E41.3459
G1 Z1.307 X111.075 Y97.032 E41.3713
G1 Z1.309 X111.245 Y97.763 E41.3967
G1 Z1.311 X111.368 Y98.503 E41.42209
G1 Z1.313 X111.441 Y99.25 E41.4475
G1 Z1.315 X111.463 Y99.925 E41.47036
G1 Z1.317 X111.441 Y100.751 E41.49833
G1 Z1.319 X111.368 Y101.497 E41.5237
G1 Z1.321 X111.245 Y102.237 E41.54909
G1 Z1.324 X111.075 Y102.968 E41.57449
G1 Z1.326 X110.857 Y103.686 E41.59989
G1 Z1.328 X110.593 Y104.388 E41.62528
G1 Z1.330 X110.283 Y105.071 E41.65067
G1 Z1.332 X109.93 Y105.733 E41.67606
G1 Z1.334 X109.533 Y106.37 E41.70147
G1 Z1.336 X109.096 Y106.98 E41.72687
G1 Z1.338 X108.62 Y107.56 E41.75227
G1 Z1.340 X108.108 Y108.108 E41.77766
G1 Z1.342 X107.56 Y108.62 E41.80305
G1 Z1.344 X106.98 Y109.096 E41.82845
G1 Z1.346 X106.431 Y109.49 E41.85132
G1 Z1.349 X105.732 Y109.93 E41.87928
G1 Z1.351 X105.071 Y110.283 E41.90464
G1 Z1.353 X104.388 Y110.593 E41.93003
G1 Z1.355 X103.686 Y110.857 E41.95542
G1 Z1.357 X102.968 Y111.075 E41.98082
G1 Z1.359 X102.237 Y111.245 E42.00622
G1 Z1.361 X101.497 Y111.368 E42.03161
G1 Z1.363 X100.75 Y111.441 E42.05702
G1 Z1.365 X100.075 Y111.463 E42.07988
G1 Z1.367 X99.249 Y111.441 E42.10785
G1 Z1.369 X98.503 Y111.368 E42.13322
G1 Z1.371 X97.763 Y111.245 E42.15861
G1 Z1.374 X97.032 Y111.075 E42.18401
G1 Z1.376 X96.314 Y110.857 E42.20941
G1 Z1.378 X95.612 Y110.593 E42.2348
G1 Z1.380 X94.929 Y110.283 E42.26019
G1 Z1.382 X94.267 Y109.93 E42.28558
G1 Z1.384 X93.63 Y109.533 E42.31099
G1 Z1.386 X93.02 Y109.096 E42.33639
G1 Z1.388 X92.44 Y108.62 E42.36179
G1 Z1.390 X91.892 Y108.108 E42.38718
G1 Z1.392 X91.38 Y107.56 E42.41257
G1 Z1.394 X90.904 Y106.98 E42.43797
G1 Z1.396 X90.51 Y106.431 E42.46084
G1 Z1.399 X90.07 Y105.732 E42.4888
G1 Z1.400 X89.822 Y105.268 E42.50661
;LAYER_CHANGE
;Z:1.6
;HEIGHT:0.2
G1 Z1.400 F7800
G1 F875
G1 Z1.401 X89.587 Y105.135 E42.51433
G1 Z1.403 X89.274 Y104.443 E42.54004
G1 Z1.405 X89.006 Y103.732 E42.56576
G1 Z1.407 X88.786 Y103.005 E42.59147
G1 Z1.409 X88.613 Y102.265 E42.61719
G1 Z1.411 X88.489 Y101.515 E42.64292
G1 Z1.413 X88.415 Y100.759 E42.66863
G1 Z1.415 X88.39 Y100 E42.69434
G1 Z1.417 X88.415 Y99.241 E42.72005
G1 Z1.419 X88.489 Y98.485 E42.74576
G1 Z1.421 X88.613 Y97.735 E42.77149
G1 Z1.424 X88.786 Y96.995 E42.79721
G1 Z1.426 X89.006 Y96.268 E42.82292
G1 Z1.428 X89.274 Y95.557 E42.84864
G1 Z1.430 X89.587 Y94.865 E42.87435
G1 Z1.432 X89.945 Y94.195 E42.90006
G1 Z1.434 X90.347 Y93.55 E42.92579
G1 Z1.436 X90.789 Y92.932 E42.95151
G1 Z1.438 X91.271 Y92.345 E42.97722
G1 Z1.440 X91.791 Y91.791 E43.00294
G1 Z1.442 X92.345 Y91.271 E43.02866
G1 Z1.444 X92.932 Y90.789 E43.05437
G1 Z1.446 X93.55 Y90.347 E43.08009
G1 Z1.449 X94.195 Y89.945 E43.10582
G1 Z1.451 X94.865 Y89.587 E43.13153
G1 Z1.453 X95.557 Y89.274 E43.15724
G1 Z1.455 X96.268 Y89.006 E43.18296
G1 Z1.457 X96.995 Y88.786 E43.20867
G1 Z1.459 X97.735 Y88.613 E43.23439
G1 Z1.461 X98.485 Y88.489 E43.26012
G1 Z1.463 X99.241 Y88.415 E43.28583
G1 Z1.465 X100 Y88.39 E43.31154
G1 Z1.466 X100.384 Y88.403 E43.32455
G1 Z1.467 X100.759 Y88.415 E43.33725
G1 Z1.469 X101.515 Y88.489 E43.36296
G1 Z1.471 X102.265 Y88.613 E43.38869
G1 Z1.474 X103.005 Y88.786 E43.41441
G1 Z1.476 X103.732 Y89.006 E43.44012
G1 Z1.478 X104.443 Y89.274 E43.46584
G1 Z1.480 X105.135 Y89.587 E43.49155
G1 Z1.482 X105.805 Y89.945 E43.51726
G1 Z1.484 X106.45 Y90.347 E43.54299
G1 Z1.486 X107.068 Y90.789 E43.56871
G1 Z1.488 X107.655 Y91.271 E43.59442
G1 Z1.490 X108.209 Y91.791 E43.62014
G1 Z1.492 X108.729 Y92.345 E43.64586
G1 Z1.494 X109.211 Y92.932 E43.67157
G1 Z1.496 X109.653 Y93.55 E43.69729
G1 Z1.499 X110.055 Y94.195 E43.72302
G1 Z1.501 X110.413 Y94.865 E43.74873
G1 Z1.502 X110.571 Y95.215 E43.76173
G1 Z1.503 X110.726 Y95.557 E43.77444
G1 Z1.505 X110.994 Y96.268 E43.80016
G1 Z1.507 X111.214 Y96.995 E43.82587
G1 Z1.509 X111.387 Y97.735 E43.85159
G1 Z1.511 X111.511 Y98.485 E43.87732
G1 Z1.513 X111.585 Y99.241 E43.90303
G1 Z1.515 X111.61 Y100 E43.92874
G1 Z1.517 X111.585 Y100.759 E43.95445
G1 Z1.519 X111.511 Y101.515 E43.98016
G1 Z1.521 X111.387 Y102.265 E44.00589
G1 Z1.524 X111.214 Y103.005 E44.03161
G1 Z1.526 X110.994 Y103.732 E44.05732
G1 Z1.528 X110.726 Y104.443 E44.08304
G1 Z1.530 X110.413 Y105.135 E44.10875
G1 Z1.532 X110.055 Y105.805 E44.13446
G1 Z1.534 X109.653 Y106.45 E44.16019
G1 Z1.536 X109.211 Y107.068 E44.18591
G1 Z1.538 X108.729 Y107.655 E44.21162
G1 Z1.540 X108.209 Y108.209 E44.23734
G1 Z1.542 X107.655 Y108.729 E44.26306
G1 Z1.544 X107.068 Y109.211 E44.28877
G1 Z1.546 X106.45 Y109.653 E44.31449
G1 Z1.549 X105.805 Y110.055 E44.34022
G1 Z1.551 X105.135 Y110.413 E44.36593
G1 Z1.553 X104.443 Y110.726 E44.39164
G1 Z1.555 X103.732 Y110.994 E44.41736
G1 Z1.557 X103.005 Y111.214 E44.44307
G1 Z1.559 X102.265 Y111.387 E44.46879
G1 Z1.561 X101.515 Y111.511 E44.49452
G1 Z1.563 X100.759 Y111.585 E44.52023
G1 Z1.565 X100 Y111.61 E44.54594
G1 Z1.567 X99.241 Y111.585 E44.57165
G1 Z1.569 X98.485 Y111.511 E44.59736
G1 Z1.571 X97.735 Y111.387 E44.62309
G1 Z1.574 X96.995 Y111.214 E44.64881
G1 Z1.576 X96.268 Y110.994 E44.67452
G1 Z1.578 X95.557 Y110.726 E44.70024
G1 Z1.580 X94.865 Y110.413 E44.72595
G1 Z1.582 X94.195 Y110.055 E44.75166
G1 Z1.584 X93.55 Y109.653 E44.77739
G1 Z1.586 X92.932 Y109.211 E44.80311
G1 Z1.588 X92.345 Y108.729 E44.82882
G1 Z1.590 X91.791 Y108.209 E44.85454
G1 Z1.592 X91.271 Y107.655 E44.88026
G1 Z1.594 X90.789 Y107.068 E44.90597
G1 Z1.596 X90.347 Y106.45 E44.93169
G1 Z1.599 X89.945 Y105.805 E44.95742
G1 Z1.600 X89.695 Y105.336 E44.97541
;LAYER_CHANGE
;Z:1.8
;HEIGHT:0.2
G1 Z1.600 F7800
G1 F886
G1 Z1.601 X89.453 Y105.201 E44.98331
G1 Z1.603 X89.135 Y104.501 E45.00933
G1 Z1.605 X88.841 Y103.704 E45.03808
G1 Z1.607 X88.641 Y103.044 E45.06142
G1 Z1.609 X88.466 Y102.294 E45.08749
G1 Z1.611 X88.341 Y101.535 E45.11353
G1 Z1.613 X88.265 Y100.769 E45.13959
G1 Z1.615 X88.24 Y100 E45.16563
G1 Z1.617 X88.265 Y99.231 E45.19167
G1 Z1.619 X88.341 Y98.465 E45.21773
G1 Z1.621 X88.466 Y97.706 E45.24377
G1 Z1.624 X88.641 Y96.956 E45.26984
G1 Z1.626 X88.864 Y96.22 E45.29587
G1 Z1.628 X89.135 Y95.5 E45.32191
G1 Z1.630 X89.453 Y94.799 E45.34797
G1 Z1.632 X89.816 Y94.12 E45.37403
G1 Z1.634 X90.222 Y93.466 E45.40009
G1 Z1.636 X90.67 Y92.841 E45.42612
G1 Z1.638 X91.158 Y92.246 E45.45217
G1 Z1.640 X91.684 Y91.684 E45.47823
G1 Z1.642 X92.246 Y91.158 E45.50429
G1 Z1.644 X92.841 Y90.67 E45.53034
G1 Z1.646 X93.466 Y90.222 E45.55637
G1 Z1.649 X94.12 Y89.816 E45.58243
G1 Z1.651 X94.799 Y89.453 E45.60849
G1 Z1.653 X95.499 Y89.135 E45.63451
G1 Z1.655 X96.296 Y88.841 E45.66326
G1 Z1.657 X96.956 Y88.641 E45.6866
G1 Z1.659 X97.706 Y88.466 E45.71267
G1 Z1.661 X98.465 Y88.341 E45.73871
G1 Z1.663 X99.23 Y88.265 E45.76473
G1 Z1.665 X100.079 Y88.243 E45.79348
G1 Z1.667 X100.769 Y88.265 E45.81685
G1 Z1.669 X101.535 Y88.341 E45.84291
G1 Z1.671 X102.294 Y88.466 E45.86895
G1 Z1.674 X103.044 Y88.641 E45.89502
G1 Z1.676 X103.78 Y88.864 E45.92105
G1 Z1.678 X104.5 Y89.135 E45.94709
G1 Z1.680 X105.201 Y89.453 E45.97315
G1 Z1.682 X105.88 Y89.816 E45.99921
G1 Z1.684 X106.534 Y90.222 E46.02527
G1 Z1.686 X107.159 Y90.67 E46.0513
G1 Z1.688 X107.754 Y91.158 E46.07735
G1 Z1.690 X108.316 Y91.684 E46.10341
G1 Z1.692 X108.842 Y92.246 E46.12947
G1 Z1.694 X109.33 Y92.841 E46.15552
G1 Z1.696 X109.778 Y93.466 E46.18155
G1 Z1.699 X110.184 Y94.12 E46.20761
G1 Z1.701 X110.547 Y94.799 E46.23367
G1 Z1.703 X110.865 Y95.499 E46.25969
G1 Z1.705 X111.159 Y96.296 E46.28844
G1 Z1.707 X111.359 Y96.956 E46.31178
G1 Z1.709 X111.534 Y97.706 E46.33785
G1 Z1.711 X111.659 Y98.465 E46.36389
G1 Z1.713 X111.735 Y99.231 E46.38995
G1 Z1.715 X111.76 Y100 E46.41599
G1 Z1.717 X111.735 Y100.769 E46.44203
G1 Z1.719 X111.659 Y101.535 E46.46809
G1 Z1.721 X111.534 Y102.294 E46.49413
G1 Z1.724 X111.359 Y103.044 E46.5202
G1 Z1.726 X111.136 Y103.78 E46.54623
G1 Z1.728 X110.865 Y104.5 E46.57227
G1 Z1.730 X110.547 Y105.201 E46.59833
G1 Z1.732 X110.184 Y105.88 E46.62439
G1 Z1.734 X109.778 Y106.534 E46.65045
G1 Z1.736 X109.33 Y107.159 E46.67648
G1 Z1.738 X108.842 Y107.754 E46.70253
G1 Z1.740 X108.316 Y108.316 E46.72859
G1 Z1.742 X107.754 Y108.842 E46.75465
G1 Z1.744 X107.159 Y109.33 E46.7807
G1 Z1.746 X106.534 Y109.778 E46.80673
G1 Z1.749 X105.88 Y110.184 E46.83279
G1 Z1.751 X105.201 Y110.547 E46.85885
G1 Z1.753 X104.501 Y110.865 E46.88487
G1 Z1.755 X103.704 Y111.159 E46.91362
G1 Z1.757 X103.044 Y111.359 E46.93696
G1 Z1.759 X102.294 Y111.534 E46.96303
G1 Z1.761 X101.535 Y111.659 E46.98907
G1 Z1.763 X100.769 Y111.735 E47.01513
G1 Z1.765 X100 Y111.76 E47.04117
G1 Z1.767 X99.231 Y111.735 E47.06721
G1 Z1.769 X98.465 Y111.659 E47.09327
G1 Z1.771 X97.706 Y111.534 E47.11931
G1 Z1.774 X96.956 Y111.359 E47.14538
G1 Z1.776 X96.22 Y111.136 E47.17141
G1 Z1.778 X95.5 Y110.865 E47.19745
G1 Z1.780 X94.799 Y110.547 E47.22351
G1 Z1.782 X94.12 Y110.184 E47.24957
G1 Z1.784 X93.466 Y109.778 E47.27563
G1 Z1.786 X92.841 Y109.33 E47.30166
G1 Z1.788 X92.246 Y108.842 E47.32771
G1 Z1.790 X91.684 Y108.316 E47.35377
G1 Z1.792 X91.158 Y107.754 E47.37983
G1 Z1.794 X90.67 Y107.159 E47.40588
G1 Z1.796 X90.222 Y106.534 E47.43191
G1 Z1.799 X89.816 Y105.88 E47.45797
G1 Z1.800 X89.563 Y105.407 E47.47613
;LAYER_CHANGE
;Z:2
;HEIGHT:0.2
G1 Z1.800 F7800
G1 F899
G1 Z1.801 X89.305 Y105.274 E47.48422
G1 Z1.803 X88.983 Y104.564 E47.51061
G1 Z1.805 X88.708 Y103.833 E47.53705
G1 Z1.807 X88.481 Y103.086 E47.56348
G1 Z1.809 X88.304 Y102.326 E47.58989
G1 Z1.811 X88.177 Y101.557 E47.61627
G1 Z1.813 X88.1 Y100.78 E47.6427
G1 Z1.815 X88.082 Y100.233 E47.66123
G1 Z1.817 X88.1 Y99.218 E47.69559
G1 Z1.819 X88.177 Y98.443 E47.72195
G1 Z1.821 X88.304 Y97.674 E47.74833
G1 Z1.824 X88.481 Y96.914 E47.77474
G1 Z1.826 X88.708 Y96.167 E47.80117
G1 Z1.828 X88.983 Y95.436 E47.82761
G1 Z1.830 X89.305 Y94.726 E47.854
G1 Z1.832 X89.672 Y94.037 E47.88042
G1 Z1.834 X90.085 Y93.375 E47.90683
G1 Z1.836 X90.539 Y92.74 E47.93325
G1 Z1.838 X91.034 Y92.137 E47.95966
G1 Z1.840 X91.408 Y91.738 E47.97817
G1 Z1.842 X92.138 Y91.033 E48.01252
G1 Z1.844 X92.74 Y90.539 E48.03888
G1 Z1.846 X93.375 Y90.085 E48.0653
G1 Z1.849 X94.037 Y89.672 E48.09171
G1 Z1.851 X94.726 Y89.305 E48.11813
G1 Z1.853 X95.436 Y88.983 E48.14452
G1 Z1.855 X96.167 Y88.708 E48.17096
G1 Z1.857 X96.914 Y88.481 E48.19739
G1 Z1.859 X97.674 Y88.304 E48.2238
G1 Z1.861 X98.443 Y88.177 E48.25018
G1 Z1.863 X99.22 Y88.1 E48.27661
G1 Z1.865 X100 Y88.075 E48.30303
G1 Z1.867 X100.547 Y88.093 E48.32156
G1 Z1.869 X101.558 Y88.177 E48.3559
G1 Z1.871 X102.326 Y88.304 E48.38225
G1 Z1.874 X103.086 Y88.481 E48.40866
G1 Z1.876 X103.833 Y88.708 E48.43509
G1 Z1.878 X104.564 Y88.983 E48.46153
G1 Z1.880 X105.274 Y89.305 E48.48792
G1 Z1.882 X105.963 Y89.672 E48.51434
G1 Z1.884 X106.625 Y90.085 E48.54075
G1 Z1.886 X107.26 Y90.539 E48.56717
G1 Z1.888 X107.863 Y91.034 E48.59358
G1 Z1.890 X108.262 Y91.408 E48.61209
G1 Z1.892 X108.967 Y92.138 E48.64644
G1 Z1.894 X109.461 Y92.74 E48.6728
G1 Z1.896 X109.915 Y93.375 E48.69922
G1 Z1.899 X110.328 Y94.037 E48.72563
G1 Z1.901 X110.695 Y94.726 E48.75205
G1 Z1.903 X111.017 Y95.436 E48.77844
G1 Z1.905 X111.292 Y96.167 E48.80488
G1 Z1.907 X111.519 Y96.914 E48.83131
G1 Z1.909 X111.696 Y97.674 E48.85772
G1 Z1.911 X111.823 Y98.443 E48.8841
G1 Z1.913 X111.9 Y99.22 E48.91053
G1 Z1.915 X111.918 Y99.767 E48.92906
G1 Z1.917 X111.9 Y100.782 E48.96342
G1 Z1.919 X111.823 Y101.557 E48.98978
G1 Z1.921 X111.696 Y102.326 E49.01616
G1 Z1.924 X111.519 Y103.086 E49.04257
G1 Z1.926 X111.292 Y103.833 E49.069
G1 Z1.928 X111.017 Y104.564 E49.09544
G1 Z1.930 X110.695 Y105.274 E49.12183
G1 Z1.932 X110.328 Y105.963 E49.14825
G1 Z1.934 X109.915 Y106.625 E49.17466
G1 Z1.936 X109.461 Y107.26 E49.20108
G1 Z1.938 X108.966 Y107.863 E49.22749
G1 Z1.940 X108.592 Y108.262 E49.246
G1 Z1.942 X107.862 Y108.967 E49.28035
G1 Z1.944 X107.26 Y109.461 E49.30671
G1 Z1.946 X106.625 Y109.915 E49.33313
G1 Z1.949 X105.963 Y110.328 E49.35954
G1 Z1.951 X105.274 Y110.695 E49.38596
G1 Z1.953 X104.564 Y111.017 E49.41235
G1 Z1.955 X103.833 Y111.292 E49.43879
G1 Z1.957 X103.086 Y111.519 E49.46522
G1 Z1.959 X102.326 Y111.696 E49.49163
G1 Z1.961 X101.557 Y111.823 E49.51801
G1 Z1.963 X100.78 Y111.9 E49.54444
G1 Z1.965 X100.233 Y111.918 E49.56297
G1 Z1.967 X99.218 Y111.9 E49.59733
G1 Z1.969 X98.443 Y111.823 E49.62369
G1 Z1.971 X97.674 Y111.696 E49.65007
G1 Z1.974 X96.914 Y111.519 E49.67648
G1 Z1.976 X96.167 Y111.292 E49.70291
G1 Z1.978 X95.436 Y111.017 E49.72935
G1 Z1.980 X94.726 Y110.695 E49.75574
G1 Z1.982 X94.037 Y110.328 E49.78216
G1 Z1.984 X93.375 Y109.915 E49.80857
G1 Z1.986 X92.74 Y109.461 E49.83499
G1 Z1.988 X92.137 Y108.966 E49.8614
G1 Z1.990 X91.738 Y108.592 E49.87991
G1 Z1.992 X91.033 Y107.862 E49.91426
G1 Z1.994 X90.539 Y107.26 E49.94062
G1 Z1.996 X90.085 Y106.625 E49.96704
G1 Z1.999 X89.672 Y105.963 E49.99345
G1 Z2.000 X89.417 Y105.485 E50.01179
;LAYER_CHANGE
;Z:2.2
;HEIGHT:0.2
G1 Z2.000 F7800
G1 F912
G1 Z2.001 X89.148 Y105.352 E50.02004
G1 Z2.003 X88.821 Y104.63 E50.04687
G1 Z2.005 X88.542 Y103.889 E50.07367
G1 Z2.007 X88.312 Y103.132 E50.10045
G1 Z2.009 X88.133 Y102.361 E50.12724
G1 Z2.011 X88.004 Y101.579 E50.15407
G1 Z2.013 X87.926 Y100.791 E50.18087
G1 Z2.015 X87.9 Y100.002 E50.20759
G1 Z2.018 X87.95 Y98.965 E50.24273
G1 Z2.019 X88.004 Y98.421 E50.26123
G1 Z2.021 X88.133 Y97.639 E50.28806
G1 Z2.024 X88.312 Y96.868 E50.31485
G1 Z2.026 X88.542 Y96.111 E50.34163
G1 Z2.028 X88.821 Y95.37 E50.36843
G1 Z2.030 X89.148 Y94.648 E50.39526
G1 Z2.032 X89.521 Y93.95 E50.42205
G1 Z2.034 X89.938 Y93.279 E50.44879
G1 Z2.037 X90.556 Y92.445 E50.48393
G1 Z2.038 X90.903 Y92.022 E50.50245
G1 Z2.040 X91.443 Y91.445 E50.5292
G1 Z2.043 X92.211 Y90.748 E50.56431
G1 Z2.044 X92.634 Y90.4 E50.58285
G1 Z2.046 X93.278 Y89.939 E50.60966
G1 Z2.049 X93.95 Y89.521 E50.63645
G1 Z2.051 X94.648 Y89.148 E50.66324
G1 Z2.053 X95.37 Y88.821 E50.69007
G1 Z2.055 X96.111 Y88.542 E50.71687
G1 Z2.057 X96.868 Y88.312 E50.74365
G1 Z2.059 X97.639 Y88.133 E50.77044
G1 Z2.061 X98.421 Y88.004 E50.79727
G1 Z2.063 X99.207 Y87.926 E50.82401
G1 Z2.066 X100.244 Y87.908 E50.85912
G1 Z2.067 X100.791 Y87.926 E50.87765
G1 Z2.069 X101.579 Y88.004 E50.90445
G1 Z2.071 X102.361 Y88.133 E50.93128
G1 Z2.074 X103.132 Y88.312 E50.95807
G1 Z2.076 X103.889 Y88.542 E50.98485
G1 Z2.078 X104.63 Y88.821 E51.01165
G1 Z2.080 X105.352 Y89.148 E51.03848
G1 Z2.082 X106.05 Y89.521 E51.06527
G1 Z2.084 X106.721 Y89.938 E51.09201
G1 Z2.087 X107.555 Y90.556 E51.12715
G1 Z2.088 X107.978 Y90.903 E51.14567
G1 Z2.090 X108.555 Y91.443 E51.17242
G1 Z2.093 X109.252 Y92.211 E51.20753
G1 Z2.094 X109.6 Y92.634 E51.22607
G1 Z2.096 X110.061 Y93.278 E51.25288
G1 Z2.099 X110.479 Y93.95 E51.27967
G1 Z2.101 X110.852 Y94.648 E51.30646
G1 Z2.103 X111.179 Y95.37 E51.33329
G1 Z2.105 X111.458 Y96.111 E51.36009
G1 Z2.107 X111.688 Y96.868 E51.38687
G1 Z2.109 X111.867 Y97.639 E51.41366
G1 Z2.111 X111.996 Y98.421 E51.44049
G1 Z2.113 X112.074 Y99.209 E51.46729
G1 Z2.115 X112.1 Y99.998 E51.49401
G1 Z2.118 X112.05 Y101.035 E51.52915
G1 Z2.119 X111.996 Y101.579 E51.54765
G1 Z2.121 X111.867 Y102.361 E51.57448
G1 Z2.124 X111.688 Y103.132 E51.60127
G1 Z2.126 X111.458 Y103.889 E51.62805
G1 Z2.128 X111.179 Y104.63 E51.65485
G1 Z2.130 X110.852 Y105.352 E51.68168
G1 Z2.132 X110.479 Y106.05 E51.70847
G1 Z2.134 X110.062 Y106.721 E51.73521
G1 Z2.137 X109.444 Y107.555 E51.77035
G1 Z2.138 X109.097 Y107.978 E51.78887
G1 Z2.140 X108.557 Y108.555 E51.81562
G1 Z2.143 X107.789 Y109.252 E51.85073
G1 Z2.144 X107.366 Y109.6 E51.86927
G1 Z2.146 X106.722 Y110.061 E51.89608
G1 Z2.149 X106.05 Y110.479 E51.92287
G1 Z2.151 X105.352 Y110.852 E51.94966
G1 Z2.153 X104.63 Y111.179 E51.97649
G1 Z2.155 X103.889 Y111.458 E52.00329
G1 Z2.157 X103.132 Y111.688 E52.03007
G1 Z2.159 X102.361 Y111.867 E52.05686
G1 Z2.161 X101.579 Y111.996 E52.08369
G1 Z2.163 X100.791 Y112.074 E52.11049
G1 Z2.165 X100.002 Y112.1 E52.13721
G1 Z2.168 X98.965 Y112.05 E52.17235
G1 Z2.169 X98.421 Y111.996 E52.19085
G1 Z2.171 X97.639 Y111.867 E52.21768
G1 Z2.174 X96.868 Y111.688 E52.24447
G1 Z2.176 X96.111 Y111.458 E52.27125
G1 Z2.178 X95.37 Y111.179 E52.29805
G1 Z2.180 X94.648 Y110.852 E52.32488
G1 Z2.182 X93.95 Y110.479 E52.35167
G1 Z2.184 X93.279 Y110.062 E52.37841
G1 Z2.187 X92.445 Y109.444 E52.41355
G1 Z2.188 X92.022 Y109.097 E52.43207
G1 Z2.190 X91.445 Y108.557 E52.45882
G1 Z2.193 X90.748 Y107.789 E52.49393
G1 Z2.194 X90.4 Y107.366 E52.51247
G1 Z2.196 X89.939 Y106.722 E52.53928
G1 Z2.199 X89.521 Y106.05 E52.56607
G1 Z2.200 X89.263 Y105.567 E52.58461
;LAYER_CHANGE
;Z:2.4
;HEIGHT:0.2
G1 Z2.200 F7800
G1 F926
G1 Z2.201 X88.983 Y105.433 E52.59309
G1 Z2.203 X88.684 Y104.773 E52.61762
G1 Z2.205 X88.368 Y103.948 E52.64752
G1 Z2.207 X88.134 Y103.179 E52.67473
G1 Z2.209 X87.952 Y102.397 E52.70191
G1 Z2.211 X87.821 Y101.603 E52.72915
G1 Z2.213 X87.742 Y100.803 E52.75636
G1 Z2.215 X87.716 Y100 E52.78355
G1 Z2.217 X87.742 Y99.197 E52.81074
G1 Z2.219 X87.821 Y98.397 E52.83795
G1 Z2.221 X87.939 Y97.682 E52.86248
G1 Z2.224 X88.135 Y96.82 E52.8924
G1 Z2.226 X88.368 Y96.051 E52.9196
G1 Z2.228 X88.651 Y95.299 E52.9468
G1 Z2.230 X88.983 Y94.567 E52.97401
G1 Z2.232 X89.362 Y93.858 E53.00122
G1 Z2.234 X89.786 Y93.175 E53.02843
G1 Z2.236 X90.254 Y92.522 E53.05562
G1 Z2.238 X90.764 Y91.9 E53.08285
G1 Z2.240 X91.314 Y91.314 E53.11005
G1 Z2.242 X91.9 Y90.764 E53.13725
G1 Z2.244 X92.522 Y90.254 E53.16448
G1 Z2.246 X93.175 Y89.786 E53.19167
G1 Z2.249 X93.858 Y89.362 E53.21888
G1 Z2.251 X94.567 Y88.983 E53.24609
G1 Z2.253 X95.227 Y88.684 E53.27062
G1 Z2.255 X96.052 Y88.368 E53.30052
G1 Z2.257 X96.821 Y88.134 E53.32773
G1 Z2.259 X97.603 Y87.952 E53.35491
G1 Z2.261 X98.397 Y87.821 E53.38215
G1 Z2.263 X99.197 Y87.742 E53.40936
G1 Z2.265 X100 Y87.716 E53.43655
G1 Z2.267 X100.724 Y87.739 E53.46107
G1 Z2.269 X101.604 Y87.821 E53.49099
G1 Z2.271 X102.397 Y87.952 E53.5182
G1 Z2.274 X103.179 Y88.134 E53.54538
G1 Z2.276 X103.949 Y88.368 E53.57262
G1 Z2.278 X104.701 Y88.651 E53.59982
G1 Z2.280 X105.433 Y88.983 E53.62703
G1 Z2.282 X106.142 Y89.362 E53.65424
G1 Z2.284 X106.825 Y89.786 E53.68145
G1 Z2.286 X107.478 Y90.254 E53.70864
G1 Z2.288 X108.1 Y90.764 E53.73587
G1 Z2.290 X108.686 Y91.314 E53.76307
G1 Z2.292 X109.236 Y91.9 E53.79027
G1 Z2.294 X109.746 Y92.522 E53.8175
G1 Z2.296 X110.214 Y93.175 E53.84469
G1 Z2.299 X110.638 Y93.858 E53.8719
G1 Z2.301 X111.017 Y94.567 E53.89911
G1 Z2.303 X111.316 Y95.227 E53.92364
G1 Z2.305 X111.632 Y96.052 E53.95354
G1 Z2.307 X111.866 Y96.821 E53.98075
G1 Z2.309 X112.048 Y97.603 E54.00793
G1 Z2.311 X112.179 Y98.397 E54.03517
G1 Z2.313 X112.258 Y99.197 E54.06238
G1 Z2.315 X112.284 Y100 E54.08957
G1 Z2.317 X112.258 Y100.803 E54.11676
G1 Z2.319 X112.179 Y101.603 E54.14397
G1 Z2.321 X112.061 Y102.318 E54.1685
G1 Z2.324 X111.865 Y103.18 E54.19842
G1 Z2.326 X111.632 Y103.949 E54.22562
G1 Z2.328 X111.349 Y104.701 E54.25282
G1 Z2.330 X111.017 Y105.433 E54.28003
G1 Z2.332 X110.638 Y106.142 E54.30724
G1 Z2.334 X110.214 Y106.825 E54.33445
G1 Z2.336 X109.746 Y107.478 E54.36164
G1 Z2.338 X109.236 Y108.1 E54.38887
G1 Z2.340 X108.686 Y108.686 E54.41607
G1 Z2.342 X108.1 Y109.236 E54.44327
G1 Z2.344 X107.478 Y109.746 E54.4705
G1 Z2.346 X106.825 Y110.214 E54.49769
G1 Z2.349 X106.142 Y110.638 E54.5249
G1 Z2.351 X105.433 Y111.017 E54.55211
G1 Z2.353 X104.773 Y111.316 E54.57664
G1 Z2.355 X103.948 Y111.632 E54.60654
G1 Z2.357 X103.179 Y111.866 E54.63375
G1 Z2.359 X102.397 Y112.048 E54.66093
G1 Z2.361 X101.603 Y112.179 E54.68817
G1 Z2.363 X100.803 Y112.258 E54.71538
G1 Z2.365 X100 Y112.284 E54.74257
G1 Z2.367 X99.197 Y112.258 E54.76976
G1 Z2.369 X98.397 Y112.179 E54.79697
G1 Z2.371 X97.682 Y112.061 E54.8215
G1 Z2.374 X96.82 Y111.865 E54.85142
G1 Z2.376 X96.051 Y111.632 E54.87862
G1 Z2.378 X95.299 Y111.349 E54.90582
G1 Z2.380 X94.567 Y111.017 E54.93303
G1 Z2.382 X93.858 Y110.638 E54.96024
G1 Z2.384 X93.175 Y110.214 E54.98745
G1 Z2.386 X92.522 Y109.746 E55.01464
G1 Z2.388 X91.9 Y109.236 E55.04187
G1 Z2.390 X91.314 Y108.686 E55.06907
G1 Z2.392 X90.764 Y108.1 E55.09627
G1 Z2.394 X90.254 Y107.478 E55.1235
G1 Z2.396 X89.786 Y106.825 E55.15069
G1 Z2.399 X89.362 Y106.142 E55.1779
G1 Z2.400 X89.101 Y105.654 E55.19663
;LAYER_CHANGE
;Z:2.6
;HEIGHT:0.2
G1 Z2.400 F7800
G1 F941
G1 Z2.401 X88.802 Y105.522 E55.20534
G1 Z2.403 X88.465 Y104.778 E55.23299
G1 Z2.405 X88.177 Y104.013 E55.26066
G1 Z2.407 X87.94 Y103.231 E55.28832
G1 Z2.409 X87.755 Y102.436 E55.31595
G1 Z2.411 X87.622 Y101.63 E55.3436
G1 Z2.413 X87.541 Y100.817 E55.37126
G1 Z2.415 X87.515 Y100 E55.39893
G1 Z2.417 X87.541 Y99.183 E55.4266
G1 Z2.419 X87.622 Y98.37 E55.45426
G1 Z2.421 X87.755 Y97.564 E55.48191
G1 Z2.424 X87.94 Y96.769 E55.50954
G1 Z2.426 X88.177 Y95.987 E55.5372
G1 Z2.428 X88.465 Y95.222 E55.56487
G1 Z2.430 X88.802 Y94.478 E55.59252
G1 Z2.432 X89.187 Y93.757 E55.62019
G1 Z2.434 X89.619 Y93.064 E55.64783
G1 Z2.436 X90.095 Y92.399 E55.67551
G1 Z2.438 X90.613 Y91.768 E55.70314
G1 Z2.440 X91.172 Y91.172 E55.7308
G1 Z2.442 X91.768 Y90.613 E55.75846
G1 Z2.444 X92.399 Y90.095 E55.78609
G1 Z2.446 X93.064 Y89.619 E55.81377
G1 Z2.449 X93.757 Y89.187 E55.84141
G1 Z2.451 X94.478 Y88.802 E55.86908
G1 Z2.453 X95.222 Y88.465 E55.89673
G1 Z2.455 X95.987 Y88.177 E55.9244
G1 Z2.457 X96.769 Y87.94 E55.95206
G1 Z2.459 X97.564 Y87.755 E55.97969
G1 Z2.461 X98.37 Y87.622 E56.00734
G1 Z2.463 X99.183 Y87.541 E56.035
G1 Z2.465 X100 Y87.515 E56.06267
G1 Z2.466 X100.414 Y87.528 E56.07669
G1 Z2.467 X100.817 Y87.541 E56.09034
G1 Z2.469 X101.63 Y87.622 E56.118
G1 Z2.471 X102.436 Y87.755 E56.14565
G1 Z2.474 X103.231 Y87.94 E56.17328
G1 Z2.476 X104.013 Y88.177 E56.20094
G1 Z2.478 X104.778 Y88.465 E56.22861
G1 Z2.480 X105.522 Y88.802 E56.25626
G1 Z2.482 X106.243 Y89.187 E56.28393
G1 Z2.484 X106.936 Y89.619 E56.31157
G1 Z2.486 X107.601 Y90.095 E56.33925
G1 Z2.488 X108.232 Y90.613 E56.36688
G1 Z2.490 X108.828 Y91.172 E56.39454
G1 Z2.492 X109.387 Y91.768 E56.4222
G1 Z2.494 X109.905 Y92.399 E56.44983
G1 Z2.496 X110.381 Y93.064 E56.47751
G1 Z2.499 X110.813 Y93.757 E56.50515
G1 Z2.501 X111.198 Y94.478 E56.53282
G1 Z2.503 X111.535 Y95.222 E56.56047
G1 Z2.505 X111.823 Y95.987 E56.58814
G1 Z2.507 X112.06 Y96.769 E56.6158
G1 Z2.509 X112.245 Y97.564 E56.64343
G1 Z2.511 X112.378 Y98.37 E56.67108
G1 Z2.513 X112.459 Y99.183 E56.69874
G1 Z2.515 X112.485 Y100 E56.72641
G1 Z2.517 X112.459 Y100.817 E56.75408
G1 Z2.519 X112.378 Y101.63 E56.78174
G1 Z2.521 X112.245 Y102.436 E56.80939
G1 Z2.524 X112.06 Y103.231 E56.83702
G1 Z2.526 X111.823 Y104.013 E56.86468
G1 Z2.528 X111.535 Y104.778 E56.89235
G1 Z2.530 X111.198 Y105.522 E56.92
G1 Z2.532 X110.813 Y106.243 E56.94767
G1 Z2.534 X110.381 Y106.936 E56.97531
G1 Z2.536 X109.905 Y107.601 E57.00299
G1 Z2.538 X109.387 Y108.232 E57.03062
G1 Z2.540 X108.828 Y108.828 E57.05828
G1 Z2.542 X108.232 Y109.387 E57.08594
G1 Z2.544 X107.601 Y109.905 E57.11357
G1 Z2.546 X106.936 Y110.381 E57.14125
G1 Z2.549 X106.243 Y110.813 E57.16889
G1 Z2.551 X105.522 Y111.198 E57.19656
G1 Z2.553 X104.778 Y111.535 E57.22421
G1 Z2.555 X104.013 Y111.823 E57.25188
G1 Z2.557 X103.231 Y112.06 E57.27954
G1 Z2.559 X102.436 Y112.245 E57.30717
G1 Z2.561 X101.63 Y112.378 E57.33482
G1 Z2.563 X100.817 Y112.459 E57.36248
G1 Z2.565 X100 Y112.485 E57.39015
G1 Z2.567 X99.183 Y112.459 E57.41782
G1 Z2.569 X98.37 Y112.378 E57.44548
G1 Z2.571 X97.564 Y112.245 E57.47313
G1 Z2.574 X96.769 Y112.06 E57.50076
G1 Z2.576 X95.987 Y111.823 E57.52842
G1 Z2.578 X95.222 Y111.535 E57.55609
G1 Z2.580 X94.478 Y111.198 E57.58374
G1 Z2.582 X93.757 Y110.813 E57.61141
G1 Z2.584 X93.064 Y110.381 E57.63905
G1 Z2.586 X92.399 Y109.905 E57.66673
G1 Z2.588 X91.768 Y109.387 E57.69436
G1 Z2.589 X91.466 Y109.104 E57.70837
G1 Z2.590 X91.172 Y108.828 E57.72202
G1 Z2.592 X90.613 Y108.232 E57.74968
G1 Z2.594 X90.095 Y107.601 E57.77731
G1 Z2.596 X89.619 Y106.936 E57.80499
G1 Z2.599 X89.187 Y106.243 E57.83263
G1 Z2.600 X88.923 Y105.749 E57.85159
;LAYER_CHANGE
;Z:2.8
;HEIGHT:0.2
G1 Z2.600 F7800
G1 F957
G1 Z2.601 X88.616 Y105.614 E57.86052
G1 Z2.603 X88.273 Y104.858 E57.88862
G1 Z2.605 X87.98 Y104.08 E57.91676
G1 Z2.607 X87.739 Y103.285 E57.94488
G1 Z2.609 X87.551 Y102.476 E57.97299
G1 Z2.611 X87.415 Y101.657 E58.00109
G1 Z2.613 X87.334 Y100.83 E58.02922
G1 Z2.615 X87.307 Y100 E58.05733
G1 Z2.617 X87.334 Y99.17 E58.08544
G1 Z2.619 X87.415 Y98.343 E58.11357
G1 Z2.621 X87.551 Y97.524 E58.14167
G1 Z2.624 X87.739 Y96.715 E58.16978
G1 Z2.626 X87.98 Y95.92 E58.1979
G1 Z2.628 X88.273 Y95.142 E58.22604
G1 Z2.630 X88.616 Y94.386 E58.25414
G1 Z2.632 X89.007 Y93.653 E58.28226
G1 Z2.634 X89.446 Y92.948 E58.31037
G1 Z2.636 X89.93 Y92.273 E58.33848
G1 Z2.638 X90.457 Y91.631 E58.36659
G1 Z2.640 X91.025 Y91.025 E58.3947
G1 Z2.642 X91.631 Y90.457 E58.42281
G1 Z2.644 X92.273 Y89.93 E58.45092
G1 Z2.646 X92.948 Y89.446 E58.47903
G1 Z2.649 X93.653 Y89.007 E58.50714
G1 Z2.651 X94.386 Y88.616 E58.53526
G1 Z2.653 X95.142 Y88.273 E58.56336
G1 Z2.655 X95.92 Y87.98 E58.5915
G1 Z2.657 X96.715 Y87.739 E58.61962
G1 Z2.659 X97.524 Y87.551 E58.64773
G1 Z2.661 X98.343 Y87.415 E58.67583
G1 Z2.663 X99.169 Y87.334 E58.70392
G1 Z2.665 X100.086 Y87.31 E58.73497
G1 Z2.667 X100.83 Y87.334 E58.76017
G1 Z2.669 X101.657 Y87.415 E58.7883
G1 Z2.671 X102.476 Y87.551 E58.8164
G1 Z2.674 X103.285 Y87.739 E58.84451
G1 Z2.676 X104.08 Y87.98 E58.87263
G1 Z2.678 X104.858 Y88.273 E58.90077
G1 Z2.680 X105.614 Y88.616 E58.92887
G1 Z2.682 X106.347 Y89.007 E58.95699
G1 Z2.684 X107.052 Y89.446 E58.9851
G1 Z2.686 X107.727 Y89.93 E59.01321
G1 Z2.688 X108.369 Y90.457 E59.04132
G1 Z2.690 X108.975 Y91.025 E59.06943
G1 Z2.692 X109.543 Y91.631 E59.09754
G1 Z2.694 X110.07 Y92.273 E59.12565
G1 Z2.696 X110.554 Y92.948 E59.15376
G1 Z2.699 X110.993 Y93.653 E59.18187
G1 Z2.701 X111.384 Y94.386 E59.20999
G1 Z2.703 X111.727 Y95.142 E59.23809
G1 Z2.705 X112.02 Y95.92 E59.26623
G1 Z2.707 X112.261 Y96.715 E59.29435
G1 Z2.709 X112.449 Y97.524 E59.32246
G1 Z2.711 X112.585 Y98.343 E59.35056
G1 Z2.713 X112.666 Y99.17 E59.37869
G1 Z2.715 X112.693 Y99.999 E59.40677
G1 Z2.718 X112.658 Y100.916 E59.43783
G1 Z2.719 X112.585 Y101.657 E59.46303
G1 Z2.721 X112.449 Y102.476 E59.49113
G1 Z2.724 X112.261 Y103.285 E59.51924
G1 Z2.726 X112.02 Y104.08 E59.54736
G1 Z2.728 X111.727 Y104.858 E59.5755
G1 Z2.730 X111.384 Y105.614 E59.6036
G1 Z2.732 X110.993 Y106.347 E59.63172
G1 Z2.734 X110.554 Y107.052 E59.65983
G1 Z2.736 X110.07 Y107.727 E59.68794
G1 Z2.738 X109.543 Y108.369 E59.71605
G1 Z2.740 X108.975 Y108.975 E59.74416
G1 Z2.742 X108.369 Y109.543 E59.77227
G1 Z2.744 X107.727 Y110.07 E59.80038
G1 Z2.746 X107.052 Y110.554 E59.82849
G1 Z2.749 X106.347 Y110.993 E59.8566
G1 Z2.751 X105.614 Y111.384 E59.88472
G1 Z2.753 X104.858 Y111.727 E59.91282
G1 Z2.755 X104.08 Y112.02 E59.94096
G1 Z2.757 X103.285 Y112.261 E59.96908
G1 Z2.759 X102.476 Y112.449 E59.99719
G1 Z2.761 X101.657 Y112.585 E60.02529
G1 Z2.763 X100.83 Y112.666 E60.05342
G1 Z2.765 X100 Y112.693 E60.08153
G1 Z2.767 X99.17 Y112.666 E60.10964
G1 Z2.769 X98.343 Y112.585 E60.13777
G1 Z2.771 X97.524 Y112.449 E60.16587
G1 Z2.774 X96.715 Y112.261 E60.19398
G1 Z2.776 X95.92 Y112.02 E60.2221
G1 Z2.778 X95.142 Y111.727 E60.25024
G1 Z2.780 X94.386 Y111.384 E60.27834
G1 Z2.782 X93.653 Y110.993 E60.30646
G1 Z2.784 X92.948 Y110.554 E60.33457
G1 Z2.786 X92.273 Y110.07 E60.36268
G1 Z2.788 X91.631 Y109.543 E60.39079
G1 Z2.790 X91.025 Y108.975 E60.4189
G1 Z2.792 X90.457 Y108.369 E60.44701
G1 Z2.794 X89.93 Y107.727 E60.47512
G1 Z2.796 X89.446 Y107.052 E60.50323
G1 Z2.799 X89.007 Y106.347 E60.53134
G1 Z2.800 X88.74 Y105.847 E60.55053
;LAYER_CHANGE
;Z:3
;HEIGHT:0.2
G1 Z2.800 F7800
G1 F974
G1 Z2.801 X88.413 Y105.714 E60.55971
G1 Z2.803 X88.065 Y104.944 E60.58831
G1 Z2.805 X87.767 Y104.153 E60.61692
G1 Z2.807 X87.521 Y103.344 E60.64554
G1 Z2.809 X87.329 Y102.52 E60.67418
G1 Z2.811 X87.192 Y101.686 E60.70279
G1 Z2.813 X87.109 Y100.845 E60.7314
G1 Z2.815 X87.089 Y100.245 E60.75172
G1 Z2.817 X87.109 Y99.155 E60.78862
G1 Z2.819 X87.192 Y98.314 E60.81723
G1 Z2.821 X87.329 Y97.48 E60.84584
G1 Z2.824 X87.521 Y96.656 E60.87448
G1 Z2.826 X87.767 Y95.847 E60.9031
G1 Z2.828 X88.065 Y95.056 E60.93171
G1 Z2.830 X88.413 Y94.286 E60.96031
G1 Z2.832 X88.812 Y93.541 E60.98892
G1 Z2.834 X89.258 Y92.823 E61.01753
G1 Z2.836 X89.751 Y92.135 E61.04618
G1 Z2.838 X90.287 Y91.482 E61.07478
G1 Z2.840 X90.865 Y90.865 E61.1034
G1 Z2.842 X91.482 Y90.287 E61.13202
G1 Z2.844 X92.136 Y89.751 E61.16064
G1 Z2.847 X92.823 Y89.258 E61.18926
G1 Z2.849 X93.541 Y88.812 E61.21787
G1 Z2.851 X94.286 Y88.413 E61.24648
G1 Z2.853 X95.056 Y88.065 E61.27508
G1 Z2.855 X95.847 Y87.767 E61.30369
G1 Z2.857 X96.656 Y87.521 E61.33231
G1 Z2.859 X97.48 Y87.329 E61.36095
G1 Z2.861 X98.314 Y87.192 E61.38956
G1 Z2.863 X99.155 Y87.109 E61.41817
G1 Z2.865 X100 Y87.081 E61.44679
G1 Z2.867 X100.6 Y87.101 E61.46711
G1 Z2.869 X101.686 Y87.192 E61.504
G1 Z2.871 X102.52 Y87.329 E61.53261
G1 Z2.874 X103.344 Y87.521 E61.56125
G1 Z2.876 X104.153 Y87.767 E61.58987
G1 Z2.878 X104.944 Y88.065 E61.61848
G1 Z2.880 X105.714 Y88.413 E61.64708
G1 Z2.882 X106.459 Y88.812 E61.67569
G1 Z2.884 X107.177 Y89.258 E61.7043
G1 Z2.886 X107.865 Y89.751 E61.73295
G1 Z2.888 X108.518 Y90.287 E61.76155
G1 Z2.890 X109.135 Y90.865 E61.79017
G1 Z2.892 X109.713 Y91.482 E61.81879
G1 Z2.894 X110.249 Y92.136 E61.84741
G1 Z2.897 X110.742 Y92.823 E61.87603
G1 Z2.899 X111.188 Y93.541 E61.90464
G1 Z2.901 X111.587 Y94.286 E61.93325
G1 Z2.903 X111.935 Y95.056 E61.96185
G1 Z2.905 X112.233 Y95.847 E61.99046
G1 Z2.907 X112.479 Y96.656 E62.01908
G1 Z2.909 X112.671 Y97.48 E62.04772
G1 Z2.911 X112.808 Y98.314 E62.07633
G1 Z2.913 X112.891 Y99.155 E62.10494
G1 Z2.915 X112.911 Y99.755 E62.12526
G1 Z2.917 X112.891 Y100.845 E62.16216
G1 Z2.919 X112.808 Y101.686 E62.19077
G1 Z2.921 X112.671 Y102.52 E62.21938
G1 Z2.924 X112.479 Y103.344 E62.24802
G1 Z2.926 X112.233 Y104.153 E62.27664
G1 Z2.928 X111.935 Y104.944 E62.30525
G1 Z2.930 X111.587 Y105.714 E62.33385
G1 Z2.932 X111.188 Y106.459 E62.36246
G1 Z2.934 X110.742 Y107.177 E62.39107
G1 Z2.936 X110.249 Y107.865 E62.41972
G1 Z2.938 X109.713 Y108.518 E62.44832
G1 Z2.940 X109.135 Y109.135 E62.47694
G1 Z2.942 X108.518 Y109.713 E62.50556
G1 Z2.944 X107.864 Y110.249 E62.53418
G1 Z2.947 X107.177 Y110.742 E62.5628
G1 Z2.949 X106.459 Y111.188 E62.59141
G1 Z2.951 X105.714 Y111.587 E62.62002
G1 Z2.953 X104.944 Y111.935 E62.64862
G1 Z2.955 X104.153 Y112.233 E62.67723
G1 Z2.957 X103.344 Y112.479 E62.70585
G1 Z2.959 X102.52 Y112.671 E62.73449
G1 Z2.961 X101.686 Y112.808 E62.7631
G1 Z2.963 X100.845 Y112.891 E62.79171
G1 Z2.965 X100.245 Y112.911 E62.81203
G1 Z2.967 X99.155 Y112.891 E62.84893
G1 Z2.969 X98.314 Y112.808 E62.87754
G1 Z2.971 X97.48 Y112.671 E62.90615
G1 Z2.974 X96.656 Y112.479 E62.93479
G1 Z2.976 X95.847 Y112.233 E62.96341
G1 Z2.978 X95.056 Y111.935 E62.99202
G1 Z2.980 X94.286 Y111.587 E63.02062
G1 Z2.982 X93.541 Y111.188 E63.04923
G1 Z2.984 X92.823 Y110.742 E63.07784
G1 Z2.986 X92.135 Y110.249 E63.10649
G1 Z2.988 X91.482 Y109.713 E63.13509
G1 Z2.990 X90.865 Y109.135 E63.16371
G1 Z2.992 X90.287 Y108.518 E63.19233
G1 Z2.994 X89.751 Y107.864 E63.22095
G1 Z2.997 X89.258 Y107.177 E63.24957
G1 Z2.999 X88.812 Y106.459 E63.27818
G1 Z3.000 X88.541 Y105.953 E63.29761
;LAYER_CHANGE
;Z:3.2
;HEIGHT:0.2
G1 Z3.000 F7800
G1 F989
G1 Z3.001 X88.226 Y105.806 E63.30701
G1 Z3.003 X87.872 Y105.024 E63.33607
G1 Z3.005 X87.569 Y104.22 E63.36515
G1 Z3.005 X87.494 Y103.972 E63.37392
G1 Z3.007 X87.32 Y103.398 E63.39422
G1 Z3.009 X87.125 Y102.561 E63.42331
G1 Z3.011 X86.985 Y101.713 E63.4524
G1 Z3.013 X86.901 Y100.859 E63.48145
G1 Z3.015 X86.873 Y100 E63.51054
G1 Z3.017 X86.901 Y99.141 E63.53963
G1 Z3.019 X86.985 Y98.287 E63.56868
G1 Z3.022 X87.125 Y97.439 E63.59777
G1 Z3.024 X87.32 Y96.602 E63.62686
G1 Z3.026 X87.569 Y95.78 E63.65593
G1 Z3.028 X87.872 Y94.976 E63.68501
G1 Z3.030 X88.226 Y94.194 E63.71407
G1 Z3.032 X88.631 Y93.436 E63.74316
G1 Z3.034 X89.085 Y92.707 E63.77223
G1 Z3.036 X89.585 Y92.009 E63.80129
G1 Z3.038 X90.13 Y91.345 E63.83037
G1 Z3.040 X90.718 Y90.718 E63.85947
G1 Z3.042 X91.345 Y90.13 E63.88857
G1 Z3.044 X92.009 Y89.585 E63.91765
G1 Z3.047 X92.707 Y89.085 E63.94671
G1 Z3.049 X93.436 Y88.631 E63.97578
G1 Z3.051 X94.194 Y88.226 E64.00487
G1 Z3.053 X94.976 Y87.872 E64.03393
G1 Z3.055 X95.78 Y87.569 E64.06301
G1 Z3.055 X96.028 Y87.494 E64.07178
G1 Z3.057 X96.602 Y87.32 E64.09208
G1 Z3.059 X97.439 Y87.125 E64.12117
G1 Z3.061 X98.287 Y86.985 E64.15026
G1 Z3.063 X99.141 Y86.901 E64.17931
G1 Z3.065 X100 Y86.873 E64.2084
G1 Z3.066 X100.259 Y86.881 E64.21717
G1 Z3.067 X100.859 Y86.901 E64.23749
G1 Z3.069 X101.713 Y86.985 E64.26654
G1 Z3.072 X102.561 Y87.125 E64.29563
G1 Z3.074 X103.398 Y87.32 E64.32472
G1 Z3.076 X104.22 Y87.569 E64.35379
G1 Z3.078 X105.024 Y87.872 E64.38287
G1 Z3.080 X105.806 Y88.226 E64.41193
G1 Z3.082 X106.564 Y88.631 E64.44102
G1 Z3.084 X107.293 Y89.085 E64.47009
G1 Z3.086 X107.991 Y89.585 E64.49915
G1 Z3.088 X108.655 Y90.13 E64.52823
G1 Z3.090 X109.282 Y90.718 E64.55733
G1 Z3.092 X109.87 Y91.345 E64.58643
G1 Z3.094 X110.415 Y92.009 E64.61551
G1 Z3.097 X110.915 Y92.707 E64.64457
G1 Z3.099 X111.369 Y93.436 E64.67364
G1 Z3.101 X111.774 Y94.194 E64.70273
G1 Z3.103 X112.128 Y94.976 E64.73179
G1 Z3.105 X112.431 Y95.78 E64.76087
G1 Z3.105 X112.506 Y96.028 E64.76964
G1 Z3.107 X112.68 Y96.602 E64.78994
G1 Z3.109 X112.875 Y97.439 E64.81903
G1 Z3.111 X113.015 Y98.287 E64.84812
G1 Z3.113 X113.099 Y99.141 E64.87717
G1 Z3.115 X113.127 Y100 E64.90626
G1 Z3.117 X113.099 Y100.859 E64.93535
G1 Z3.119 X113.015 Y101.713 E64.9644
G1 Z3.122 X112.875 Y102.561 E64.99349
G1 Z3.124 X112.68 Y103.398 E65.02258
G1 Z3.126 X112.431 Y104.22 E65.05165
G1 Z3.128 X112.128 Y105.024 E65.08073
G1 Z3.130 X111.774 Y105.806 E65.10979
G1 Z3.132 X111.369 Y106.564 E65.13888
G1 Z3.134 X110.915 Y107.293 E65.16795
G1 Z3.136 X110.415 Y107.991 E65.19701
G1 Z3.138 X109.87 Y108.655 E65.22609
G1 Z3.140 X109.282 Y109.282 E65.25519
G1 Z3.142 X108.655 Y109.87 E65.28429
G1 Z3.144 X107.991 Y110.415 E65.31337
G1 Z3.147 X107.293 Y110.915 E65.34243
G1 Z3.149 X106.564 Y111.369 E65.3715
G1 Z3.151 X105.806 Y111.774 E65.40059
G1 Z3.153 X105.024 Y112.128 E65.42965
G1 Z3.155 X104.22 Y112.431 E65.45873
G1 Z3.155 X103.972 Y112.506 E65.4675
G1 Z3.157 X103.398 Y112.68 E65.4878
G1 Z3.159 X102.561 Y112.875 E65.51689
G1 Z3.161 X101.713 Y113.015 E65.54598
G1 Z3.163 X100.859 Y113.099 E65.57503
G1 Z3.165 X100 Y113.127 E65.60412
G1 Z3.167 X99.141 Y113.099 E65.63321
G1 Z3.169 X98.287 Y113.015 E65.66226
G1 Z3.172 X97.439 Y112.875 E65.69135
G1 Z3.174 X96.602 Y112.68 E65.72044
G1 Z3.176 X95.78 Y112.431 E65.74951
G1 Z3.178 X94.976 Y112.128 E65.77859
G1 Z3.180 X94.194 Y111.774 E65.80765
G1 Z3.182 X93.436 Y111.369 E65.83674
G1 Z3.184 X92.707 Y110.915 E65.86581
G1 Z3.186 X92.009 Y110.415 E65.89487
G1 Z3.188 X91.345 Y109.87 E65.92395
G1 Z3.190 X90.718 Y109.282 E65.95305
G1 Z3.192 X90.13 Y108.655 E65.98215
G1 Z3.194 X89.585 Y107.991 E66.01123
G1 Z3.197 X89.085 Y107.293 E66.04029
G1 Z3.199 X88.631 Y106.564 E66.06936
G1 Z3.200 X88.357 Y106.051 E66.08905
;LAYER_CHANGE
;Z:3.4
;HEIGHT:0.2
G1 Z3.200 F7800
G1 F1004
G1 Z3.201 X88.055 Y105.891 E66.09865
G1 Z3.203 X87.695 Y105.097 E66.12816
G1 Z3.205 X87.388 Y104.281 E66.15767
G1 Z3.207 X87.135 Y103.447 E66.18717
G1 Z3.209 X86.937 Y102.598 E66.21668
G1 Z3.211 X86.795 Y101.738 E66.24618
G1 Z3.213 X86.71 Y100.871 E66.27567
G1 Z3.215 X86.684 Y100.086 E66.30226
G1 Z3.217 X86.71 Y99.128 E66.3347
G1 Z3.219 X86.795 Y98.262 E66.36415
G1 Z3.221 X86.923 Y97.487 E66.39074
G1 Z3.224 X87.135 Y96.552 E66.42319
G1 Z3.226 X87.388 Y95.719 E66.45266
G1 Z3.228 X87.695 Y94.903 E66.48217
G1 Z3.230 X88.055 Y94.109 E66.51168
G1 Z3.232 X88.466 Y93.341 E66.54116
G1 Z3.234 X88.926 Y92.6 E66.57068
G1 Z3.236 X89.433 Y91.892 E66.60016
G1 Z3.238 X89.986 Y91.218 E66.62967
G1 Z3.240 X90.582 Y90.582 E66.65917
G1 Z3.242 X91.218 Y89.986 E66.68867
G1 Z3.244 X91.892 Y89.433 E66.71818
G1 Z3.247 X92.6 Y88.926 E66.74766
G1 Z3.249 X93.341 Y88.466 E66.77718
G1 Z3.251 X94.109 Y88.055 E66.80666
G1 Z3.253 X94.903 Y87.695 E66.83617
G1 Z3.255 X95.719 Y87.388 E66.86568
G1 Z3.257 X96.553 Y87.135 E66.89518
G1 Z3.259 X97.402 Y86.937 E66.92469
G1 Z3.261 X98.262 Y86.795 E66.95419
G1 Z3.263 X99.129 Y86.71 E66.98368
G1 Z3.265 X100 Y86.681 E67.01318
G1 Z3.267 X100.785 Y86.707 E67.03977
G1 Z3.269 X101.739 Y86.795 E67.0722
G1 Z3.272 X102.598 Y86.937 E67.10167
G1 Z3.274 X103.447 Y87.135 E67.13118
G1 Z3.276 X104.281 Y87.388 E67.16068
G1 Z3.278 X105.097 Y87.695 E67.19019
G1 Z3.280 X105.891 Y88.055 E67.2197
G1 Z3.282 X106.659 Y88.466 E67.24918
G1 Z3.284 X107.4 Y88.926 E67.2787
G1 Z3.286 X108.108 Y89.433 E67.30818
G1 Z3.288 X108.782 Y89.986 E67.33769
G1 Z3.290 X109.418 Y90.582 E67.36719
G1 Z3.292 X110.014 Y91.218 E67.39669
G1 Z3.294 X110.567 Y91.892 E67.4262
G1 Z3.297 X111.074 Y92.6 E67.45568
G1 Z3.299 X111.534 Y93.341 E67.4852
G1 Z3.301 X111.945 Y94.109 E67.51468
G1 Z3.303 X112.305 Y94.903 E67.54419
G1 Z3.305 X112.612 Y95.719 E67.5737
G1 Z3.307 X112.865 Y96.553 E67.6032
G1 Z3.309 X113.063 Y97.402 E67.63271
G1 Z3.311 X113.205 Y98.262 E67.66221
G1 Z3.313 X113.29 Y99.129 E67.6917
G1 Z3.315 X113.316 Y99.914 E67.71829
G1 Z3.317 X113.29 Y100.872 E67.75073
G1 Z3.319 X113.205 Y101.738 E67.78018
G1 Z3.321 X113.077 Y102.513 E67.80677
G1 Z3.324 X112.865 Y103.448 E67.83922
G1 Z3.326 X112.612 Y104.281 E67.86869
G1 Z3.328 X112.305 Y105.097 E67.8982
G1 Z3.330 X111.945 Y105.891 E67.92771
G1 Z3.332 X111.534 Y106.659 E67.95719
G1 Z3.334 X111.074 Y107.4 E67.98671
G1 Z3.336 X110.567 Y108.108 E68.01619
G1 Z3.338 X110.014 Y108.782 E68.0457
G1 Z3.340 X109.418 Y109.418 E68.0752
G1 Z3.342 X108.782 Y110.014 E68.1047
G1 Z3.344 X108.108 Y110.567 E68.13421
G1 Z3.347 X107.4 Y111.074 E68.16369
G1 Z3.349 X106.659 Y111.534 E68.19321
G1 Z3.351 X105.891 Y111.945 E68.22269
G1 Z3.353 X105.097 Y112.305 E68.2522
G1 Z3.355 X104.281 Y112.612 E68.28171
G1 Z3.357 X103.447 Y112.865 E68.31121
G1 Z3.359 X102.598 Y113.063 E68.34072
G1 Z3.361 X101.738 Y113.205 E68.37022
G1 Z3.363 X100.871 Y113.29 E68.39971
G1 Z3.365 X100.086 Y113.316 E68.4263
G1 Z3.367 X99.128 Y113.29 E68.45874
G1 Z3.369 X98.262 Y113.205 E68.48819
G1 Z3.371 X97.487 Y113.077 E68.51478
G1 Z3.374 X96.552 Y112.865 E68.54723
G1 Z3.376 X95.719 Y112.612 E68.5767
G1 Z3.378 X94.903 Y112.305 E68.60621
G1 Z3.380 X94.109 Y111.945 E68.63572
G1 Z3.382 X93.341 Y111.534 E68.6652
G1 Z3.384 X92.6 Y111.074 E68.69472
G1 Z3.386 X91.892 Y110.567 E68.7242
G1 Z3.388 X91.218 Y110.014 E68.75371
G1 Z3.390 X90.582 Y109.418 E68.78321
G1 Z3.392 X89.986 Y108.782 E68.81271
G1 Z3.394 X89.433 Y108.108 E68.84222
G1 Z3.397 X88.926 Y107.4 E68.8717
G1 Z3.399 X88.466 Y106.659 E68.90122
G1 Z3.400 X88.189 Y106.141 E68.9211
;LAYER_CHANGE
;Z:3.6
;HEIGHT:0.2
G1 Z3.400 F7800
G1 F1013
G1 Z3.401 X87.934 Y105.95 E68.93088
G1 Z3.403 X87.571 Y105.148 E68.96068
G1 Z3.405 X87.261 Y104.324 E68.99048
G1 Z3.407 X87.005 Y103.482 E69.02027
G1 Z3.409 X86.806 Y102.625 E69.05005
G1 Z3.411 X86.662 Y101.756 E69.07987
G1 Z3.413 X86.576 Y100.88 E69.10966
G1 Z3.415 X86.547 Y100 E69.13946
G1 Z3.417 X86.576 Y99.12 E69.16926
G1 Z3.419 X86.662 Y98.244 E69.19905
G1 Z3.422 X86.806 Y97.375 E69.22887
G1 Z3.424 X87.005 Y96.518 E69.25865
G1 Z3.426 X87.261 Y95.676 E69.28844
G1 Z3.428 X87.571 Y94.852 E69.31824
G1 Z3.430 X87.934 Y94.05 E69.34804
G1 Z3.432 X88.349 Y93.274 E69.37783
G1 Z3.434 X88.814 Y92.526 E69.40764
G1 Z3.436 X89.327 Y91.81 E69.43745
G1 Z3.438 X89.886 Y91.13 E69.46725
G1 Z3.440 X90.487 Y90.487 E69.49704
G1 Z3.442 X91.13 Y89.886 E69.52683
G1 Z3.444 X91.81 Y89.327 E69.55663
G1 Z3.447 X92.526 Y88.814 E69.58644
G1 Z3.449 X93.274 Y88.349 E69.61625
G1 Z3.451 X94.05 Y87.934 E69.64604
G1 Z3.453 X94.852 Y87.571 E69.67584
G1 Z3.455 X95.676 Y87.261 E69.70564
G1 Z3.457 X96.518 Y87.005 E69.73543
G1 Z3.459 X97.375 Y86.806 E69.76521
G1 Z3.461 X98.244 Y86.662 E69.79503
G1 Z3.463 X99.12 Y86.576 E69.82482
G1 Z3.465 X100 Y86.547 E69.85462
G1 Z3.466 X100.443 Y86.562 E69.86962
G1 Z3.467 X100.88 Y86.576 E69.88442
G1 Z3.469 X101.756 Y86.662 E69.91421
G1 Z3.472 X102.625 Y86.806 E69.94403
G1 Z3.474 X103.482 Y87.005 E69.97381
G1 Z3.476 X104.324 Y87.261 E70.0036
G1 Z3.478 X105.148 Y87.571 E70.0334
G1 Z3.480 X105.95 Y87.934 E70.0632
G1 Z3.482 X106.726 Y88.349 E70.09299
G1 Z3.484 X107.474 Y88.814 E70.1228
G1 Z3.486 X108.19 Y89.327 E70.15261
G1 Z3.488 X108.87 Y89.886 E70.18241
G1 Z3.490 X109.513 Y90.487 E70.2122
G1 Z3.492 X110.114 Y91.13 E70.24199
G1 Z3.494 X110.673 Y91.81 E70.27179
G1 Z3.497 X111.186 Y92.526 E70.3016
G1 Z3.499 X111.651 Y93.274 E70.33141
G1 Z3.501 X112.066 Y94.05 E70.3612
G1 Z3.503 X112.429 Y94.852 E70.391
G1 Z3.505 X112.739 Y95.676 E70.4208
G1 Z3.507 X112.995 Y96.518 E70.45059
G1 Z3.509 X113.194 Y97.375 E70.48037
G1 Z3.511 X113.338 Y98.244 E70.51019
G1 Z3.513 X113.424 Y99.12 E70.53998
G1 Z3.514 X113.439 Y99.563 E70.55498
G1 Z3.515 X113.453 Y100 E70.56978
G1 Z3.517 X113.424 Y100.88 E70.59958
G1 Z3.519 X113.338 Y101.756 E70.62937
G1 Z3.522 X113.194 Y102.625 E70.65919
G1 Z3.524 X112.995 Y103.482 E70.68897
G1 Z3.526 X112.739 Y104.324 E70.71876
G1 Z3.528 X112.429 Y105.148 E70.74856
G1 Z3.530 X112.066 Y105.95 E70.77836
G1 Z3.532 X111.651 Y106.726 E70.80815
G1 Z3.534 X111.186 Y107.474 E70.83796
G1 Z3.536 X110.673 Y108.19 E70.86777
G1 Z3.538 X110.114 Y108.87 E70.89757
G1 Z3.540 X109.513 Y109.513 E70.92736
G1 Z3.542 X108.87 Y110.114 E70.95715
G1 Z3.544 X108.19 Y110.673 E70.98695
G1 Z3.547 X107.474 Y111.186 E71.01676
G1 Z3.549 X106.726 Y111.651 E71.04657
G1 Z3.551 X105.95 Y112.066 E71.07636
G1 Z3.553 X105.148 Y112.429 E71.10616
G1 Z3.555 X104.324 Y112.739 E71.13596
G1 Z3.557 X103.482 Y112.995 E71.16575
G1 Z3.559 X102.625 Y113.194 E71.19553
G1 Z3.561 X101.756 Y113.338 E71.22535
G1 Z3.563 X100.88 Y113.424 E71.25514
G1 Z3.564 X100.437 Y113.439 E71.27014
G1 Z3.565 X100 Y113.453 E71.28494
G1 Z3.567 X99.12 Y113.424 E71.31474
G1 Z3.569 X98.244 Y113.338 E71.34453
G1 Z3.572 X97.375 Y113.194 E71.37435
G1 Z3.574 X96.518 Y112.995 E71.40413
G1 Z3.576 X95.676 Y112.739 E71.43392
G1 Z3.578 X94.852 Y112.429 E71.46372
G1 Z3.580 X94.05 Y112.066 E71.49352
G1 Z3.582 X93.274 Y111.651 E71.52331
G1 Z3.584 X92.526 Y111.186 E71.55312
G1 Z3.586 X91.81 Y110.673 E71.58293
G1 Z3.588 X91.13 Y110.114 E71.61273
G1 Z3.590 X90.487 Y109.513 E71.64252
G1 Z3.592 X89.886 Y108.87 E71.67231
G1 Z3.594 X89.327 Y108.19 E71.70211
G1 Z3.597 X88.814 Y107.474 E71.73192
G1 Z3.599 X88.349 Y106.726 E71.76173
G1 Z3.600 X88.07 Y106.205 E71.78173
;LAYER_CHANGE
;Z:3.8
;HEIGHT:0.2
G1 Z3.600 F7800
G1 F1023
G1 Z3.601 X87.823 Y106.005 E71.79163
G1 Z3.603 X87.456 Y105.196 E71.8217
G1 Z3.605 X87.143 Y104.364 E71.85179
G1 Z3.607 X86.885 Y103.514 E71.88186
G1 Z3.609 X86.683 Y102.649 E71.91193
G1 Z3.611 X86.539 Y101.772 E71.94201
G1 Z3.613 X86.452 Y100.888 E71.97208
G1 Z3.615 X86.422 Y100.001 E72.00212
G1 Z3.618 X86.46 Y99.021 E72.03532
G1 Z3.619 X86.539 Y98.228 E72.06229
G1 Z3.622 X86.683 Y97.351 E72.09237
G1 Z3.624 X86.885 Y96.486 E72.12244
G1 Z3.626 X87.143 Y95.636 E72.15251
G1 Z3.628 X87.456 Y94.804 E72.1826
G1 Z3.630 X87.823 Y93.995 E72.21267
G1 Z3.632 X88.241 Y93.211 E72.24274
G1 Z3.634 X88.711 Y92.457 E72.27281
G1 Z3.636 X89.228 Y91.735 E72.30287
G1 Z3.638 X89.792 Y91.048 E72.33296
G1 Z3.640 X90.399 Y90.399 E72.36304
G1 Z3.642 X91.048 Y89.792 E72.39312
G1 Z3.644 X91.735 Y89.228 E72.42321
G1 Z3.647 X92.457 Y88.711 E72.45327
G1 Z3.649 X93.211 Y88.242 E72.48333
G1 Z3.651 X93.995 Y87.823 E72.51342
G1 Z3.653 X94.804 Y87.456 E72.54349
G1 Z3.655 X95.636 Y87.143 E72.57358
G1 Z3.657 X96.486 Y86.885 E72.60365
G1 Z3.659 X97.351 Y86.683 E72.63372
G1 Z3.661 X98.228 Y86.539 E72.6638
G1 Z3.663 X99.111 Y86.452 E72.69383
G1 Z3.665 X100.091 Y86.425 E72.72701
G1 Z3.667 X100.888 Y86.452 E72.754
G1 Z3.669 X101.772 Y86.539 E72.78407
G1 Z3.672 X102.649 Y86.683 E72.81415
G1 Z3.674 X103.514 Y86.885 E72.84422
G1 Z3.676 X104.364 Y87.143 E72.87429
G1 Z3.678 X105.196 Y87.456 E72.90438
G1 Z3.680 X106.005 Y87.823 E72.93445
G1 Z3.682 X106.789 Y88.241 E72.96452
G1 Z3.684 X107.543 Y88.711 E72.99459
G1 Z3.686 X108.265 Y89.228 E73.02465
G1 Z3.688 X108.952 Y89.792 E73.05474
G1 Z3.690 X109.601 Y90.399 E73.08482
G1 Z3.692 X110.208 Y91.048 E73.1149
G1 Z3.694 X110.772 Y91.735 E73.14499
G1 Z3.697 X111.289 Y92.457 E73.17505
G1 Z3.699 X111.759 Y93.211 E73.20512
G1 Z3.701 X112.177 Y93.995 E73.23519
G1 Z3.703 X112.544 Y94.804 E73.26526
G1 Z3.705 X112.857 Y95.636 E73.29535
G1 Z3.707 X113.115 Y96.486 E73.32542
G1 Z3.709 X113.317 Y97.351 E73.35549
G1 Z3.711 X113.461 Y98.228 E73.38557
G1 Z3.713 X113.548 Y99.112 E73.41564
G1 Z3.715 X113.578 Y99.999 E73.44568
G1 Z3.718 X113.54 Y100.979 E73.47888
G1 Z3.719 X113.461 Y101.772 E73.50585
G1 Z3.722 X113.317 Y102.649 E73.53593
G1 Z3.724 X113.115 Y103.514 E73.566
G1 Z3.726 X112.857 Y104.364 E73.59607
G1 Z3.728 X112.544 Y105.196 E73.62616
G1 Z3.730 X112.177 Y106.005 E73.65623
G1 Z3.732 X111.759 Y106.789 E73.6863
G1 Z3.734 X111.289 Y107.543 E73.71637
G1 Z3.736 X110.772 Y108.265 E73.74643
G1 Z3.738 X110.208 Y108.952 E73.77652
G1 Z3.740 X109.601 Y109.601 E73.8066
G1 Z3.742 X108.952 Y110.208 E73.83668
G1 Z3.744 X108.265 Y110.772 E73.86677
G1 Z3.747 X107.543 Y111.289 E73.89683
G1 Z3.749 X106.789 Y111.759 E73.9269
G1 Z3.751 X106.005 Y112.177 E73.95697
G1 Z3.753 X105.196 Y112.544 E73.98704
G1 Z3.755 X104.364 Y112.857 E74.01713
G1 Z3.757 X103.514 Y113.115 E74.0472
G1 Z3.759 X102.649 Y113.317 E74.07727
G1 Z3.761 X101.772 Y113.461 E74.10735
G1 Z3.763 X100.888 Y113.548 E74.13742
G1 Z3.765 X100.001 Y113.578 E74.16746
G1 Z3.768 X99.021 Y113.54 E74.20066
G1 Z3.769 X98.228 Y113.461 E74.22763
G1 Z3.772 X97.351 Y113.317 E74.25771
G1 Z3.774 X96.486 Y113.115 E74.28778
G1 Z3.776 X95.636 Y112.857 E74.31785
G1 Z3.778 X94.804 Y112.544 E74.34794
G1 Z3.780 X93.995 Y112.177 E74.37801
G1 Z3.782 X93.211 Y111.759 E74.40808
G1 Z3.784 X92.457 Y111.289 E74.43815
G1 Z3.786 X91.735 Y110.772 E74.46821
G1 Z3.788 X91.048 Y110.208 E74.4983
G1 Z3.790 X90.399 Y109.601 E74.52838
G1 Z3.792 X89.792 Y108.952 E74.55846
G1 Z3.794 X89.228 Y108.265 E74.58855
G1 Z3.797 X88.711 Y107.543 E74.61861
G1 Z3.799 X88.242 Y106.789 E74.64867
G1 Z3.800 X87.961 Y106.263 E74.66886
;LAYER_CHANGE
;Z:4
;HEIGHT:0.2
G1 Z3.800 F7800
G1 F1033
G1 Z3.801 X87.702 Y106.065 E74.67892
G1 Z3.803 X87.332 Y105.247 E74.70931
G1 Z3.805 X87.016 Y104.408 E74.73966
G1 Z3.807 X86.755 Y103.549 E74.77005
G1 Z3.809 X86.552 Y102.675 E74.80042
G1 Z3.811 X86.405 Y101.79 E74.83079
G1 Z3.813 X86.318 Y100.897 E74.86116
G1 Z3.815 X86.288 Y100 E74.89154
G1 Z3.817 X86.318 Y99.103 E74.92192
G1 Z3.819 X86.405 Y98.21 E74.95229
G1 Z3.822 X86.552 Y97.325 E74.98266
G1 Z3.824 X86.755 Y96.451 E75.01303
G1 Z3.826 X87.016 Y95.592 E75.04342
G1 Z3.828 X87.332 Y94.753 E75.07377
G1 Z3.830 X87.702 Y93.935 E75.10416
G1 Z3.832 X88.125 Y93.144 E75.13452
G1 Z3.834 X88.599 Y92.382 E75.1649
G1 Z3.836 X89.122 Y91.653 E75.19527
G1 Z3.838 X89.691 Y90.959 E75.22565
G1 Z3.840 X90.304 Y90.304 E75.25602
G1 Z3.842 X90.959 Y89.691 E75.28639
G1 Z3.844 X91.653 Y89.122 E75.31677
G1 Z3.847 X92.382 Y88.599 E75.34714
G1 Z3.849 X93.144 Y88.125 E75.37752
G1 Z3.851 X93.935 Y87.702 E75.40788
G1 Z3.853 X94.753 Y87.332 E75.43827
G1 Z3.855 X95.592 Y87.016 E75.46862
G1 Z3.857 X96.451 Y86.755 E75.49901
G1 Z3.859 X97.325 Y86.552 E75.52938
G1 Z3.861 X98.21 Y86.405 E75.55975
G1 Z3.863 X99.103 Y86.318 E75.59012
G1 Z3.865 X100 Y86.288 E75.6205
G1 Z3.867 X100.634 Y86.309 E75.64197
G1 Z3.867 X100.897 Y86.318 E75.65088
G1 Z3.869 X101.79 Y86.405 E75.68125
G1 Z3.872 X102.675 Y86.552 E75.71162
G1 Z3.874 X103.549 Y86.755 E75.74199
G1 Z3.876 X104.408 Y87.016 E75.77238
G1 Z3.878 X105.247 Y87.332 E75.80273
G1 Z3.880 X106.065 Y87.702 E75.83312
G1 Z3.882 X106.856 Y88.125 E75.86348
G1 Z3.884 X107.618 Y88.599 E75.89386
G1 Z3.886 X108.347 Y89.122 E75.92423
G1 Z3.888 X109.041 Y89.691 E75.95461
G1 Z3.890 X109.696 Y90.304 E75.98498
G1 Z3.892 X110.309 Y90.959 E76.01535
G1 Z3.894 X110.878 Y91.653 E76.04573
G1 Z3.897 X111.401 Y92.382 E76.0761
G1 Z3.899 X111.875 Y93.144 E76.10648
G1 Z3.901 X112.298 Y93.935 E76.13684
G1 Z3.903 X112.668 Y94.753 E76.16723
G1 Z3.905 X112.984 Y95.592 E76.19758
G1 Z3.907 X113.245 Y96.451 E76.22797
G1 Z3.909 X113.448 Y97.325 E76.25834
G1 Z3.911 X113.595 Y98.21 E76.28871
G1 Z3.913 X113.682 Y99.103 E76.31908
G1 Z3.915 X113.712 Y100 E76.34946
G1 Z3.917 X113.682 Y100.897 E76.37984
G1 Z3.919 X113.595 Y101.79 E76.41021
G1 Z3.922 X113.448 Y102.675 E76.44058
G1 Z3.924 X113.245 Y103.549 E76.47095
G1 Z3.926 X112.984 Y104.408 E76.50134
G1 Z3.928 X112.668 Y105.247 E76.53169
G1 Z3.930 X112.298 Y106.065 E76.56208
G1 Z3.932 X111.875 Y106.856 E76.59244
G1 Z3.934 X111.401 Y107.618 E76.62282
G1 Z3.936 X110.878 Y108.347 E76.65319
G1 Z3.938 X110.309 Y109.041 E76.68357
G1 Z3.940 X109.696 Y109.696 E76.71394
G1 Z3.942 X109.041 Y110.309 E76.74431
G1 Z3.944 X108.347 Y110.878 E76.77469
G1 Z3.947 X107.618 Y111.401 E76.80506
G1 Z3.949 X106.856 Y111.875 E76.83544
G1 Z3.951 X106.065 Y112.298 E76.8658
G1 Z3.953 X105.247 Y112.668 E76.89619
G1 Z3.955 X104.408 Y112.984 E76.92654
G1 Z3.957 X103.549 Y113.245 E76.95693
G1 Z3.959 X102.675 Y113.448 E76.9873
G1 Z3.961 X101.79 Y113.595 E77.01767
G1 Z3.963 X100.897 Y113.682 E77.04804
G1 Z3.965 X100 Y113.712 E77.07842
G1 Z3.967 X99.103 Y113.682 E77.1088
G1 Z3.969 X98.21 Y113.595 E77.13917
G1 Z3.972 X97.325 Y113.448 E77.16954
G1 Z3.974 X96.451 Y113.245 E77.19991
G1 Z3.976 X95.592 Y112.984 E77.2303
G1 Z3.978 X94.753 Y112.668 E77.26065
G1 Z3.980 X93.935 Y112.298 E77.29104
G1 Z3.982 X93.144 Y111.875 E77.3214
G1 Z3.984 X92.382 Y111.401 E77.35178
G1 Z3.986 X91.653 Y110.878 E77.38215
G1 Z3.988 X90.959 Y110.309 E77.41253
G1 Z3.990 X90.304 Y109.696 E77.4429
G1 Z3.992 X89.691 Y109.041 E77.47327
G1 Z3.994 X89.122 Y108.347 E77.50365
G1 Z3.997 X88.599 Y107.618 E77.53402
G1 Z3.999 X88.125 Y106.856 E77.5644
G1 Z4.000 X87.842 Y106.327 E77.58471
;LAYER_CHANGE
;Z:4.2
;HEIGHT:0.2
G1 Z4.000 F7800
G1 F1044
G1 Z4.001 X87.577 Y106.126 E77.59492
G1 Z4.003 X87.203 Y105.301 E77.62558
G1 Z4.005 X86.884 Y104.452 E77.65628
G1 Z4.007 X86.621 Y103.585 E77.68695
G1 Z4.009 X86.415 Y102.702 E77.71764
G1 Z4.011 X86.267 Y101.808 E77.74831
G1 Z4.013 X86.178 Y100.906 E77.77899
G1 Z4.015 X86.149 Y100 E77.80967
G1 Z4.017 X86.178 Y99.094 E77.84035
G1 Z4.019 X86.267 Y98.192 E77.87103
G1 Z4.022 X86.415 Y97.298 E77.9017
G1 Z4.024 X86.621 Y96.415 E77.93239
G1 Z4.026 X86.884 Y95.548 E77.96306
G1 Z4.028 X87.203 Y94.699 E77.99376
G1 Z4.030 X87.577 Y93.874 E78.02442
G1 Z4.032 X88.004 Y93.074 E78.05511
G1 Z4.034 X88.483 Y92.305 E78.08578
G1 Z4.036 X89.011 Y91.568 E78.11647
G1 Z4.038 X89.586 Y90.867 E78.14716
G1 Z4.040 X90.206 Y90.206 E78.17784
G1 Z4.042 X90.867 Y89.586 E78.20852
G1 Z4.044 X91.568 Y89.011 E78.23921
G1 Z4.047 X92.305 Y88.483 E78.2699
G1 Z4.049 X93.074 Y88.004 E78.30057
G1 Z4.051 X93.874 Y87.577 E78.33126
G1 Z4.053 X94.699 Y87.203 E78.36192
G1 Z4.055 X95.548 Y86.884 E78.39262
G1 Z4.057 X96.415 Y86.621 E78.42329
G1 Z4.059 X97.298 Y86.415 E78.45398
G1 Z4.061 X98.192 Y86.267 E78.48465
G1 Z4.063 X99.094 Y86.178 E78.51533
G1 Z4.065 X100 Y86.149 E78.54601
G1 Z4.066 X100.272 Y86.158 E78.55522
G1 Z4.067 X100.906 Y86.178 E78.57669
G1 Z4.069 X101.808 Y86.267 E78.60737
G1 Z4.072 X102.702 Y86.415 E78.63804
G1 Z4.074 X103.585 Y86.621 E78.66873
G1 Z4.076 X104.452 Y86.884 E78.6994
G1 Z4.078 X105.301 Y87.203 E78.7301
G1 Z4.080 X106.126 Y87.577 E78.76076
G1 Z4.082 X106.926 Y88.004 E78.79145
G1 Z4.084 X107.695 Y88.483 E78.82212
G1 Z4.086 X108.432 Y89.011 E78.85281
G1 Z4.088 X109.133 Y89.586 E78.8835
G1 Z4.090 X109.794 Y90.206 E78.91418
G1 Z4.092 X110.414 Y90.867 E78.94486
G1 Z4.094 X110.989 Y91.568 E78.97555
G1 Z4.097 X111.517 Y92.305 E79.00624
G1 Z4.099 X111.996 Y93.074 E79.03691
G1 Z4.101 X112.423 Y93.874 E79.0676
G1 Z4.103 X112.797 Y94.699 E79.09826
G1 Z4.105 X113.116 Y95.548 E79.12896
G1 Z4.107 X113.379 Y96.415 E79.15963
G1 Z4.109 X113.585 Y97.298 E79.19032
G1 Z4.111 X113.733 Y98.192 E79.22099
G1 Z4.113 X113.822 Y99.094 E79.25167
G1 Z4.115 X113.851 Y100 E79.28235
G1 Z4.117 X113.822 Y100.906 E79.31303
G1 Z4.119 X113.733 Y101.808 E79.34371
G1 Z4.122 X113.585 Y102.702 E79.37438
G1 Z4.124 X113.379 Y103.585 E79.40507
G1 Z4.126 X113.116 Y104.452 E79.43574
G1 Z4.128 X112.797 Y105.301 E79.46644
G1 Z4.130 X112.423 Y106.126 E79.4971
G1 Z4.132 X111.996 Y106.926 E79.52779
G1 Z4.134 X111.517 Y107.695 E79.55846
G1 Z4.136 X110.989 Y108.432 E79.58915
G1 Z4.138 X110.414 Y109.133 E79.61984
G1 Z4.140 X109.794 Y109.794 E79.65052
G1 Z4.142 X109.133 Y110.414 E79.6812
G1 Z4.144 X108.432 Y110.989 E79.71189
G1 Z4.147 X107.695 Y111.517 E79.74258
G1 Z4.149 X106.926 Y111.996 E79.77325
G1 Z4.151 X106.126 Y112.423 E79.80394
G1 Z4.153 X105.301 Y112.797 E79.8346
G1 Z4.155 X104.452 Y113.116 E79.8653
G1 Z4.157 X103.585 Y113.379 E79.89597
G1 Z4.159 X102.702 Y113.585 E79.92666
G1 Z4.161 X101.808 Y113.733 E79.95733
G1 Z4.163 X100.906 Y113.822 E79.98801
G1 Z4.165 X100 Y113.851 E80.01869
G1 Z4.167 X99.094 Y113.822 E80.04937
G1 Z4.169 X98.192 Y113.733 E80.08005
G1 Z4.172 X97.298 Y113.585 E80.11072
G1 Z4.174 X96.415 Y113.379 E80.14141
G1 Z4.176 X95.548 Y113.116 E80.17208
G1 Z4.178 X94.699 Y112.797 E80.20278
G1 Z4.180 X93.874 Y112.423 E80.23344
G1 Z4.182 X93.074 Y111.996 E80.26413
G1 Z4.184 X92.305 Y111.517 E80.2948
G1 Z4.186 X91.568 Y110.989 E80.32549
G1 Z4.188 X90.867 Y110.414 E80.35618
G1 Z4.190 X90.206 Y109.794 E80.38686
G1 Z4.192 X89.586 Y109.133 E80.41754
G1 Z4.194 X89.011 Y108.432 E80.44823
G1 Z4.197 X88.483 Y107.695 E80.47892
G1 Z4.199 X88.004 Y106.926 E80.50959
G1 Z4.200 X87.719 Y106.392 E80.53008
;LAYER_CHANGE
;Z:4.4
;HEIGHT:0.2
G1 Z4.200 F7800
G1 F1054
G1 Z4.201 X87.447 Y106.19 E80.54045
G1 Z4.203 X87.107 Y105.439 E80.56835
G1 Z4.205 X86.747 Y104.498 E80.60245
G1 Z4.207 X86.481 Y103.622 E80.63344
G1 Z4.209 X86.273 Y102.73 E80.66444
G1 Z4.211 X86.124 Y101.827 E80.69542
G1 Z4.213 X86.034 Y100.915 E80.72644
G1 Z4.215 X86.007 Y100.091 E80.75435
G1 Z4.217 X86.034 Y99.084 E80.78845
G1 Z4.219 X86.124 Y98.173 E80.81944
G1 Z4.222 X86.273 Y97.27 E80.85042
G1 Z4.224 X86.481 Y96.378 E80.88142
G1 Z4.226 X86.747 Y95.501 E80.91244
G1 Z4.228 X87.07 Y94.644 E80.94344
G1 Z4.230 X87.447 Y93.81 E80.97442
G1 Z4.232 X87.879 Y93.002 E81.00543
G1 Z4.234 X88.363 Y92.224 E81.03644
G1 Z4.236 X88.896 Y91.48 E81.06742
G1 Z4.238 X89.477 Y90.772 E81.09842
G1 Z4.240 X90.041 Y90.17 E81.12634
G1 Z4.242 X90.772 Y89.477 E81.16044
G1 Z4.244 X91.48 Y88.896 E81.19144
G1 Z4.247 X92.224 Y88.363 E81.22242
G1 Z4.249 X93.002 Y87.879 E81.25343
G1 Z4.251 X93.81 Y87.447 E81.28444
G1 Z4.253 X94.561 Y87.107 E81.31234
G1 Z4.255 X95.502 Y86.747 E81.34644
G1 Z4.257 X96.378 Y86.481 E81.37743
G1 Z4.259 X97.27 Y86.273 E81.40843
G1 Z4.261 X98.173 Y86.124 E81.43941
G1 Z4.263 X99.085 Y86.034 E81.47043
G1 Z4.265 X100 Y86.004 E81.50142
G1 Z4.267 X100.824 Y86.031 E81.52933
G1 Z4.269 X101.827 Y86.124 E81.56343
G1 Z4.272 X102.73 Y86.273 E81.59441
G1 Z4.274 X103.622 Y86.481 E81.62541
G1 Z4.276 X104.499 Y86.747 E81.65643
G1 Z4.278 X105.356 Y87.07 E81.68743
G1 Z4.280 X106.19 Y87.447 E81.71841
G1 Z4.282 X106.998 Y87.879 E81.74942
G1 Z4.284 X107.776 Y88.363 E81.78043
G1 Z4.286 X108.52 Y88.896 E81.81141
G1 Z4.288 X109.228 Y89.477 E81.84241
G1 Z4.290 X109.83 Y90.041 E81.87033
G1 Z4.292 X110.523 Y90.772 E81.90443
G1 Z4.294 X111.104 Y91.48 E81.93543
G1 Z4.297 X111.637 Y92.224 E81.96641
G1 Z4.299 X112.121 Y93.002 E81.99742
G1 Z4.301 X112.553 Y93.81 E82.02843
G1 Z4.303 X112.893 Y94.561 E82.05633
G1 Z4.305 X113.253 Y95.502 E82.09043
G1 Z4.307 X113.519 Y96.378 E82.12142
G1 Z4.309 X113.727 Y97.27 E82.15242
G1 Z4.311 X113.876 Y98.173 E82.1834
G1 Z4.313 X113.966 Y99.085 E82.21442
G1 Z4.315 X113.993 Y99.909 E82.24233
G1 Z4.317 X113.966 Y100.916 E82.27643
G1 Z4.319 X113.876 Y101.827 E82.30742
G1 Z4.322 X113.727 Y102.73 E82.3384
G1 Z4.324 X113.519 Y103.622 E82.3694
G1 Z4.326 X113.253 Y104.499 E82.40042
G1 Z4.328 X112.93 Y105.356 E82.43142
G1 Z4.330 X112.553 Y106.19 E82.4624
G1 Z4.332 X112.121 Y106.998 E82.49341
G1 Z4.334 X111.637 Y107.776 E82.52442
G1 Z4.336 X111.104 Y108.52 E82.5554
G1 Z4.338 X110.523 Y109.228 E82.5864
G1 Z4.340 X109.959 Y109.83 E82.61432
G1 Z4.342 X109.228 Y110.523 E82.64842
G1 Z4.344 X108.52 Y111.104 E82.67942
G1 Z4.347 X107.776 Y111.637 E82.7104
G1 Z4.349 X106.998 Y112.121 E82.74141
G1 Z4.351 X106.19 Y112.553 E82.77242
G1 Z4.353 X105.439 Y112.893 E82.80032
G1 Z4.355 X104.498 Y113.253 E82.83442
G1 Z4.357 X103.622 Y113.519 E82.86541
G1 Z4.359 X102.73 Y113.727 E82.89641
G1 Z4.361 X101.827 Y113.876 E82.92739
G1 Z4.363 X100.915 Y113.966 E82.95841
G1 Z4.365 X100.091 Y113.993 E82.98632
G1 Z4.367 X99.084 Y113.966 E83.02042
G1 Z4.369 X98.173 Y113.876 E83.05141
G1 Z4.372 X97.27 Y113.727 E83.08239
G1 Z4.374 X96.378 Y113.519 E83.11339
G1 Z4.376 X95.501 Y113.253 E83.14441
G1 Z4.378 X94.644 Y112.93 E83.17541
G1 Z4.380 X93.81 Y112.553 E83.20639
G1 Z4.382 X93.002 Y112.121 E83.2374
G1 Z4.384 X92.224 Y111.637 E83.26841
G1 Z4.386 X91.48 Y111.104 E83.29939
G1 Z4.388 X90.772 Y110.523 E83.33039
G1 Z4.390 X90.17 Y109.959 E83.35831
G1 Z4.392 X89.477 Y109.228 E83.39241
G1 Z4.394 X88.896 Y108.52 E83.42341
G1 Z4.397 X88.363 Y107.776 E83.45439
G1 Z4.399 X87.879 Y106.998 E83.4854
G1 Z4.400 X87.592 Y106.46 E83.50604
;LAYER_CHANGE
;Z:4.6
;HEIGHT:0.2
G1 Z4.400 F7800
G1 F1066
G1 Z4.401 X87.311 Y106.257 E83.51659
G1 Z4.403 X86.929 Y105.414 E83.54792
G1 Z4.405 X86.603 Y104.548 E83.57924
G1 Z4.407 X86.334 Y103.662 E83.61058
G1 Z4.409 X86.124 Y102.76 E83.64193
G1 Z4.411 X85.973 Y101.847 E83.67325
G1 Z4.413 X85.882 Y100.925 E83.70461
G1 Z4.415 X85.852 Y100 E83.73594
G1 Z4.417 X85.882 Y99.075 E83.76727
G1 Z4.419 X85.973 Y98.153 E83.79863
G1 Z4.422 X86.124 Y97.24 E83.82995
G1 Z4.424 X86.334 Y96.338 E83.8613
G1 Z4.426 X86.603 Y95.452 E83.89264
G1 Z4.428 X86.929 Y94.586 E83.92396
G1 Z4.430 X87.311 Y93.743 E83.95529
G1 Z4.432 X87.748 Y92.926 E83.98665
G1 Z4.434 X88.236 Y92.14 E84.01797
G1 Z4.436 X88.776 Y91.387 E84.04933
G1 Z4.438 X89.363 Y90.672 E84.08064
G1 Z4.440 X89.996 Y89.996 E84.11199
G1 Z4.442 X90.672 Y89.363 E84.14334
G1 Z4.444 X91.387 Y88.776 E84.17465
G1 Z4.447 X92.14 Y88.236 E84.20601
G1 Z4.449 X92.926 Y87.748 E84.23733
G1 Z4.451 X93.743 Y87.311 E84.26869
G1 Z4.453 X94.586 Y86.929 E84.30002
G1 Z4.455 X95.452 Y86.603 E84.33134
G1 Z4.457 X96.338 Y86.334 E84.36268
G1 Z4.459 X97.24 Y86.124 E84.39403
G1 Z4.461 X98.153 Y85.973 E84.42535
G1 Z4.463 X99.075 Y85.882 E84.45671
G1 Z4.465 X100 Y85.852 E84.48804
G1 Z4.466 X100.467 Y85.867 E84.50386
G1 Z4.467 X100.925 Y85.882 E84.51937
G1 Z4.469 X101.847 Y85.973 E84.55073
G1 Z4.472 X102.76 Y86.124 E84.58205
G1 Z4.474 X103.662 Y86.334 E84.6134
G1 Z4.476 X104.548 Y86.603 E84.64474
G1 Z4.478 X105.414 Y86.929 E84.67606
G1 Z4.480 X106.257 Y87.311 E84.70739
G1 Z4.482 X107.074 Y87.748 E84.73875
G1 Z4.484 X107.86 Y88.236 E84.77007
G1 Z4.486 X108.613 Y88.776 E84.80143
G1 Z4.488 X109.328 Y89.363 E84.83274
G1 Z4.490 X110.004 Y89.996 E84.86409
G1 Z4.492 X110.637 Y90.672 E84.89544
G1 Z4.494 X111.224 Y91.387 E84.92675
G1 Z4.497 X111.764 Y92.14 E84.95811
G1 Z4.499 X112.252 Y92.926 E84.98943
G1 Z4.501 X112.689 Y93.743 E85.02079
G1 Z4.503 X113.071 Y94.586 E85.05212
G1 Z4.505 X113.397 Y95.452 E85.08344
G1 Z4.507 X113.666 Y96.338 E85.11478
G1 Z4.509 X113.876 Y97.24 E85.14613
G1 Z4.511 X114.027 Y98.153 E85.17745
G1 Z4.513 X114.118 Y99.075 E85.20881
G1 Z4.515 X114.148 Y100 E85.24014
G1 Z4.517 X114.118 Y100.925 E85.27147
G1 Z4.519 X114.027 Y101.847 E85.30283
G1 Z4.522 X113.876 Y102.76 E85.33415
G1 Z4.524 X113.666 Y103.662 E85.3655
G1 Z4.526 X113.397 Y104.548 E85.39684
G1 Z4.528 X113.071 Y105.414 E85.42816
G1 Z4.530 X112.689 Y106.257 E85.45949
G1 Z4.532 X112.252 Y107.074 E85.49085
G1 Z4.534 X111.764 Y107.86 E85.52217
G1 Z4.536 X111.224 Y108.613 E85.55353
G1 Z4.538 X110.637 Y109.328 E85.58484
G1 Z4.540 X110.004 Y110.004 E85.61619
G1 Z4.542 X109.328 Y110.637 E85.64754
G1 Z4.544 X108.613 Y111.224 E85.67885
G1 Z4.547 X107.86 Y111.764 E85.71021
G1 Z4.549 X107.074 Y112.252 E85.74153
G1 Z4.551 X106.257 Y112.689 E85.77289
G1 Z4.553 X105.414 Y113.071 E85.80422
G1 Z4.555 X104.548 Y113.397 E85.83554
G1 Z4.557 X103.662 Y113.666 E85.86688
G1 Z4.559 X102.76 Y113.876 E85.89823
G1 Z4.561 X101.847 Y114.027 E85.92955
G1 Z4.563 X100.925 Y114.118 E85.96091
G1 Z4.565 X100 Y114.148 E85.99224
G1 Z4.567 X99.075 Y114.118 E86.02357
G1 Z4.569 X98.153 Y114.027 E86.05493
G1 Z4.572 X97.24 Y113.876 E86.08625
G1 Z4.574 X96.338 Y113.666 E86.1176
G1 Z4.576 X95.452 Y113.397 E86.14894
G1 Z4.578 X94.586 Y113.071 E86.18026
G1 Z4.580 X93.743 Y112.689 E86.21159
G1 Z4.582 X92.926 Y112.252 E86.24295
G1 Z4.584 X92.14 Y111.764 E86.27427
G1 Z4.586 X91.387 Y111.224 E86.30563
G1 Z4.588 X90.672 Y110.637 E86.33694
G1 Z4.590 X89.996 Y110.004 E86.36829
G1 Z4.592 X89.363 Y109.328 E86.39964
G1 Z4.594 X88.776 Y108.613 E86.43095
G1 Z4.597 X88.236 Y107.86 E86.46231
G1 Z4.599 X87.748 Y107.074 E86.49363
G1 Z4.600 X87.458 Y106.532 E86.51444
;LAYER_CHANGE
;Z:4.8
;HEIGHT:0.2
G1 Z4.600 F7800
G1 F1078
G1 Z4.601 X87.172 Y106.326 E86.52515
G1 Z4.603 X86.786 Y105.473 E86.55684
G1 Z4.605 X86.456 Y104.597 E86.58853
G1 Z4.607 X86.185 Y103.702 E86.62018
G1 Z4.609 X85.972 Y102.79 E86.65188
G1 Z4.611 X85.82 Y101.867 E86.68354
G1 Z4.613 X85.728 Y100.935 E86.71524
G1 Z4.615 X85.697 Y100 E86.74691
G1 Z4.617 X85.728 Y99.065 E86.77858
G1 Z4.619 X85.82 Y98.133 E86.81028
G1 Z4.622 X85.972 Y97.21 E86.84194
G1 Z4.624 X86.185 Y96.298 E86.87364
G1 Z4.626 X86.456 Y95.403 E86.90529
G1 Z4.628 X86.786 Y94.527 E86.93698
G1 Z4.630 X87.172 Y93.674 E86.96867
G1 Z4.632 X87.614 Y92.849 E87.00035
G1 Z4.634 X88.107 Y92.054 E87.03201
G1 Z4.636 X88.714 Y91.219 E87.06695
G1 Z4.638 X89.247 Y90.57 E87.09538
G1 Z4.640 X89.886 Y89.887 E87.12704
G1 Z4.643 X90.644 Y89.186 E87.16199
G1 Z4.644 X91.293 Y88.653 E87.19042
G1 Z4.647 X92.053 Y88.108 E87.22208
G1 Z4.649 X92.933 Y87.568 E87.25703
G1 Z4.651 X93.674 Y87.172 E87.28547
G1 Z4.653 X94.527 Y86.786 E87.31716
G1 Z4.655 X95.403 Y86.456 E87.34885
G1 Z4.657 X96.298 Y86.185 E87.3805
G1 Z4.659 X97.21 Y85.972 E87.4122
G1 Z4.661 X98.133 Y85.82 E87.44386
G1 Z4.663 X99.064 Y85.728 E87.47553
G1 Z4.666 X100.096 Y85.7 E87.51047
G1 Z4.667 X100.935 Y85.728 E87.53888
G1 Z4.669 X101.867 Y85.82 E87.57058
G1 Z4.672 X102.79 Y85.972 E87.60224
G1 Z4.674 X103.702 Y86.185 E87.63394
G1 Z4.676 X104.597 Y86.456 E87.66559
G1 Z4.678 X105.473 Y86.786 E87.69728
G1 Z4.680 X106.326 Y87.172 E87.72897
G1 Z4.682 X107.151 Y87.614 E87.76065
G1 Z4.684 X107.946 Y88.107 E87.79231
G1 Z4.686 X108.781 Y88.714 E87.82725
G1 Z4.688 X109.43 Y89.247 E87.85568
G1 Z4.690 X110.113 Y89.886 E87.88734
G1 Z4.693 X110.814 Y90.644 E87.92229
G1 Z4.694 X111.347 Y91.293 E87.95072
G1 Z4.697 X111.892 Y92.053 E87.98238
G1 Z4.699 X112.432 Y92.933 E88.01733
G1 Z4.701 X112.828 Y93.674 E88.04577
G1 Z4.703 X113.214 Y94.527 E88.07746
G1 Z4.705 X113.544 Y95.403 E88.10915
G1 Z4.707 X113.815 Y96.298 E88.1408
G1 Z4.709 X114.028 Y97.21 E88.1725
G1 Z4.711 X114.18 Y98.133 E88.20416
G1 Z4.713 X114.272 Y99.065 E88.23586
G1 Z4.715 X114.303 Y100 E88.26753
G1 Z4.717 X114.272 Y100.935 E88.2992
G1 Z4.719 X114.18 Y101.867 E88.3309
G1 Z4.722 X114.028 Y102.79 E88.36256
G1 Z4.724 X113.815 Y103.702 E88.39426
G1 Z4.726 X113.544 Y104.597 E88.42591
G1 Z4.728 X113.214 Y105.473 E88.4576
G1 Z4.730 X112.828 Y106.326 E88.48929
G1 Z4.732 X112.387 Y107.151 E88.52095
G1 Z4.734 X111.893 Y107.946 E88.55263
G1 Z4.736 X111.286 Y108.781 E88.58757
G1 Z4.738 X110.753 Y109.43 E88.616
G1 Z4.740 X110.114 Y110.113 E88.64766
G1 Z4.743 X109.356 Y110.814 E88.68261
G1 Z4.744 X108.707 Y111.347 E88.71104
G1 Z4.747 X107.947 Y111.892 E88.7427
G1 Z4.749 X107.067 Y112.432 E88.77765
G1 Z4.751 X106.326 Y112.828 E88.80609
G1 Z4.753 X105.473 Y113.214 E88.83778
G1 Z4.755 X104.597 Y113.544 E88.86947
G1 Z4.757 X103.702 Y113.815 E88.90112
G1 Z4.759 X102.79 Y114.028 E88.93282
G1 Z4.761 X101.867 Y114.18 E88.96448
G1 Z4.763 X100.935 Y114.272 E88.99618
G1 Z4.765 X100 Y114.303 E89.02785
G1 Z4.767 X99.065 Y114.272 E89.05952
G1 Z4.769 X98.133 Y114.18 E89.09122
G1 Z4.772 X97.21 Y114.028 E89.12288
G1 Z4.774 X96.298 Y113.815 E89.15458
G1 Z4.776 X95.403 Y113.544 E89.18623
G1 Z4.778 X94.527 Y113.214 E89.21792
G1 Z4.780 X93.674 Y112.828 E89.24961
G1 Z4.782 X92.849 Y112.387 E89.28127
G1 Z4.784 X92.054 Y111.893 E89.31295
G1 Z4.786 X91.219 Y111.286 E89.34789
G1 Z4.788 X90.57 Y110.753 E89.37632
G1 Z4.790 X89.887 Y110.114 E89.40798
G1 Z4.793 X89.186 Y109.356 E89.44293
G1 Z4.794 X88.653 Y108.707 E89.47136
G1 Z4.797 X88.108 Y107.947 E89.50302
G1 Z4.799 X87.568 Y107.067 E89.53797
G1 Z4.800 X87.321 Y106.605 E89.5557
;LAYER_CHANGE
;Z:5
;HEIGHT:0.2
G1 Z4.800 F7800
G1 F1090
G1 Z4.801 X87.028 Y106.397 E89.56659
G1 Z4.803 X86.637 Y105.535 E89.59863
G1 Z4.805 X86.304 Y104.649 E89.63067
G1 Z4.807 X86.029 Y103.744 E89.66269
G1 Z4.809 X85.814 Y102.822 E89.69474
G1 Z4.811 X85.66 Y101.888 E89.72678
G1 Z4.813 X85.567 Y100.946 E89.75882
G1 Z4.815 X85.536 Y100 E89.79086
G1 Z4.817 X85.567 Y99.054 E89.8229
G1 Z4.819 X85.66 Y98.112 E89.85494
G1 Z4.822 X85.814 Y97.178 E89.88698
G1 Z4.824 X86.029 Y96.256 E89.91903
G1 Z4.826 X86.304 Y95.351 E89.95105
G1 Z4.828 X86.637 Y94.465 E89.98309
G1 Z4.830 X87.028 Y93.603 E90.01513
G1 Z4.832 X87.474 Y92.768 E90.04717
G1 Z4.834 X87.974 Y91.964 E90.07922
G1 Z4.836 X88.525 Y91.195 E90.11124
G1 Z4.838 X89.125 Y90.463 E90.14328
G1 Z4.840 X89.773 Y89.773 E90.17532
G1 Z4.842 X90.463 Y89.126 E90.20734
G1 Z4.844 X91.195 Y88.525 E90.2394
G1 Z4.847 X91.964 Y87.974 E90.27142
G1 Z4.849 X92.768 Y87.474 E90.30347
G1 Z4.851 X93.603 Y87.028 E90.33551
G1 Z4.853 X94.465 Y86.637 E90.36755
G1 Z4.855 X95.351 Y86.304 E90.39959
G1 Z4.857 X96.256 Y86.029 E90.43161
G1 Z4.859 X97.178 Y85.814 E90.46366
G1 Z4.861 X98.112 Y85.66 E90.4957
G1 Z4.863 X99.054 Y85.567 E90.52774
G1 Z4.865 X100 Y85.536 E90.55978
G1 Z4.867 X100.669 Y85.558 E90.58244
G1 Z4.867 X100.946 Y85.567 E90.59182
G1 Z4.869 X101.888 Y85.66 E90.62386
G1 Z4.872 X102.822 Y85.814 E90.6559
G1 Z4.874 X103.744 Y86.029 E90.68795
G1 Z4.876 X104.649 Y86.304 E90.71997
G1 Z4.878 X105.535 Y86.637 E90.75201
G1 Z4.880 X106.397 Y87.028 E90.78405
G1 Z4.882 X107.232 Y87.474 E90.81609
G1 Z4.884 X108.036 Y87.974 E90.84814
G1 Z4.886 X108.805 Y88.525 E90.88016
G1 Z4.888 X109.537 Y89.125 E90.9122
G1 Z4.890 X110.227 Y89.773 E90.94424
G1 Z4.892 X110.874 Y90.463 E90.97626
G1 Z4.894 X111.475 Y91.195 E91.00832
G1 Z4.897 X112.026 Y91.964 E91.04034
G1 Z4.899 X112.526 Y92.768 E91.07239
G1 Z4.901 X112.972 Y93.603 E91.10443
G1 Z4.903 X113.363 Y94.465 E91.13647
G1 Z4.905 X113.696 Y95.351 E91.16851
G1 Z4.907 X113.971 Y96.256 E91.20053
G1 Z4.909 X114.186 Y97.178 E91.23258
G1 Z4.911 X114.34 Y98.112 E91.26462
G1 Z4.913 X114.433 Y99.054 E91.29666
G1 Z4.915 X114.464 Y100 E91.3287
G1 Z4.917 X114.433 Y100.946 E91.36074
G1 Z4.919 X114.34 Y101.888 E91.39278
G1 Z4.922 X114.186 Y102.822 E91.42482
G1 Z4.924 X113.971 Y103.744 E91.45687
G1 Z4.926 X113.696 Y104.649 E91.48889
G1 Z4.928 X113.363 Y105.535 E91.52093
G1 Z4.930 X112.972 Y106.397 E91.55297
G1 Z4.932 X112.526 Y107.232 E91.58501
G1 Z4.934 X112.026 Y108.036 E91.61706
G1 Z4.936 X111.475 Y108.805 E91.64908
G1 Z4.938 X110.875 Y109.537 E91.68112
G1 Z4.940 X110.227 Y110.227 E91.71316
G1 Z4.942 X109.537 Y110.874 E91.74518
G1 Z4.944 X108.805 Y111.475 E91.77724
G1 Z4.947 X108.036 Y112.026 E91.80926
G1 Z4.949 X107.232 Y112.526 E91.84131
G1 Z4.951 X106.397 Y112.972 E91.87335
G1 Z4.953 X105.535 Y113.363 E91.90539
G1 Z4.955 X104.649 Y113.696 E91.93743
G1 Z4.957 X103.744 Y113.971 E91.96945
G1 Z4.959 X102.822 Y114.186 E92.0015
G1 Z4.961 X101.888 Y114.34 E92.03354
G1 Z4.963 X100.946 Y114.433 E92.06558
G1 Z4.965 X100 Y114.464 E92.09762
G1 Z4.967 X99.054 Y114.433 E92.12966
G1 Z4.969 X98.112 Y114.34 E92.1617
G1 Z4.972 X97.178 Y114.186 E92.19374
G1 Z4.974 X96.256 Y113.971 E92.22579
G1 Z4.976 X95.351 Y113.696 E92.25781
G1 Z4.978 X94.465 Y113.363 E92.28985
G1 Z4.980 X93.603 Y112.972 E92.32189
G1 Z4.982 X92.768 Y112.526 E92.35393
G1 Z4.984 X91.964 Y112.026 E92.38598
G1 Z4.986 X91.195 Y111.475 E92.418
G1 Z4.988 X90.463 Y110.875 E92.45004
G1 Z4.990 X89.773 Y110.227 E92.48208
G1 Z4.992 X89.126 Y109.537 E92.5141
G1 Z4.994 X88.525 Y108.805 E92.54616
G1 Z4.997 X87.974 Y108.036 E92.57818
G1 Z4.999 X87.474 Y107.232 E92.61023
G1 Z5.000 X87.179 Y106.681 E92.63139
;LAYER_CHANGE
;Z:5.2
;HEIGHT:0.2
G1 Z5.000 F7800
G1 F1102
G1 Z5.001 X86.88 Y106.47 E92.64246
G1 Z5.003 X86.485 Y105.598 E92.67486
G1 Z5.005 X86.148 Y104.702 E92.70726
G1 Z5.007 X85.87 Y103.786 E92.73966
G1 Z5.009 X85.653 Y102.854 E92.77205
G1 Z5.011 X85.497 Y101.909 E92.80447
G1 Z5.013 X85.403 Y100.957 E92.83685
G1 Z5.015 X85.372 Y100 E92.86926
G1 Z5.017 X85.403 Y99.043 E92.90167
G1 Z5.019 X85.497 Y98.091 E92.93405
G1 Z5.022 X85.653 Y97.146 E92.96647
G1 Z5.024 X85.87 Y96.214 E92.99886
G1 Z5.026 X86.148 Y95.298 E93.03126
G1 Z5.028 X86.485 Y94.402 E93.06366
G1 Z5.030 X86.88 Y93.53 E93.09606
G1 Z5.032 X87.332 Y92.686 E93.12847
G1 Z5.034 X87.837 Y91.873 E93.16087
G1 Z5.036 X88.395 Y91.095 E93.19328
G1 Z5.038 X89.002 Y90.355 E93.22568
G1 Z5.040 X89.656 Y89.656 E93.25808
G1 Z5.042 X90.355 Y89.002 E93.29048
G1 Z5.044 X91.095 Y88.395 E93.32288
G1 Z5.047 X91.873 Y87.837 E93.35529
G1 Z5.049 X92.686 Y87.332 E93.38769
G1 Z5.051 X93.53 Y86.88 E93.4201
G1 Z5.053 X94.402 Y86.485 E93.4525
G1 Z5.055 X95.298 Y86.148 E93.4849
G1 Z5.057 X96.214 Y85.87 E93.5173
G1 Z5.059 X97.146 Y85.653 E93.54969
G1 Z5.061 X98.091 Y85.497 E93.58211
G1 Z5.063 X99.043 Y85.403 E93.61449
G1 Z5.065 X100 Y85.372 E93.6469
G1 Z5.066 X100.288 Y85.381 E93.65665
G1 Z5.067 X100.957 Y85.403 E93.67931
G1 Z5.069 X101.909 Y85.497 E93.71169
G1 Z5.072 X102.854 Y85.653 E93.74411
G1 Z5.074 X103.786 Y85.87 E93.7765
G1 Z5.076 X104.702 Y86.148 E93.8089
G1 Z5.078 X105.598 Y86.485 E93.8413
G1 Z5.080 X106.47 Y86.88 E93.8737
G1 Z5.082 X107.314 Y87.332 E93.90611
G1 Z5.084 X108.127 Y87.837 E93.93851
G1 Z5.086 X108.905 Y88.395 E93.97092
G1 Z5.088 X109.645 Y89.002 E94.00332
G1 Z5.090 X110.344 Y89.656 E94.03572
G1 Z5.092 X110.998 Y90.355 E94.06812
G1 Z5.094 X111.605 Y91.095 E94.10052
G1 Z5.097 X112.163 Y91.873 E94.13293
G1 Z5.099 X112.668 Y92.686 E94.16533
G1 Z5.101 X113.12 Y93.53 E94.19774
G1 Z5.103 X113.515 Y94.402 E94.23014
G1 Z5.105 X113.852 Y95.298 E94.26254
G1 Z5.107 X114.13 Y96.214 E94.29494
G1 Z5.109 X114.347 Y97.146 E94.32733
G1 Z5.111 X114.503 Y98.091 E94.35975
G1 Z5.113 X114.597 Y99.043 E94.39213
G1 Z5.115 X114.628 Y100 E94.42454
G1 Z5.117 X114.597 Y100.957 E94.45695
G1 Z5.119 X114.503 Y101.909 E94.48933
G1 Z5.122 X114.347 Y102.854 E94.52175
G1 Z5.124 X114.13 Y103.786 E94.55414
G1 Z5.126 X113.852 Y104.702 E94.58654
G1 Z5.128 X113.515 Y105.598 E94.61894
G1 Z5.130 X113.12 Y106.47 E94.65134
G1 Z5.132 X112.668 Y107.314 E94.68375
G1 Z5.134 X112.163 Y108.127 E94.71615
G1 Z5.136 X111.605 Y108.905 E94.74856
G1 Z5.138 X110.998 Y109.645 E94.78096
G1 Z5.140 X110.344 Y110.344 E94.81336
G1 Z5.142 X109.645 Y110.998 E94.84576
G1 Z5.144 X108.905 Y111.605 E94.87816
G1 Z5.147 X108.127 Y112.163 E94.91057
G1 Z5.149 X107.314 Y112.668 E94.94297
G1 Z5.151 X106.47 Y113.12 E94.97538
G1 Z5.153 X105.598 Y113.515 E95.00778
G1 Z5.155 X104.702 Y113.852 E95.04018
G1 Z5.157 X103.786 Y114.13 E95.07258
G1 Z5.159 X102.854 Y114.347 E95.10497
G1 Z5.161 X101.909 Y114.503 E95.13739
G1 Z5.163 X100.957 Y114.597 E95.16977
G1 Z5.165 X100 Y114.628 E95.20218
G1 Z5.167 X99.043 Y114.597 E95.23459
G1 Z5.169 X98.091 Y114.503 E95.26697
G1 Z5.172 X97.146 Y114.347 E95.29939
G1 Z5.174 X96.214 Y114.13 E95.33178
G1 Z5.176 X95.298 Y113.852 E95.36418
G1 Z5.178 X94.402 Y113.515 E95.39658
G1 Z5.180 X93.53 Y113.12 E95.42898
G1 Z5.182 X92.686 Y112.668 E95.46139
G1 Z5.184 X91.873 Y112.163 E95.49379
G1 Z5.186 X91.095 Y111.605 E95.5262
G1 Z5.188 X90.355 Y110.998 E95.5586
G1 Z5.190 X89.656 Y110.344 E95.591
G1 Z5.192 X89.002 Y109.645 E95.6234
G1 Z5.194 X88.395 Y108.905 E95.6558
G1 Z5.197 X87.837 Y108.127 E95.68821
G1 Z5.199 X87.332 Y107.314 E95.72061
G1 Z5.200 X87.035 Y106.758 E95.74195
;LAYER_CHANGE
;Z:5.4
;HEIGHT:0.2
G1 Z5.200 F7800
G1 F1115
G1 Z5.201 X86.73 Y106.544 E95.7532
G1 Z5.203 X86.331 Y105.662 E95.78597
G1 Z5.205 X85.99 Y104.756 E95.81874
G1 Z5.207 X85.709 Y103.829 E95.85153
G1 Z5.209 X85.489 Y102.886 E95.88431
G1 Z5.211 X85.331 Y101.931 E95.91708
G1 Z5.213 X85.236 Y100.968 E95.94983
G1 Z5.215 X85.208 Y100.096 E95.97936
G1 Z5.217 X85.236 Y99.032 E96.01539
G1 Z5.219 X85.331 Y98.069 E96.04814
G1 Z5.222 X85.489 Y97.114 E96.08091
G1 Z5.224 X85.709 Y96.171 E96.11369
G1 Z5.226 X85.99 Y95.244 E96.14648
G1 Z5.228 X86.331 Y94.338 E96.17925
G1 Z5.230 X86.73 Y93.456 E96.21202
G1 Z5.232 X87.187 Y92.602 E96.24481
G1 Z5.234 X87.698 Y91.78 E96.27757
G1 Z5.236 X88.262 Y90.993 E96.31034
G1 Z5.238 X88.876 Y90.245 E96.3431
G1 Z5.240 X89.472 Y89.608 E96.37263
G1 Z5.242 X90.245 Y88.876 E96.40867
G1 Z5.244 X90.993 Y88.262 E96.44143
G1 Z5.247 X91.78 Y87.698 E96.4742
G1 Z5.249 X92.602 Y87.187 E96.50696
G1 Z5.251 X93.456 Y86.73 E96.53975
G1 Z5.253 X94.338 Y86.331 E96.57252
G1 Z5.255 X95.244 Y85.99 E96.60529
G1 Z5.257 X96.171 Y85.709 E96.63808
G1 Z5.259 X97.114 Y85.489 E96.67086
G1 Z5.261 X98.069 Y85.331 E96.70363
G1 Z5.263 X99.032 Y85.236 E96.73638
G1 Z5.265 X100 Y85.204 E96.76916
G1 Z5.267 X100.872 Y85.233 E96.79869
G1 Z5.269 X101.932 Y85.331 E96.83472
G1 Z5.272 X102.886 Y85.489 E96.86745
G1 Z5.274 X103.829 Y85.709 E96.90023
G1 Z5.276 X104.756 Y85.99 E96.93302
G1 Z5.278 X105.662 Y86.331 E96.96579
G1 Z5.280 X106.544 Y86.73 E96.99856
G1 Z5.282 X107.398 Y87.187 E97.03135
G1 Z5.284 X108.22 Y87.698 E97.06411
G1 Z5.286 X109.007 Y88.262 E97.09688
G1 Z5.288 X109.755 Y88.876 E97.12964
G1 Z5.290 X110.392 Y89.472 E97.15917
G1 Z5.292 X111.124 Y90.245 E97.19521
G1 Z5.294 X111.738 Y90.993 E97.22797
G1 Z5.297 X112.302 Y91.78 E97.26074
G1 Z5.299 X112.813 Y92.602 E97.2935
G1 Z5.301 X113.27 Y93.456 E97.32629
G1 Z5.303 X113.669 Y94.338 E97.35906
G1 Z5.305 X114.01 Y95.244 E97.39183
G1 Z5.307 X114.291 Y96.171 E97.42462
G1 Z5.309 X114.511 Y97.114 E97.4574
G1 Z5.311 X114.669 Y98.069 E97.49017
G1 Z5.313 X114.764 Y99.032 E97.52292
G1 Z5.315 X114.792 Y99.904 E97.55245
G1 Z5.317 X114.764 Y100.968 E97.58848
G1 Z5.319 X114.669 Y101.931 E97.62123
G1 Z5.322 X114.511 Y102.886 E97.654
G1 Z5.324 X114.291 Y103.829 E97.68678
G1 Z5.326 X114.01 Y104.756 E97.71957
G1 Z5.328 X113.669 Y105.662 E97.75234
G1 Z5.330 X113.27 Y106.544 E97.78511
G1 Z5.332 X112.813 Y107.398 E97.8179
G1 Z5.334 X112.302 Y108.22 E97.85066
G1 Z5.336 X111.738 Y109.007 E97.88343
G1 Z5.338 X111.124 Y109.755 E97.91619
G1 Z5.340 X110.528 Y110.392 E97.94572
G1 Z5.342 X109.755 Y111.124 E97.98176
G1 Z5.344 X109.007 Y111.738 E98.01452
G1 Z5.347 X108.22 Y112.302 E98.04729
G1 Z5.349 X107.398 Y112.813 E98.08005
G1 Z5.351 X106.544 Y113.27 E98.11284
G1 Z5.353 X105.662 Y113.669 E98.14561
G1 Z5.355 X104.756 Y114.01 E98.17838
G1 Z5.357 X103.829 Y114.291 E98.21117
G1 Z5.359 X102.886 Y114.511 E98.24395
G1 Z5.361 X101.931 Y114.669 E98.27672
G1 Z5.363 X100.968 Y114.764 E98.30947
G1 Z5.365 X100.096 Y114.792 E98.339
G1 Z5.367 X99.032 Y114.764 E98.37503
G1 Z5.369 X98.069 Y114.669 E98.40778
G1 Z5.372 X97.114 Y114.511 E98.44055
G1 Z5.374 X96.171 Y114.291 E98.47333
G1 Z5.376 X95.244 Y114.01 E98.50612
G1 Z5.378 X94.338 Y113.669 E98.53889
G1 Z5.380 X93.456 Y113.27 E98.57166
G1 Z5.382 X92.602 Y112.813 E98.60445
G1 Z5.384 X91.78 Y112.302 E98.63721
G1 Z5.386 X90.993 Y111.738 E98.66998
G1 Z5.388 X90.245 Y111.124 E98.70274
G1 Z5.390 X89.608 Y110.528 E98.73227
G1 Z5.392 X88.876 Y109.755 E98.76831
G1 Z5.394 X88.262 Y109.007 E98.80107
G1 Z5.397 X87.698 Y108.22 E98.83384
G1 Z5.399 X87.187 Y107.398 E98.8666
G1 Z5.400 X86.887 Y106.837 E98.88813
;LAYER_CHANGE
;Z:5.6
;HEIGHT:0.2
G1 Z5.400 F7800
G1 F1128
G1 Z5.401 X86.576 Y106.62 E98.89958
G1 Z5.403 X86.172 Y105.728 E98.93273
G1 Z5.405 X85.827 Y104.811 E98.96589
G1 Z5.407 X85.543 Y103.874 E98.99903
G1 Z5.409 X85.321 Y102.92 E99.03218
G1 Z5.411 X85.161 Y101.954 E99.06532
G1 Z5.413 X85.065 Y100.979 E99.09848
G1 Z5.415 X85.033 Y100 E99.13164
G1 Z5.417 X85.065 Y99.021 E99.1648
G1 Z5.419 X85.161 Y98.046 E99.19796
G1 Z5.422 X85.321 Y97.08 E99.2311
G1 Z5.424 X85.543 Y96.126 E99.26425
G1 Z5.426 X85.827 Y95.189 E99.29739
G1 Z5.428 X86.172 Y94.272 E99.33055
G1 Z5.430 X86.576 Y93.38 E99.3637
G1 Z5.432 X87.038 Y92.516 E99.39686
G1 Z5.434 X87.555 Y91.685 E99.42999
G1 Z5.436 X88.126 Y90.889 E99.46315
G1 Z5.438 X88.747 Y90.132 E99.49629
G1 Z5.440 X89.417 Y89.417 E99.52946
G1 Z5.442 X90.132 Y88.747 E99.56263
G1 Z5.444 X90.889 Y88.126 E99.59577
G1 Z5.447 X91.685 Y87.555 E99.62893
G1 Z5.449 X92.516 Y87.038 E99.66206
G1 Z5.451 X93.38 Y86.576 E99.69522
G1 Z5.453 X94.272 Y86.172 E99.72837
G1 Z5.455 X95.189 Y85.827 E99.76153
G1 Z5.457 X96.126 Y85.543 E99.79467
G1 Z5.459 X97.08 Y85.321 E99.82782
G1 Z5.461 X98.046 Y85.161 E99.86096
G1 Z5.463 X99.021 Y85.065 E99.89412
G1 Z5.465 X100 Y85.033 E99.92728
G1 Z5.466 X100.494 Y85.049 E99.94401
G1 Z5.467 X100.979 Y85.065 E99.96044
G1 Z5.469 X101.954 Y85.161 E99.9936
G1 Z5.472 X102.92 Y85.321 E100.02674
G1 Z5.474 X103.874 Y85.543 E100.05989
G1 Z5.476 X104.811 Y85.827 E100.09303
G1 Z5.478 X105.728 Y86.172 E100.12619
G1 Z5.480 X106.62 Y86.576 E100.15934
G1 Z5.482 X107.484 Y87.038 E100.1925
G1 Z5.484 X108.315 Y87.555 E100.22563
G1 Z5.486 X109.111 Y88.126 E100.25879
G1 Z5.488 X109.868 Y88.747 E100.29193
G1 Z5.490 X110.583 Y89.417 E100.3251
G1 Z5.492 X111.253 Y90.132 E100.35827
G1 Z5.494 X111.874 Y90.889 E100.39141
G1 Z5.497 X112.445 Y91.685 E100.42457
G1 Z5.499 X112.962 Y92.516 E100.4577
G1 Z5.501 X113.424 Y93.38 E100.49086
G1 Z5.503 X113.828 Y94.272 E100.52401
G1 Z5.505 X114.173 Y95.189 E100.55717
G1 Z5.507 X114.457 Y96.126 E100.59031
G1 Z5.509 X114.679 Y97.08 E100.62346
G1 Z5.511 X114.839 Y98.046 E100.6566
G1 Z5.513 X114.935 Y99.021 E100.68976
G1 Z5.515 X114.967 Y100 E100.72292
G1 Z5.517 X114.935 Y100.979 E100.75608
G1 Z5.519 X114.839 Y101.954 E100.78924
G1 Z5.522 X114.679 Y102.92 E100.82238
G1 Z5.524 X114.457 Y103.874 E100.85553
G1 Z5.526 X114.173 Y104.811 E100.88867
G1 Z5.528 X113.828 Y105.728 E100.92183
G1 Z5.530 X113.424 Y106.62 E100.95498
G1 Z5.532 X112.962 Y107.484 E100.98814
G1 Z5.534 X112.445 Y108.315 E101.02127
G1 Z5.536 X111.874 Y109.111 E101.05443
G1 Z5.538 X111.253 Y109.868 E101.08757
G1 Z5.540 X110.583 Y110.583 E101.12074
G1 Z5.542 X109.868 Y111.253 E101.15391
G1 Z5.544 X109.111 Y111.874 E101.18705
G1 Z5.547 X108.315 Y112.445 E101.22021
G1 Z5.549 X107.484 Y112.962 E101.25334
G1 Z5.551 X106.62 Y113.424 E101.2865
G1 Z5.553 X105.728 Y113.828 E101.31965
G1 Z5.555 X104.811 Y114.173 E101.35281
G1 Z5.557 X103.874 Y114.457 E101.38595
G1 Z5.559 X102.92 Y114.679 E101.4191
G1 Z5.561 X101.954 Y114.839 E101.45224
G1 Z5.563 X100.979 Y114.935 E101.4854
G1 Z5.565 X100 Y114.967 E101.51856
G1 Z5.567 X99.021 Y114.935 E101.55172
G1 Z5.569 X98.046 Y114.839 E101.58488
G1 Z5.572 X97.08 Y114.679 E101.61802
G1 Z5.574 X96.126 Y114.457 E101.65117
G1 Z5.576 X95.189 Y114.173 E101.68431
G1 Z5.578 X94.272 Y113.828 E101.71747
G1 Z5.580 X93.38 Y113.424 E101.75062
G1 Z5.582 X92.516 Y112.962 E101.78378
G1 Z5.584 X91.685 Y112.445 E101.81691
G1 Z5.586 X90.889 Y111.874 E101.85007
G1 Z5.588 X90.132 Y111.253 E101.88321
G1 Z5.590 X89.417 Y110.583 E101.91638
G1 Z5.592 X88.747 Y109.868 E101.94955
G1 Z5.594 X88.126 Y109.111 E101.98269
G1 Z5.597 X87.555 Y108.315 E102.01585
G1 Z5.599 X87.038 Y107.484 E102.04898
G1 Z5.600 X86.736 Y106.918 E102.0707
;LAYER_CHANGE
;Z:5.8
;HEIGHT:0.2
G1 Z5.600 F7800
G1 F1141
G1 Z5.601 X86.421 Y106.696 E102.08233
G1 Z5.603 X86.012 Y105.794 E102.11585
G1 Z5.605 X85.664 Y104.867 E102.14937
G1 Z5.607 X85.376 Y103.919 E102.18291
G1 Z5.609 X85.151 Y102.954 E102.21645
G1 Z5.611 X84.99 Y101.976 E102.25
G1 Z5.613 X84.892 Y100.99 E102.28354
G1 Z5.615 X84.86 Y100.001 E102.31703
G1 Z5.618 X84.902 Y98.909 E102.35402
G1 Z5.619 X84.99 Y98.024 E102.38412
G1 Z5.622 X85.151 Y97.046 E102.41767
G1 Z5.624 X85.376 Y96.081 E102.45121
G1 Z5.626 X85.664 Y95.133 E102.48475
G1 Z5.628 X86.012 Y94.206 E102.51827
G1 Z5.630 X86.421 Y93.304 E102.55179
G1 Z5.632 X86.888 Y92.43 E102.58533
G1 Z5.634 X87.412 Y91.589 E102.61887
G1 Z5.636 X87.989 Y90.783 E102.65242
G1 Z5.638 X88.617 Y90.018 E102.68592
G1 Z5.640 X89.294 Y89.294 E102.71947
G1 Z5.642 X90.018 Y88.617 E102.75302
G1 Z5.644 X90.783 Y87.989 E102.78652
G1 Z5.647 X91.588 Y87.412 E102.82004
G1 Z5.649 X92.52 Y86.841 E102.85704
G1 Z5.651 X93.304 Y86.421 E102.88715
G1 Z5.653 X94.206 Y86.012 E102.92067
G1 Z5.655 X95.133 Y85.664 E102.95419
G1 Z5.657 X96.081 Y85.376 E102.98773
G1 Z5.659 X97.046 Y85.151 E103.02127
G1 Z5.661 X98.024 Y84.99 E103.05482
G1 Z5.663 X99.009 Y84.893 E103.08832
G1 Z5.666 X100.102 Y84.863 E103.12533
G1 Z5.667 X100.99 Y84.892 E103.1554
G1 Z5.669 X101.976 Y84.99 E103.18894
G1 Z5.672 X102.954 Y85.151 E103.22249
G1 Z5.674 X103.919 Y85.376 E103.25603
G1 Z5.676 X104.867 Y85.664 E103.28957
G1 Z5.678 X105.794 Y86.012 E103.32309
G1 Z5.680 X106.696 Y86.421 E103.35661
G1 Z5.682 X107.57 Y86.888 E103.39015
G1 Z5.684 X108.411 Y87.412 E103.42369
G1 Z5.686 X109.217 Y87.989 E103.45724
G1 Z5.688 X109.982 Y88.617 E103.49074
G1 Z5.690 X110.706 Y89.294 E103.52429
G1 Z5.692 X111.383 Y90.018 E103.55784
G1 Z5.694 X112.011 Y90.783 E103.59134
G1 Z5.697 X112.588 Y91.588 E103.62486
G1 Z5.699 X113.159 Y92.52 E103.66186
G1 Z5.701 X113.579 Y93.304 E103.69197
G1 Z5.703 X113.988 Y94.206 E103.72549
G1 Z5.705 X114.336 Y95.133 E103.75901
G1 Z5.707 X114.624 Y96.081 E103.79255
G1 Z5.709 X114.849 Y97.046 E103.82609
G1 Z5.711 X115.01 Y98.024 E103.85964
G1 Z5.713 X115.108 Y99.01 E103.89318
G1 Z5.715 X115.14 Y99.999 E103.92667
G1 Z5.718 X115.098 Y101.091 E103.96366
G1 Z5.719 X115.01 Y101.976 E103.99376
G1 Z5.722 X114.849 Y102.954 E104.02731
G1 Z5.724 X114.624 Y103.919 E104.06085
G1 Z5.726 X114.336 Y104.867 E104.09439
G1 Z5.728 X113.988 Y105.794 E104.12791
G1 Z5.730 X113.579 Y106.696 E104.16143
G1 Z5.732 X113.112 Y107.57 E104.19497
G1 Z5.734 X112.588 Y108.411 E104.22851
G1 Z5.736 X112.011 Y109.217 E104.26206
G1 Z5.738 X111.383 Y109.982 E104.29556
G1 Z5.740 X110.706 Y110.706 E104.32911
G1 Z5.742 X109.982 Y111.383 E104.36266
G1 Z5.744 X109.217 Y112.011 E104.39616
G1 Z5.747 X108.412 Y112.588 E104.42968
G1 Z5.749 X107.48 Y113.159 E104.46668
G1 Z5.751 X106.696 Y113.579 E104.49679
G1 Z5.753 X105.794 Y113.988 E104.53031
G1 Z5.755 X104.867 Y114.336 E104.56383
G1 Z5.757 X103.919 Y114.624 E104.59737
G1 Z5.759 X102.954 Y114.849 E104.63091
G1 Z5.761 X101.976 Y115.01 E104.66446
G1 Z5.763 X100.99 Y115.108 E104.698
G1 Z5.765 X100.001 Y115.14 E104.73149
G1 Z5.768 X98.909 Y115.098 E104.76848
G1 Z5.769 X98.024 Y115.01 E104.79858
G1 Z5.772 X97.046 Y114.849 E104.83213
G1 Z5.774 X96.081 Y114.624 E104.86567
G1 Z5.776 X95.133 Y114.336 E104.89921
G1 Z5.778 X94.206 Y113.988 E104.93273
G1 Z5.780 X93.304 Y113.579 E104.96625
G1 Z5.782 X92.43 Y113.112 E104.99979
G1 Z5.784 X91.589 Y112.588 E105.03333
G1 Z5.786 X90.783 Y112.011 E105.06688
G1 Z5.788 X90.018 Y111.383 E105.10038
G1 Z5.790 X89.294 Y110.706 E105.13393
G1 Z5.792 X88.617 Y109.982 E105.16748
G1 Z5.794 X87.989 Y109.217 E105.20098
G1 Z5.797 X87.412 Y108.412 E105.2345
G1 Z5.799 X86.841 Y107.48 E105.2715
G1 Z5.800 X86.583 Y106.999 E105.28998
;LAYER_CHANGE
;Z:6
;HEIGHT:0.2
G1 Z5.800 F7800
G1 F1154
G1 Z5.801 X86.264 Y106.774 E105.30179
G1 Z5.803 X85.85 Y105.861 E105.33572
G1 Z5.805 X85.497 Y104.923 E105.36964
G1 Z5.807 X85.206 Y103.964 E105.40356
G1 Z5.809 X84.978 Y102.988 E105.43749
G1 Z5.811 X84.815 Y101.999 E105.47142
G1 Z5.813 X84.717 Y101.002 E105.50533
G1 Z5.815 X84.684 Y100 E105.53926
G1 Z5.817 X84.717 Y98.998 E105.57319
G1 Z5.819 X84.815 Y98.001 E105.6071
G1 Z5.822 X84.978 Y97.012 E105.64103
G1 Z5.824 X85.206 Y96.036 E105.67496
G1 Z5.826 X85.497 Y95.077 E105.70888
G1 Z5.828 X85.85 Y94.139 E105.7428
G1 Z5.830 X86.264 Y93.226 E105.77673
G1 Z5.832 X86.736 Y92.342 E105.81065
G1 Z5.834 X87.265 Y91.491 E105.84457
G1 Z5.836 X87.849 Y90.676 E105.87851
G1 Z5.838 X88.485 Y89.902 E105.91242
G1 Z5.840 X89.17 Y89.17 E105.94635
G1 Z5.842 X89.902 Y88.485 E105.98028
G1 Z5.844 X90.676 Y87.849 E106.01419
G1 Z5.847 X91.491 Y87.265 E106.04813
G1 Z5.849 X92.342 Y86.736 E106.08205
G1 Z5.851 X93.226 Y86.264 E106.11597
G1 Z5.853 X94.139 Y85.85 E106.1499
G1 Z5.855 X95.077 Y85.497 E106.18382
G1 Z5.857 X96.036 Y85.206 E106.21774
G1 Z5.859 X97.012 Y84.978 E106.25167
G1 Z5.861 X98.001 Y84.815 E106.2856
G1 Z5.863 X98.998 Y84.717 E106.31951
G1 Z5.865 X100 Y84.684 E106.35344
G1 Z5.867 X100.708 Y84.707 E106.37742
G1 Z5.867 X101.002 Y84.717 E106.38738
G1 Z5.869 X101.999 Y84.815 E106.42129
G1 Z5.872 X102.988 Y84.978 E106.45522
G1 Z5.874 X103.964 Y85.206 E106.48915
G1 Z5.876 X104.923 Y85.497 E106.52307
G1 Z5.878 X105.861 Y85.85 E106.55699
G1 Z5.880 X106.774 Y86.264 E106.59092
G1 Z5.882 X107.658 Y86.736 E106.62484
G1 Z5.884 X108.509 Y87.265 E106.65876
G1 Z5.886 X109.324 Y87.849 E106.6927
G1 Z5.888 X110.098 Y88.485 E106.72661
G1 Z5.890 X110.83 Y89.17 E106.76054
G1 Z5.892 X111.515 Y89.902 E106.79447
G1 Z5.894 X112.151 Y90.676 E106.82838
G1 Z5.897 X112.735 Y91.491 E106.86232
G1 Z5.899 X113.264 Y92.342 E106.89624
G1 Z5.901 X113.736 Y93.226 E106.93016
G1 Z5.903 X114.15 Y94.139 E106.96409
G1 Z5.905 X114.503 Y95.077 E106.99801
G1 Z5.907 X114.794 Y96.036 E107.03193
G1 Z5.909 X115.022 Y97.012 E107.06586
G1 Z5.911 X115.185 Y98.001 E107.09979
G1 Z5.913 X115.283 Y98.998 E107.1337
G1 Z5.915 X115.316 Y100 E107.16763
G1 Z5.917 X115.283 Y101.002 E107.20156
G1 Z5.919 X115.185 Y101.999 E107.23547
G1 Z5.922 X115.022 Y102.988 E107.2694
G1 Z5.924 X114.794 Y103.964 E107.30333
G1 Z5.926 X114.503 Y104.923 E107.33725
G1 Z5.928 X114.15 Y105.861 E107.37117
G1 Z5.930 X113.736 Y106.774 E107.4051
G1 Z5.932 X113.264 Y107.658 E107.43902
G1 Z5.934 X112.735 Y108.509 E107.47294
G1 Z5.936 X112.151 Y109.324 E107.50688
G1 Z5.938 X111.515 Y110.098 E107.54079
G1 Z5.940 X110.83 Y110.83 E107.57472
G1 Z5.942 X110.098 Y111.515 E107.60865
G1 Z5.944 X109.324 Y112.151 E107.64256
G1 Z5.947 X108.509 Y112.735 E107.6765
G1 Z5.949 X107.658 Y113.264 E107.71042
G1 Z5.951 X106.774 Y113.736 E107.74434
G1 Z5.953 X105.861 Y114.15 E107.77827
G1 Z5.955 X104.923 Y114.503 E107.81219
G1 Z5.957 X103.964 Y114.794 E107.84611
G1 Z5.959 X102.988 Y115.022 E107.88004
G1 Z5.961 X101.999 Y115.185 E107.91397
G1 Z5.963 X101.002 Y115.283 E107.94788
G1 Z5.965 X100 Y115.316 E107.98181
G1 Z5.967 X98.998 Y115.283 E108.01574
G1 Z5.969 X98.001 Y115.185 E108.04965
G1 Z5.972 X97.012 Y115.022 E108.08358
G1 Z5.974 X96.036 Y114.794 E108.11751
G1 Z5.976 X95.077 Y114.503 E108.15143
G1 Z5.978 X94.139 Y114.15 E108.18535
G1 Z5.980 X93.226 Y113.736 E108.21928
G1 Z5.982 X92.342 Y113.264 E108.2532
G1 Z5.984 X91.491 Y112.735 E108.28712
G1 Z5.986 X90.676 Y112.151 E108.32106
G1 Z5.988 X89.902 Y111.515 E108.35497
G1 Z5.990 X89.17 Y110.83 E108.3889
G1 Z5.992 X88.485 Y110.098 E108.42283
G1 Z5.994 X87.849 Y109.324 E108.45674
G1 Z5.997 X87.265 Y108.509 E108.49068
G1 Z5.999 X86.736 Y107.658 E108.5246
G1 Z6.000 X86.428 Y107.082 E108.54671
;LAYER_CHANGE
;Z:6.2
;HEIGHT:0.2
G1 Z6.000 F7800
G1 F1167
G1 Z6.001 X86.105 Y106.852 E108.55875
G1 Z6.003 X85.686 Y105.929 E108.59306
G1 Z6.005 X85.329 Y104.98 E108.62738
G1 Z6.006 X85.241 Y104.688 E108.6377
G1 Z6.007 X85.035 Y104.01 E108.66169
G1 Z6.009 X84.805 Y103.023 E108.69599
G1 Z6.011 X84.64 Y102.022 E108.73033
G1 Z6.013 X84.54 Y101.013 E108.76465
G1 Z6.015 X84.507 Y100 E108.79896
G1 Z6.017 X84.54 Y98.987 E108.83327
G1 Z6.019 X84.64 Y97.978 E108.86759
G1 Z6.022 X84.805 Y96.977 E108.90193
G1 Z6.024 X85.035 Y95.99 E108.93623
G1 Z6.026 X85.329 Y95.02 E108.97054
G1 Z6.028 X85.686 Y94.071 E109.00486
G1 Z6.030 X86.105 Y93.148 E109.03917
G1 Z6.032 X86.583 Y92.254 E109.07348
G1 Z6.034 X87.118 Y91.393 E109.10779
G1 Z6.036 X87.709 Y90.568 E109.14214
G1 Z6.038 X88.352 Y89.785 E109.17644
G1 Z6.040 X89.045 Y89.045 E109.21076
G1 Z6.042 X89.785 Y88.352 E109.24508
G1 Z6.044 X90.568 Y87.709 E109.27938
G1 Z6.047 X91.393 Y87.118 E109.31373
G1 Z6.049 X92.254 Y86.583 E109.34804
G1 Z6.051 X93.148 Y86.105 E109.38235
G1 Z6.053 X94.071 Y85.686 E109.41666
G1 Z6.055 X95.02 Y85.329 E109.45098
G1 Z6.056 X95.312 Y85.241 E109.4613
G1 Z6.057 X95.99 Y85.035 E109.48529
G1 Z6.059 X96.977 Y84.805 E109.51959
G1 Z6.061 X97.978 Y84.64 E109.55393
G1 Z6.063 X98.987 Y84.54 E109.58825
G1 Z6.065 X100 Y84.507 E109.62256
G1 Z6.066 X100.305 Y84.517 E109.63289
G1 Z6.067 X101.013 Y84.54 E109.65687
G1 Z6.069 X102.022 Y84.64 E109.69119
G1 Z6.072 X103.023 Y84.805 E109.72553
G1 Z6.074 X104.01 Y85.035 E109.75983
G1 Z6.076 X104.98 Y85.329 E109.79414
G1 Z6.078 X105.929 Y85.686 E109.82846
G1 Z6.080 X106.852 Y86.105 E109.86277
G1 Z6.082 X107.746 Y86.583 E109.89708
G1 Z6.084 X108.607 Y87.118 E109.93139
G1 Z6.086 X109.432 Y87.709 E109.96574
G1 Z6.088 X110.215 Y88.352 E110.00004
G1 Z6.090 X110.955 Y89.045 E110.03436
G1 Z6.092 X111.648 Y89.785 E110.06868
G1 Z6.094 X112.291 Y90.568 E110.10298
G1 Z6.097 X112.882 Y91.393 E110.13733
G1 Z6.099 X113.417 Y92.254 E110.17164
G1 Z6.101 X113.895 Y93.148 E110.20595
G1 Z6.103 X114.314 Y94.071 E110.24026
G1 Z6.105 X114.671 Y95.02 E110.27458
G1 Z6.106 X114.759 Y95.312 E110.2849
G1 Z6.107 X114.965 Y95.99 E110.30889
G1 Z6.109 X115.195 Y96.977 E110.34319
G1 Z6.111 X115.36 Y97.978 E110.37753
G1 Z6.113 X115.46 Y98.987 E110.41185
G1 Z6.115 X115.493 Y100 E110.44616
G1 Z6.117 X115.46 Y101.013 E110.48047
G1 Z6.119 X115.36 Y102.022 E110.51479
G1 Z6.122 X115.195 Y103.023 E110.54913
G1 Z6.124 X114.965 Y104.01 E110.58343
G1 Z6.126 X114.671 Y104.98 E110.61774
G1 Z6.128 X114.314 Y105.929 E110.65206
G1 Z6.130 X113.895 Y106.852 E110.68637
G1 Z6.132 X113.417 Y107.746 E110.72068
G1 Z6.134 X112.882 Y108.607 E110.75499
G1 Z6.136 X112.291 Y109.432 E110.78934
G1 Z6.138 X111.648 Y110.215 E110.82364
G1 Z6.140 X110.955 Y110.955 E110.85796
G1 Z6.142 X110.215 Y111.648 E110.89228
G1 Z6.144 X109.432 Y112.291 E110.92658
G1 Z6.147 X108.607 Y112.882 E110.96093
G1 Z6.149 X107.746 Y113.417 E110.99524
G1 Z6.151 X106.852 Y113.895 E111.02955
G1 Z6.153 X105.929 Y114.314 E111.06386
G1 Z6.155 X104.98 Y114.671 E111.09818
G1 Z6.156 X104.688 Y114.759 E111.1085
G1 Z6.157 X104.01 Y114.965 E111.13249
G1 Z6.159 X103.023 Y115.195 E111.16679
G1 Z6.161 X102.022 Y115.36 E111.20113
G1 Z6.163 X101.013 Y115.46 E111.23545
G1 Z6.165 X100 Y115.493 E111.26976
G1 Z6.167 X98.987 Y115.46 E111.30407
G1 Z6.169 X97.978 Y115.36 E111.33839
G1 Z6.172 X96.977 Y115.195 E111.37273
G1 Z6.174 X95.99 Y114.965 E111.40703
G1 Z6.176 X95.02 Y114.671 E111.44134
G1 Z6.178 X94.071 Y114.314 E111.47566
G1 Z6.180 X93.148 Y113.895 E111.50997
G1 Z6.182 X92.254 Y113.417 E111.54428
G1 Z6.184 X91.393 Y112.882 E111.57859
G1 Z6.186 X90.568 Y112.291 E111.61294
G1 Z6.188 X89.785 Y111.648 E111.64724
G1 Z6.190 X89.045 Y110.955 E111.68156
G1 Z6.192 X88.352 Y110.215 E111.71588
G1 Z6.194 X87.709 Y109.432 E111.75018
G1 Z6.197 X87.118 Y108.607 E111.78453
G1 Z6.199 X86.583 Y107.746 E111.81884
G1 Z6.200 X86.272 Y107.166 E111.84112
;LAYER_CHANGE
;Z:6.4
;HEIGHT:0.2
G1 Z6.200 F7800
G1 F1181
G1 Z6.201 X85.945 Y106.931 E111.85336
G1 Z6.203 X85.522 Y105.997 E111.88807
G1 Z6.205 X85.161 Y105.037 E111.92279
G1 Z6.207 X84.863 Y104.056 E111.95749
G1 Z6.209 X84.63 Y103.057 E111.99221
G1 Z6.211 X84.463 Y102.045 E112.02693
G1 Z6.213 X84.362 Y101.025 E112.06162
G1 Z6.215 X84.332 Y100.102 E112.09288
G1 Z6.217 X84.362 Y98.974 E112.13107
G1 Z6.219 X84.463 Y97.955 E112.16573
G1 Z6.222 X84.63 Y96.943 E112.20045
G1 Z6.224 X84.863 Y95.944 E112.23517
G1 Z6.226 X85.161 Y94.963 E112.26987
G1 Z6.228 X85.522 Y94.003 E112.30459
G1 Z6.230 X85.945 Y93.069 E112.3393
G1 Z6.232 X86.428 Y92.164 E112.37402
G1 Z6.234 X86.97 Y91.294 E112.40872
G1 Z6.236 X87.567 Y90.46 E112.44344
G1 Z6.238 X88.218 Y89.667 E112.47817
G1 Z6.240 X88.919 Y88.919 E112.51287
G1 Z6.242 X89.667 Y88.218 E112.54757
G1 Z6.244 X90.46 Y87.567 E112.5823
G1 Z6.247 X91.294 Y86.97 E112.61702
G1 Z6.249 X92.164 Y86.428 E112.65172
G1 Z6.251 X93.069 Y85.945 E112.68644
G1 Z6.253 X94.003 Y85.522 E112.72115
G1 Z6.255 X94.963 Y85.161 E112.75587
G1 Z6.257 X95.944 Y84.863 E112.79057
G1 Z6.259 X96.943 Y84.63 E112.82529
G1 Z6.261 X97.955 Y84.463 E112.86001
G1 Z6.263 X98.975 Y84.362 E112.8947
G1 Z6.265 X100 Y84.329 E112.92941
G1 Z6.267 X100.923 Y84.359 E112.96067
G1 Z6.269 X102.046 Y84.463 E112.99884
G1 Z6.272 X103.057 Y84.63 E113.03352
G1 Z6.274 X104.056 Y84.863 E113.06824
G1 Z6.276 X105.037 Y85.161 E113.10294
G1 Z6.278 X105.997 Y85.522 E113.13766
G1 Z6.280 X106.931 Y85.945 E113.17237
G1 Z6.282 X107.836 Y86.428 E113.20709
G1 Z6.284 X108.706 Y86.97 E113.24179
G1 Z6.286 X109.54 Y87.567 E113.27651
G1 Z6.288 X110.333 Y88.218 E113.31124
G1 Z6.290 X111.081 Y88.919 E113.34594
G1 Z6.292 X111.782 Y89.667 E113.38064
G1 Z6.294 X112.433 Y90.46 E113.41537
G1 Z6.297 X113.03 Y91.294 E113.45009
G1 Z6.299 X113.572 Y92.164 E113.48479
G1 Z6.301 X114.055 Y93.069 E113.51951
G1 Z6.303 X114.478 Y94.003 E113.55422
G1 Z6.305 X114.839 Y94.963 E113.58894
G1 Z6.307 X115.137 Y95.944 E113.62364
G1 Z6.309 X115.37 Y96.943 E113.65836
G1 Z6.311 X115.537 Y97.955 E113.69308
G1 Z6.313 X115.638 Y98.975 E113.72777
G1 Z6.315 X115.668 Y99.898 E113.75903
G1 Z6.317 X115.638 Y101.026 E113.79722
G1 Z6.319 X115.537 Y102.045 E113.83188
G1 Z6.322 X115.37 Y103.057 E113.8666
G1 Z6.324 X115.137 Y104.056 E113.90132
G1 Z6.326 X114.839 Y105.037 E113.93602
G1 Z6.328 X114.478 Y105.997 E113.97074
G1 Z6.330 X114.055 Y106.931 E114.00545
G1 Z6.332 X113.572 Y107.836 E114.04017
G1 Z6.334 X113.03 Y108.706 E114.07487
G1 Z6.336 X112.433 Y109.54 E114.10959
G1 Z6.338 X111.782 Y110.333 E114.14432
G1 Z6.340 X111.081 Y111.081 E114.17902
G1 Z6.342 X110.333 Y111.782 E114.21372
G1 Z6.344 X109.54 Y112.433 E114.24845
G1 Z6.347 X108.706 Y113.03 E114.28317
G1 Z6.349 X107.836 Y113.572 E114.31787
G1 Z6.351 X106.931 Y114.055 E114.35259
G1 Z6.353 X105.997 Y114.478 E114.3873
G1 Z6.355 X105.037 Y114.839 E114.42202
G1 Z6.357 X104.056 Y115.137 E114.45672
G1 Z6.359 X103.057 Y115.37 E114.49144
G1 Z6.361 X102.045 Y115.537 E114.52616
G1 Z6.363 X101.025 Y115.638 E114.56085
G1 Z6.365 X100.102 Y115.668 E114.59211
G1 Z6.367 X98.974 Y115.638 E114.6303
G1 Z6.369 X97.955 Y115.537 E114.66496
G1 Z6.372 X96.943 Y115.37 E114.69968
G1 Z6.374 X95.944 Y115.137 E114.7344
G1 Z6.376 X94.963 Y114.839 E114.7691
G1 Z6.378 X94.003 Y114.478 E114.80382
G1 Z6.380 X93.069 Y114.055 E114.83853
G1 Z6.382 X92.164 Y113.572 E114.87325
G1 Z6.384 X91.294 Y113.03 E114.90795
G1 Z6.386 X90.46 Y112.433 E114.94267
G1 Z6.388 X89.667 Y111.782 E114.9774
G1 Z6.390 X88.919 Y111.081 E115.0121
G1 Z6.392 X88.218 Y110.333 E115.0468
G1 Z6.394 X87.567 Y109.54 E115.08153
G1 Z6.397 X86.97 Y108.706 E115.11625
G1 Z6.399 X86.428 Y107.836 E115.15095
G1 Z6.400 X86.115 Y107.25 E115.17344
;LAYER_CHANGE
;Z:6.6
;HEIGHT:0.2
G1 Z6.400 F7800
G1 F1194
G1 Z6.401 X85.785 Y107.01 E115.18587
G1 Z6.403 X85.356 Y106.066 E115.22097
G1 Z6.405 X84.991 Y105.095 E115.25608
G1 Z6.407 X84.69 Y104.102 E115.2912
G1 Z6.409 X84.454 Y103.092 E115.32631
G1 Z6.411 X84.286 Y102.069 E115.3614
G1 Z6.413 X84.184 Y101.037 E115.3965
G1 Z6.414 X84.167 Y100.513 E115.41425
G1 Z6.415 X84.15 Y100 E115.43162
G1 Z6.417 X84.184 Y98.963 E115.46674
G1 Z6.419 X84.286 Y97.931 E115.50184
G1 Z6.422 X84.454 Y96.908 E115.53693
G1 Z6.424 X84.69 Y95.898 E115.57204
G1 Z6.426 X84.991 Y94.905 E115.60716
G1 Z6.427 X85.175 Y94.415 E115.62488
G1 Z6.428 X85.356 Y93.934 E115.64228
G1 Z6.430 X85.785 Y92.99 E115.67738
G1 Z6.432 X86.273 Y92.075 E115.71248
G1 Z6.434 X86.821 Y91.194 E115.7476
G1 Z6.436 X87.425 Y90.351 E115.7827
G1 Z6.438 X88.083 Y89.549 E115.81781
G1 Z6.440 X88.792 Y88.792 E115.85292
G1 Z6.442 X89.549 Y88.083 E115.88803
G1 Z6.444 X90.351 Y87.425 E115.92314
G1 Z6.447 X91.194 Y86.821 E115.95824
G1 Z6.449 X92.075 Y86.273 E115.99336
G1 Z6.451 X92.99 Y85.785 E116.02846
G1 Z6.453 X93.934 Y85.356 E116.06356
G1 Z6.455 X94.905 Y84.991 E116.09867
G1 Z6.457 X95.898 Y84.69 E116.13379
G1 Z6.459 X96.908 Y84.454 E116.1689
G1 Z6.461 X97.931 Y84.286 E116.20399
G1 Z6.463 X98.963 Y84.184 E116.23909
G1 Z6.465 X100 Y84.15 E116.27421
G1 Z6.466 X100.523 Y84.167 E116.29192
G1 Z6.467 X101.037 Y84.184 E116.30933
G1 Z6.469 X102.069 Y84.286 E116.34443
G1 Z6.472 X103.092 Y84.454 E116.37952
G1 Z6.474 X104.102 Y84.69 E116.41463
G1 Z6.476 X105.095 Y84.991 E116.44975
G1 Z6.478 X106.066 Y85.356 E116.48486
G1 Z6.480 X107.01 Y85.785 E116.51996
G1 Z6.482 X107.925 Y86.273 E116.55506
G1 Z6.484 X108.806 Y86.821 E116.59018
G1 Z6.486 X109.649 Y87.425 E116.62528
G1 Z6.488 X110.451 Y88.083 E116.66039
G1 Z6.490 X111.208 Y88.792 E116.6955
G1 Z6.492 X111.917 Y89.549 E116.73061
G1 Z6.494 X112.575 Y90.351 E116.76572
G1 Z6.497 X113.179 Y91.194 E116.80082
G1 Z6.499 X113.727 Y92.075 E116.83594
G1 Z6.501 X114.216 Y92.99 E116.87106
G1 Z6.503 X114.644 Y93.934 E116.90614
G1 Z6.505 X115.009 Y94.905 E116.94125
G1 Z6.507 X115.31 Y95.898 E116.97637
G1 Z6.509 X115.546 Y96.908 E117.01148
G1 Z6.511 X115.714 Y97.931 E117.04657
G1 Z6.513 X115.816 Y98.963 E117.08167
G1 Z6.515 X115.85 Y100 E117.11679
G1 Z6.517 X115.816 Y101.037 E117.15191
G1 Z6.519 X115.714 Y102.069 E117.18701
G1 Z6.522 X115.546 Y103.092 E117.2221
G1 Z6.524 X115.31 Y104.102 E117.25721
G1 Z6.526 X115.009 Y105.095 E117.29233
G1 Z6.528 X114.644 Y106.066 E117.32744
G1 Z6.530 X114.216 Y107.01 E117.36252
G1 Z6.532 X113.727 Y107.925 E117.39764
G1 Z6.534 X113.179 Y108.806 E117.43276
G1 Z6.536 X112.575 Y109.649 E117.46786
G1 Z6.538 X111.917 Y110.451 E117.50297
G1 Z6.540 X111.208 Y111.208 E117.53808
G1 Z6.542 X110.451 Y111.917 E117.57319
G1 Z6.544 X109.649 Y112.575 E117.6083
G1 Z6.547 X108.806 Y113.179 E117.6434
G1 Z6.549 X107.925 Y113.727 E117.67852
G1 Z6.551 X107.01 Y114.216 E117.71364
G1 Z6.553 X106.066 Y114.644 E117.74872
G1 Z6.555 X105.095 Y115.009 E117.78383
G1 Z6.557 X104.102 Y115.31 E117.81895
G1 Z6.559 X103.092 Y115.546 E117.85406
G1 Z6.561 X102.069 Y115.714 E117.88915
G1 Z6.563 X101.037 Y115.816 E117.92425
G1 Z6.565 X100 Y115.85 E117.95937
G1 Z6.567 X98.963 Y115.816 E117.99449
G1 Z6.569 X97.931 Y115.714 E118.02959
G1 Z6.572 X96.908 Y115.546 E118.06468
G1 Z6.574 X95.898 Y115.31 E118.09979
G1 Z6.576 X94.905 Y115.009 E118.13491
G1 Z6.578 X93.934 Y114.644 E118.17002
G1 Z6.580 X92.99 Y114.216 E118.2051
G1 Z6.582 X92.075 Y113.727 E118.24022
G1 Z6.584 X91.194 Y113.179 E118.27534
G1 Z6.586 X90.351 Y112.575 E118.31044
G1 Z6.588 X89.549 Y111.917 E118.34555
G1 Z6.590 X88.792 Y111.208 E118.38066
G1 Z6.592 X88.083 Y110.451 E118.41577
G1 Z6.594 X87.425 Y109.649 E118.45088
G1 Z6.597 X86.821 Y108.806 E118.48598
G1 Z6.599 X86.273 Y107.925 E118.5211
G1 Z6.600 X85.958 Y107.334 E118.54377
;LAYER_CHANGE
;Z:6.8
;HEIGHT:0.2
G1 Z6.600 F7800
G1 F1208
G1 Z6.601 X85.624 Y107.089 E118.5564
G1 Z6.603 X85.191 Y106.134 E118.59189
G1 Z6.605 X84.822 Y105.152 E118.6274
G1 Z6.607 X84.517 Y104.149 E118.66289
G1 Z6.609 X84.279 Y103.127 E118.69841
G1 Z6.611 X84.108 Y102.092 E118.73392
G1 Z6.613 X84.005 Y101.048 E118.76943
G1 Z6.615 X83.971 Y100 E118.80492
G1 Z6.617 X84.005 Y98.952 E118.84041
G1 Z6.619 X84.108 Y97.908 E118.87592
G1 Z6.622 X84.279 Y96.873 E118.91143
G1 Z6.624 X84.517 Y95.851 E118.94695
G1 Z6.626 X84.822 Y94.848 E118.98244
G1 Z6.628 X85.191 Y93.866 E119.01795
G1 Z6.630 X85.624 Y92.911 E119.05344
G1 Z6.632 X86.118 Y91.985 E119.08897
G1 Z6.634 X86.672 Y91.095 E119.12446
G1 Z6.636 X87.283 Y90.242 E119.15998
G1 Z6.638 X87.949 Y89.431 E119.1955
G1 Z6.640 X88.666 Y88.666 E119.23099
G1 Z6.642 X89.431 Y87.949 E119.26648
G1 Z6.644 X90.242 Y87.283 E119.302
G1 Z6.647 X91.095 Y86.672 E119.33752
G1 Z6.649 X91.985 Y86.118 E119.37301
G1 Z6.651 X92.911 Y85.624 E119.40854
G1 Z6.653 X93.866 Y85.191 E119.44403
G1 Z6.655 X94.848 Y84.822 E119.47954
G1 Z6.657 X95.851 Y84.517 E119.51503
G1 Z6.659 X96.873 Y84.279 E119.55055
G1 Z6.661 X97.908 Y84.108 E119.58606
G1 Z6.663 X98.951 Y84.005 E119.62154
G1 Z6.666 X100.107 Y83.974 E119.66068
G1 Z6.667 X101.048 Y84.005 E119.69255
G1 Z6.669 X102.092 Y84.108 E119.72806
G1 Z6.672 X103.127 Y84.279 E119.76357
G1 Z6.674 X104.149 Y84.517 E119.79909
G1 Z6.676 X105.152 Y84.822 E119.83458
G1 Z6.678 X106.134 Y85.191 E119.87009
G1 Z6.680 X107.089 Y85.624 E119.90558
G1 Z6.682 X108.015 Y86.118 E119.94111
G1 Z6.684 X108.905 Y86.672 E119.9766
G1 Z6.686 X109.758 Y87.283 E120.01212
G1 Z6.688 X110.569 Y87.949 E120.04764
G1 Z6.690 X111.334 Y88.666 E120.08313
G1 Z6.692 X112.051 Y89.431 E120.11862
G1 Z6.694 X112.717 Y90.242 E120.15414
G1 Z6.697 X113.328 Y91.095 E120.18966
G1 Z6.699 X113.882 Y91.985 E120.22515
G1 Z6.701 X114.376 Y92.911 E120.26068
G1 Z6.703 X114.809 Y93.866 E120.29617
G1 Z6.705 X115.178 Y94.848 E120.33168
G1 Z6.707 X115.483 Y95.851 E120.36717
G1 Z6.709 X115.721 Y96.873 E120.40269
G1 Z6.711 X115.892 Y97.908 E120.4382
G1 Z6.713 X115.995 Y98.952 E120.47371
G1 Z6.715 X116.029 Y100 E120.5092
G1 Z6.717 X115.995 Y101.048 E120.54469
G1 Z6.719 X115.892 Y102.092 E120.5802
G1 Z6.722 X115.721 Y103.127 E120.61571
G1 Z6.724 X115.483 Y104.149 E120.65123
G1 Z6.726 X115.178 Y105.152 E120.68672
G1 Z6.728 X114.809 Y106.134 E120.72223
G1 Z6.730 X114.376 Y107.089 E120.75772
G1 Z6.732 X113.882 Y108.015 E120.79325
G1 Z6.734 X113.328 Y108.905 E120.82874
G1 Z6.736 X112.717 Y109.758 E120.86426
G1 Z6.738 X112.051 Y110.569 E120.89978
G1 Z6.740 X111.334 Y111.334 E120.93527
G1 Z6.742 X110.569 Y112.051 E120.97076
G1 Z6.744 X109.758 Y112.717 E121.00628
G1 Z6.747 X108.905 Y113.328 E121.0418
G1 Z6.749 X108.015 Y113.882 E121.07729
G1 Z6.751 X107.089 Y114.376 E121.11282
G1 Z6.753 X106.134 Y114.809 E121.14831
G1 Z6.755 X105.152 Y115.178 E121.18382
G1 Z6.757 X104.149 Y115.483 E121.21931
G1 Z6.759 X103.127 Y115.721 E121.25483
G1 Z6.761 X102.092 Y115.892 E121.29034
G1 Z6.763 X101.048 Y115.995 E121.32585
G1 Z6.765 X100 Y116.029 E121.36134
G1 Z6.767 X98.952 Y115.995 E121.39683
G1 Z6.769 X97.908 Y115.892 E121.43234
G1 Z6.772 X96.873 Y115.721 E121.46785
G1 Z6.774 X95.851 Y115.483 E121.50337
G1 Z6.776 X94.848 Y115.178 E121.53886
G1 Z6.778 X93.866 Y114.809 E121.57437
G1 Z6.780 X92.911 Y114.376 E121.60986
G1 Z6.782 X91.985 Y113.882 E121.64539
G1 Z6.784 X91.095 Y113.328 E121.68088
G1 Z6.786 X90.242 Y112.717 E121.7164
G1 Z6.788 X89.431 Y112.051 E121.75192
G1 Z6.790 X88.666 Y111.334 E121.78741
G1 Z6.792 X87.949 Y110.569 E121.8229
G1 Z6.794 X87.283 Y109.758 E121.85842
G1 Z6.797 X86.672 Y108.905 E121.89394
G1 Z6.799 X86.118 Y108.015 E121.92943
G1 Z6.800 X85.8 Y107.418 E121.95233
;LAYER_CHANGE
;Z:7
;HEIGHT:0.2
G1 Z6.800 F7800
G1 F1221
G1 Z6.801 X85.464 Y107.168 E121.96517
G1 Z6.803 X85.026 Y106.202 E122.00107
G1 Z6.805 X84.652 Y105.21 E122.03696
G1 Z6.807 X84.345 Y104.195 E122.07285
G1 Z6.809 X84.104 Y103.162 E122.10875
G1 Z6.811 X83.931 Y102.116 E122.14464
G1 Z6.813 X83.827 Y101.06 E122.18056
G1 Z6.815 X83.802 Y100.311 E122.20593
G1 Z6.815 X83.792 Y100 E122.21646
G1 Z6.817 X83.827 Y98.94 E122.25236
G1 Z6.819 X83.931 Y97.884 E122.28828
G1 Z6.822 X84.104 Y96.838 E122.32417
G1 Z6.824 X84.345 Y95.805 E122.36007
G1 Z6.826 X84.652 Y94.79 E122.39596
G1 Z6.828 X85.026 Y93.798 E122.43185
G1 Z6.830 X85.464 Y92.832 E122.46775
G1 Z6.832 X85.964 Y91.896 E122.50367
G1 Z6.834 X86.524 Y90.995 E122.53958
G1 Z6.836 X87.142 Y90.133 E122.57548
G1 Z6.838 X87.814 Y89.313 E122.61137
G1 Z6.840 X88.539 Y88.539 E122.64727
G1 Z6.842 X89.313 Y87.814 E122.68317
G1 Z6.844 X90.133 Y87.142 E122.71906
G1 Z6.847 X90.995 Y86.524 E122.75496
G1 Z6.849 X91.896 Y85.964 E122.79087
G1 Z6.851 X92.832 Y85.464 E122.82679
G1 Z6.853 X93.798 Y85.026 E122.86269
G1 Z6.855 X94.79 Y84.652 E122.89858
G1 Z6.857 X95.805 Y84.345 E122.93447
G1 Z6.859 X96.838 Y84.104 E122.97037
G1 Z6.861 X97.884 Y83.931 E123.00626
G1 Z6.863 X98.94 Y83.827 E123.04218
G1 Z6.865 X100 Y83.792 E123.07808
G1 Z6.867 X100.749 Y83.817 E123.10345
G1 Z6.867 X101.06 Y83.827 E123.11398
G1 Z6.869 X102.116 Y83.931 E123.1499
G1 Z6.872 X103.162 Y84.104 E123.18579
G1 Z6.874 X104.195 Y84.345 E123.22169
G1 Z6.876 X105.21 Y84.652 E123.25758
G1 Z6.878 X106.202 Y85.026 E123.29347
G1 Z6.880 X107.168 Y85.464 E123.32937
G1 Z6.882 X108.104 Y85.964 E123.36529
G1 Z6.884 X109.005 Y86.524 E123.4012
G1 Z6.886 X109.867 Y87.142 E123.4371
G1 Z6.888 X110.687 Y87.814 E123.47299
G1 Z6.890 X111.461 Y88.539 E123.50889
G1 Z6.892 X112.186 Y89.313 E123.54479
G1 Z6.894 X112.858 Y90.133 E123.58068
G1 Z6.897 X113.476 Y90.995 E123.61658
G1 Z6.899 X114.036 Y91.896 E123.65249
G1 Z6.901 X114.536 Y92.832 E123.68841
G1 Z6.903 X114.974 Y93.798 E123.72431
G1 Z6.905 X115.348 Y94.79 E123.7602
G1 Z6.907 X115.655 Y95.805 E123.79609
G1 Z6.909 X115.896 Y96.838 E123.83199
G1 Z6.911 X116.069 Y97.884 E123.86788
G1 Z6.913 X116.173 Y98.94 E123.9038
G1 Z6.915 X116.198 Y99.689 E123.92917
G1 Z6.915 X116.208 Y100 E123.9397
G1 Z6.917 X116.173 Y101.06 E123.9756
G1 Z6.919 X116.069 Y102.116 E124.01152
G1 Z6.922 X115.896 Y103.162 E124.04741
G1 Z6.924 X115.655 Y104.195 E124.08331
G1 Z6.926 X115.348 Y105.21 E124.1192
G1 Z6.928 X114.974 Y106.202 E124.15509
G1 Z6.930 X114.536 Y107.168 E124.19099
G1 Z6.932 X114.036 Y108.104 E124.22691
G1 Z6.934 X113.476 Y109.005 E124.26282
G1 Z6.936 X112.858 Y109.867 E124.29872
G1 Z6.938 X112.186 Y110.687 E124.33461
G1 Z6.940 X111.461 Y111.461 E124.37051
G1 Z6.942 X110.687 Y112.186 E124.40641
G1 Z6.944 X109.867 Y112.858 E124.4423
G1 Z6.947 X109.005 Y113.476 E124.4782
G1 Z6.949 X108.104 Y114.036 E124.51411
G1 Z6.951 X107.168 Y114.536 E124.55003
G1 Z6.953 X106.202 Y114.974 E124.58593
G1 Z6.955 X105.21 Y115.348 E124.62182
G1 Z6.957 X104.195 Y115.655 E124.65771
G1 Z6.959 X103.162 Y115.896 E124.69361
G1 Z6.961 X102.116 Y116.069 E124.7295
G1 Z6.963 X101.06 Y116.173 E124.76542
G1 Z6.965 X100.311 Y116.198 E124.79079
G1 Z6.965 X100 Y116.208 E124.80132
G1 Z6.967 X98.94 Y116.173 E124.83722
G1 Z6.969 X97.884 Y116.069 E124.87314
G1 Z6.972 X96.838 Y115.896 E124.90903
G1 Z6.974 X95.805 Y115.655 E124.94493
G1 Z6.976 X94.79 Y115.348 E124.98082
G1 Z6.978 X93.798 Y114.974 E125.01671
G1 Z6.980 X92.832 Y114.536 E125.05261
G1 Z6.982 X91.896 Y114.036 E125.08853
G1 Z6.984 X90.995 Y113.476 E125.12444
G1 Z6.986 X90.133 Y112.858 E125.16034
G1 Z6.988 X89.313 Y112.186 E125.19623
G1 Z6.990 X88.539 Y111.461 E125.23213
G1 Z6.992 X87.814 Y110.687 E125.26803
G1 Z6.994 X87.142 Y109.867 E125.30392
G1 Z6.997 X86.524 Y109.005 E125.33982
G1 Z6.999 X85.964 Y108.104 E125.37573
G1 Z7.000 X85.642 Y107.503 E125.39881
;LAYER_CHANGE
;Z:7.2
;HEIGHT:0.2
G1 Z7.000 F7800
G1 F1234
G1 Z7.001 X85.304 Y107.247 E125.41183
G1 Z7.003 X84.862 Y106.27 E125.44813
G1 Z7.005 X84.484 Y105.267 E125.48441
G1 Z7.007 X84.173 Y104.241 E125.5207
G1 Z7.009 X83.929 Y103.197 E125.55699
G1 Z7.011 X83.755 Y102.139 E125.59328
G1 Z7.013 X83.65 Y101.072 E125.62957
G1 Z7.015 X83.614 Y100 E125.66588
G1 Z7.017 X83.65 Y98.928 E125.70219
G1 Z7.019 X83.755 Y97.861 E125.73848
G1 Z7.022 X83.929 Y96.803 E125.77477
G1 Z7.024 X84.173 Y95.759 E125.81106
G1 Z7.026 X84.484 Y94.733 E125.84735
G1 Z7.028 X84.862 Y93.73 E125.88363
G1 Z7.030 X85.304 Y92.753 E125.91993
G1 Z7.032 X85.81 Y91.807 E125.95624
G1 Z7.034 X86.376 Y90.897 E125.99251
G1 Z7.036 X87 Y90.025 E126.02881
G1 Z7.038 X87.681 Y89.196 E126.06512
G1 Z7.040 X88.414 Y88.414 E126.1014
G1 Z7.042 X89.196 Y87.681 E126.13768
G1 Z7.044 X90.025 Y87 E126.17399
G1 Z7.047 X90.897 Y86.376 E126.21029
G1 Z7.049 X91.807 Y85.81 E126.24656
G1 Z7.051 X92.753 Y85.304 E126.28287
G1 Z7.053 X93.73 Y84.862 E126.31917
G1 Z7.055 X94.733 Y84.484 E126.35545
G1 Z7.057 X95.759 Y84.173 E126.39174
G1 Z7.059 X96.803 Y83.929 E126.42803
G1 Z7.061 X97.861 Y83.755 E126.46432
G1 Z7.063 X98.928 Y83.65 E126.50061
G1 Z7.065 X100 Y83.614 E126.53692
G1 Z7.066 X100.323 Y83.625 E126.54786
G1 Z7.067 X101.072 Y83.65 E126.57323
G1 Z7.069 X102.139 Y83.755 E126.60952
G1 Z7.072 X103.197 Y83.929 E126.64581
G1 Z7.074 X104.241 Y84.173 E126.6821
G1 Z7.076 X105.267 Y84.484 E126.71839
G1 Z7.078 X106.27 Y84.862 E126.75467
G1 Z7.080 X107.247 Y85.304 E126.79097
G1 Z7.082 X108.193 Y85.81 E126.82728
G1 Z7.084 X109.103 Y86.376 E126.86355
G1 Z7.086 X109.975 Y87 E126.89985
G1 Z7.088 X110.804 Y87.681 E126.93616
G1 Z7.090 X111.586 Y88.414 E126.97244
G1 Z7.092 X112.319 Y89.196 E127.00872
G1 Z7.094 X113 Y90.025 E127.04503
G1 Z7.097 X113.624 Y90.897 E127.08133
G1 Z7.099 X114.19 Y91.807 E127.1176
G1 Z7.101 X114.696 Y92.753 E127.15391
G1 Z7.103 X115.138 Y93.73 E127.19021
G1 Z7.105 X115.516 Y94.733 E127.22649
G1 Z7.107 X115.827 Y95.759 E127.26278
G1 Z7.109 X116.071 Y96.803 E127.29907
G1 Z7.111 X116.245 Y97.861 E127.33536
G1 Z7.113 X116.35 Y98.928 E127.37165
G1 Z7.115 X116.386 Y100 E127.40796
G1 Z7.117 X116.35 Y101.072 E127.44427
G1 Z7.119 X116.245 Y102.139 E127.48056
G1 Z7.122 X116.071 Y103.197 E127.51685
G1 Z7.124 X115.827 Y104.241 E127.55314
G1 Z7.126 X115.516 Y105.267 E127.58943
G1 Z7.128 X115.138 Y106.27 E127.62571
G1 Z7.130 X114.696 Y107.247 E127.66201
G1 Z7.132 X114.19 Y108.193 E127.69832
G1 Z7.134 X113.624 Y109.103 E127.73459
G1 Z7.136 X113 Y109.975 E127.77089
G1 Z7.138 X112.319 Y110.804 E127.8072
G1 Z7.140 X111.586 Y111.586 E127.84348
G1 Z7.142 X110.804 Y112.319 E127.87976
G1 Z7.144 X109.975 Y113 E127.91607
G1 Z7.147 X109.103 Y113.624 E127.95237
G1 Z7.149 X108.193 Y114.19 E127.98864
G1 Z7.151 X107.247 Y114.696 E128.02495
G1 Z7.153 X106.27 Y115.138 E128.06125
G1 Z7.155 X105.267 Y115.516 E128.09753
G1 Z7.157 X104.241 Y115.827 E128.13382
G1 Z7.159 X103.197 Y116.071 E128.17011
G1 Z7.161 X102.139 Y116.245 E128.2064
G1 Z7.163 X101.072 Y116.35 E128.24269
G1 Z7.165 X100 Y116.386 E128.279
G1 Z7.167 X98.928 Y116.35 E128.31531
G1 Z7.169 X97.861 Y116.245 E128.3516
G1 Z7.172 X96.803 Y116.071 E128.38789
G1 Z7.174 X95.759 Y115.827 E128.42418
G1 Z7.176 X94.733 Y115.516 E128.46047
G1 Z7.178 X93.73 Y115.138 E128.49675
G1 Z7.180 X92.753 Y114.696 E128.53305
G1 Z7.182 X91.807 Y114.19 E128.56936
G1 Z7.184 X90.897 Y113.624 E128.60563
G1 Z7.186 X90.025 Y113 E128.64193
G1 Z7.188 X89.196 Y112.319 E128.67824
G1 Z7.190 X88.414 Y111.586 E128.71452
G1 Z7.192 X87.681 Y110.804 E128.7508
G1 Z7.194 X87 Y109.975 E128.78711
G1 Z7.197 X86.376 Y109.103 E128.82341
G1 Z7.199 X85.81 Y108.193 E128.85968
G1 Z7.200 X85.486 Y107.586 E128.88297
;LAYER_CHANGE
;Z:7.4
;HEIGHT:0.2
G1 Z7.200 F7800
G1 F1248
G1 Z7.201 X85.146 Y107.325 E128.8962
G1 Z7.203 X84.743 Y106.436 E128.92924
G1 Z7.205 X84.316 Y105.323 E128.96959
G1 Z7.207 X84.002 Y104.287 E129.00623
G1 Z7.209 X83.756 Y103.231 E129.04293
G1 Z7.211 X83.579 Y102.162 E129.07961
G1 Z7.213 X83.473 Y101.083 E129.11631
G1 Z7.215 X83.441 Y100.107 E129.14936
G1 Z7.217 X83.473 Y98.916 E129.18969
G1 Z7.220 X83.579 Y97.838 E129.22635
G1 Z7.221 X83.738 Y96.875 E129.25939
G1 Z7.224 X84.002 Y95.713 E129.29972
G1 Z7.226 X84.317 Y94.676 E129.3364
G1 Z7.228 X84.698 Y93.662 E129.37307
G1 Z7.230 X85.146 Y92.675 E129.40976
G1 Z7.232 X85.657 Y91.719 E129.44645
G1 Z7.234 X86.229 Y90.798 E129.48315
G1 Z7.236 X86.86 Y89.917 E129.51983
G1 Z7.238 X87.548 Y89.08 E129.5565
G1 Z7.240 X88.289 Y88.289 E129.59319
G1 Z7.242 X89.08 Y87.548 E129.62988
G1 Z7.245 X89.917 Y86.86 E129.66655
G1 Z7.247 X90.798 Y86.229 E129.70323
G1 Z7.249 X91.719 Y85.657 E129.73993
G1 Z7.251 X92.675 Y85.146 E129.77662
G1 Z7.253 X93.564 Y84.743 E129.80966
G1 Z7.255 X94.677 Y84.316 E129.85001
G1 Z7.257 X95.713 Y84.002 E129.88665
G1 Z7.259 X96.769 Y83.756 E129.92335
G1 Z7.261 X97.838 Y83.579 E129.96003
G1 Z7.263 X98.917 Y83.473 E129.99673
G1 Z7.265 X100 Y83.438 E130.03341
G1 Z7.267 X100.976 Y83.47 E130.06646
G1 Z7.270 X102.162 Y83.579 E130.10677
G1 Z7.272 X103.231 Y83.756 E130.14345
G1 Z7.274 X104.287 Y84.002 E130.18015
G1 Z7.276 X105.324 Y84.317 E130.21683
G1 Z7.278 X106.338 Y84.698 E130.2535
G1 Z7.280 X107.325 Y85.146 E130.29019
G1 Z7.282 X108.281 Y85.657 E130.32688
G1 Z7.284 X109.202 Y86.229 E130.36358
G1 Z7.286 X110.083 Y86.86 E130.40026
G1 Z7.288 X110.92 Y87.548 E130.43693
G1 Z7.290 X111.711 Y88.289 E130.47362
G1 Z7.292 X112.452 Y89.08 E130.51031
G1 Z7.295 X113.14 Y89.917 E130.54698
G1 Z7.297 X113.771 Y90.798 E130.58366
G1 Z7.299 X114.343 Y91.719 E130.62036
G1 Z7.301 X114.854 Y92.675 E130.65705
G1 Z7.303 X115.257 Y93.564 E130.69009
G1 Z7.305 X115.684 Y94.677 E130.73044
G1 Z7.307 X115.998 Y95.713 E130.76708
G1 Z7.309 X116.244 Y96.769 E130.80378
G1 Z7.311 X116.421 Y97.838 E130.84046
G1 Z7.313 X116.527 Y98.917 E130.87716
G1 Z7.315 X116.559 Y99.893 E130.91021
G1 Z7.317 X116.527 Y101.084 E130.95054
G1 Z7.320 X116.421 Y102.162 E130.9872
G1 Z7.321 X116.262 Y103.125 E131.02024
G1 Z7.324 X115.998 Y104.287 E131.06057
G1 Z7.326 X115.683 Y105.324 E131.09725
G1 Z7.328 X115.302 Y106.338 E131.13392
G1 Z7.330 X114.854 Y107.325 E131.17061
G1 Z7.332 X114.343 Y108.281 E131.2073
G1 Z7.334 X113.771 Y109.202 E131.244
G1 Z7.336 X113.14 Y110.083 E131.28068
G1 Z7.338 X112.452 Y110.92 E131.31735
G1 Z7.340 X111.711 Y111.711 E131.35404
G1 Z7.342 X110.92 Y112.452 E131.39073
G1 Z7.345 X110.083 Y113.14 E131.4274
G1 Z7.347 X109.202 Y113.771 E131.46408
G1 Z7.349 X108.281 Y114.343 E131.50078
G1 Z7.351 X107.325 Y114.854 E131.53747
G1 Z7.353 X106.436 Y115.257 E131.57051
G1 Z7.355 X105.323 Y115.684 E131.61086
G1 Z7.357 X104.287 Y115.998 E131.6475
G1 Z7.359 X103.231 Y116.244 E131.6842
G1 Z7.361 X102.162 Y116.421 E131.72088
G1 Z7.363 X101.083 Y116.527 E131.75758
G1 Z7.365 X100.107 Y116.559 E131.79063
G1 Z7.367 X98.916 Y116.527 E131.83096
G1 Z7.370 X97.838 Y116.421 E131.86762
G1 Z7.371 X96.875 Y116.262 E131.90066
G1 Z7.374 X95.713 Y115.998 E131.94099
G1 Z7.376 X94.676 Y115.683 E131.97767
G1 Z7.378 X93.662 Y115.302 E132.01434
G1 Z7.380 X92.675 Y114.854 E132.05103
G1 Z7.382 X91.719 Y114.343 E132.08772
G1 Z7.384 X90.798 Y113.771 E132.12442
G1 Z7.386 X89.917 Y113.14 E132.1611
G1 Z7.388 X89.08 Y112.452 E132.19777
G1 Z7.390 X88.289 Y111.711 E132.23446
G1 Z7.392 X87.548 Y110.92 E132.27115
G1 Z7.395 X86.86 Y110.083 E132.30782
G1 Z7.397 X86.229 Y109.202 E132.3445
G1 Z7.399 X85.657 Y108.281 E132.3812
G1 Z7.400 X85.33 Y107.67 E132.40466
;LAYER_CHANGE
;Z:7.6
;HEIGHT:0.2
G1 Z7.400 F7800
G1 F1261
G1 Z7.401 X84.989 Y107.402 E132.41809
G1 Z7.403 X84.537 Y106.405 E132.45514
G1 Z7.405 X84.151 Y105.38 E132.49221
G1 Z7.407 X83.834 Y104.332 E132.52927
G1 Z7.409 X83.585 Y103.265 E132.56636
G1 Z7.411 X83.406 Y102.185 E132.60342
G1 Z7.413 X83.299 Y101.095 E132.64049
G1 Z7.414 X83.281 Y100.543 E132.65918
G1 Z7.415 X83.263 Y100 E132.67757
G1 Z7.417 X83.299 Y98.905 E132.71465
G1 Z7.420 X83.406 Y97.815 E132.75172
G1 Z7.421 X83.496 Y97.27 E132.77042
G1 Z7.422 X83.585 Y96.735 E132.78878
G1 Z7.424 X83.834 Y95.668 E132.82587
G1 Z7.426 X84.151 Y94.62 E132.86293
G1 Z7.428 X84.537 Y93.595 E132.9
G1 Z7.430 X84.989 Y92.598 E132.93705
G1 Z7.432 X85.506 Y91.632 E132.97414
G1 Z7.434 X86.084 Y90.702 E133.0112
G1 Z7.436 X86.722 Y89.811 E133.04829
G1 Z7.438 X87.417 Y88.965 E133.08535
G1 Z7.440 X88.165 Y88.165 E133.12242
G1 Z7.442 X88.965 Y87.417 E133.15949
G1 Z7.445 X89.811 Y86.722 E133.19655
G1 Z7.447 X90.702 Y86.084 E133.23364
G1 Z7.449 X91.632 Y85.506 E133.2707
G1 Z7.451 X92.598 Y84.989 E133.30779
G1 Z7.453 X93.595 Y84.537 E133.34484
G1 Z7.455 X94.62 Y84.151 E133.38191
G1 Z7.457 X95.668 Y83.834 E133.41897
G1 Z7.459 X96.735 Y83.585 E133.45606
G1 Z7.461 X97.815 Y83.406 E133.49312
G1 Z7.463 X98.905 Y83.299 E133.53019
G1 Z7.465 X100 Y83.263 E133.56727
G1 Z7.466 X100.552 Y83.281 E133.58596
G1 Z7.467 X101.095 Y83.299 E133.60435
G1 Z7.470 X102.185 Y83.406 E133.64142
G1 Z7.472 X103.265 Y83.585 E133.67848
G1 Z7.474 X104.332 Y83.834 E133.71557
G1 Z7.476 X105.38 Y84.151 E133.75263
G1 Z7.478 X106.405 Y84.537 E133.7897
G1 Z7.480 X107.402 Y84.989 E133.82675
G1 Z7.482 X108.368 Y85.506 E133.86384
G1 Z7.484 X109.298 Y86.084 E133.9009
G1 Z7.486 X110.189 Y86.722 E133.93799
G1 Z7.488 X111.035 Y87.417 E133.97505
G1 Z7.490 X111.835 Y88.165 E134.01212
G1 Z7.492 X112.583 Y88.965 E134.04919
G1 Z7.495 X113.278 Y89.811 E134.08625
G1 Z7.497 X113.916 Y90.702 E134.12334
G1 Z7.499 X114.494 Y91.632 E134.1604
G1 Z7.501 X115.011 Y92.598 E134.19749
G1 Z7.503 X115.463 Y93.595 E134.23454
G1 Z7.505 X115.849 Y94.62 E134.27161
G1 Z7.507 X116.166 Y95.668 E134.30867
G1 Z7.509 X116.415 Y96.735 E134.34576
G1 Z7.511 X116.594 Y97.815 E134.38282
G1 Z7.513 X116.701 Y98.905 E134.41989
G1 Z7.515 X116.737 Y100 E134.45697
G1 Z7.517 X116.701 Y101.095 E134.49405
G1 Z7.520 X116.594 Y102.185 E134.53112
G1 Z7.522 X116.415 Y103.265 E134.56818
G1 Z7.524 X116.166 Y104.332 E134.60527
G1 Z7.526 X115.849 Y105.38 E134.64233
G1 Z7.528 X115.463 Y106.405 E134.6794
G1 Z7.530 X115.011 Y107.402 E134.71645
G1 Z7.532 X114.494 Y108.368 E134.75354
G1 Z7.534 X113.916 Y109.298 E134.7906
G1 Z7.536 X113.278 Y110.189 E134.82769
G1 Z7.538 X112.583 Y111.035 E134.86475
G1 Z7.539 X112.206 Y111.438 E134.88343
G1 Z7.540 X111.835 Y111.835 E134.90182
G1 Z7.542 X111.035 Y112.583 E134.93889
G1 Z7.545 X110.189 Y113.278 E134.97595
G1 Z7.547 X109.298 Y113.916 E135.01304
G1 Z7.549 X108.368 Y114.494 E135.0501
G1 Z7.551 X107.402 Y115.011 E135.08719
G1 Z7.553 X106.405 Y115.463 E135.12424
G1 Z7.555 X105.38 Y115.849 E135.16131
G1 Z7.557 X104.332 Y116.166 E135.19837
G1 Z7.559 X103.265 Y116.415 E135.23546
G1 Z7.561 X102.185 Y116.594 E135.27252
G1 Z7.563 X101.095 Y116.701 E135.30959
G1 Z7.565 X100 Y116.737 E135.34667
G1 Z7.567 X98.905 Y116.701 E135.38375
G1 Z7.570 X97.815 Y116.594 E135.42082
G1 Z7.572 X96.735 Y116.415 E135.45788
G1 Z7.574 X95.668 Y116.166 E135.49497
G1 Z7.576 X94.62 Y115.849 E135.53203
G1 Z7.578 X93.595 Y115.463 E135.5691
G1 Z7.580 X92.598 Y115.011 E135.60615
G1 Z7.582 X91.632 Y114.494 E135.64324
G1 Z7.584 X90.702 Y113.916 E135.6803
G1 Z7.586 X89.811 Y113.278 E135.71739
G1 Z7.588 X88.965 Y112.583 E135.75445
G1 Z7.590 X88.165 Y111.835 E135.79152
G1 Z7.592 X87.417 Y111.035 E135.82859
G1 Z7.595 X86.722 Y110.189 E135.86565
G1 Z7.597 X86.084 Y109.298 E135.90274
G1 Z7.599 X85.506 Y108.368 E135.9398
G1 Z7.600 X85.176 Y107.752 E135.96345
;LAYER_CHANGE
;Z:7.8
;HEIGHT:0.2
G1 Z7.600 F7800
G1 F1274
G1 Z7.601 X84.834 Y107.479 E135.97703
G1 Z7.603 X84.377 Y106.471 E136.01449
G1 Z7.605 X83.988 Y105.435 E136.05195
G1 Z7.607 X83.666 Y104.377 E136.08938
G1 Z7.609 X83.415 Y103.299 E136.12685
G1 Z7.611 X83.235 Y102.207 E136.16431
G1 Z7.613 X83.126 Y101.106 E136.20176
G1 Z7.615 X83.09 Y100.001 E136.23918
G1 Z7.618 X83.138 Y98.781 E136.28051
G1 Z7.620 X83.235 Y97.793 E136.31411
G1 Z7.622 X83.415 Y96.701 E136.35157
G1 Z7.624 X83.666 Y95.623 E136.38904
G1 Z7.626 X83.988 Y94.565 E136.42647
G1 Z7.628 X84.377 Y93.529 E136.46393
G1 Z7.630 X84.834 Y92.521 E136.50139
G1 Z7.632 X85.356 Y91.545 E136.53885
G1 Z7.634 X85.94 Y90.605 E136.57631
G1 Z7.636 X86.585 Y89.706 E136.61376
G1 Z7.638 X87.287 Y88.851 E136.65121
G1 Z7.640 X88.043 Y88.043 E136.68866
G1 Z7.642 X88.851 Y87.287 E136.72611
G1 Z7.645 X89.706 Y86.585 E136.76356
G1 Z7.647 X90.605 Y85.94 E136.80101
G1 Z7.649 X91.545 Y85.356 E136.83847
G1 Z7.651 X92.521 Y84.834 E136.87593
G1 Z7.653 X93.529 Y84.377 E136.91339
G1 Z7.655 X94.565 Y83.988 E136.95085
G1 Z7.657 X95.623 Y83.666 E136.98828
G1 Z7.659 X96.701 Y83.415 E137.02575
G1 Z7.661 X97.793 Y83.235 E137.06321
G1 Z7.663 X98.893 Y83.127 E137.10062
G1 Z7.666 X100.113 Y83.094 E137.14193
G1 Z7.667 X101.106 Y83.126 E137.17556
G1 Z7.670 X102.207 Y83.235 E137.21301
G1 Z7.672 X103.299 Y83.415 E137.25047
G1 Z7.674 X104.377 Y83.666 E137.28794
G1 Z7.676 X105.435 Y83.988 E137.32537
G1 Z7.678 X106.471 Y84.377 E137.36283
G1 Z7.680 X107.479 Y84.834 E137.40029
G1 Z7.682 X108.455 Y85.356 E137.43775
G1 Z7.684 X109.395 Y85.94 E137.47521
G1 Z7.686 X110.294 Y86.585 E137.51266
G1 Z7.688 X111.149 Y87.287 E137.55011
G1 Z7.690 X111.957 Y88.043 E137.58756
G1 Z7.692 X112.713 Y88.851 E137.62501
G1 Z7.695 X113.415 Y89.706 E137.66246
G1 Z7.697 X114.06 Y90.605 E137.69991
G1 Z7.699 X114.644 Y91.545 E137.73737
G1 Z7.701 X115.166 Y92.521 E137.77483
G1 Z7.703 X115.623 Y93.529 E137.81229
G1 Z7.705 X116.012 Y94.565 E137.84975
G1 Z7.707 X116.334 Y95.623 E137.88718
G1 Z7.709 X116.585 Y96.701 E137.92465
G1 Z7.711 X116.765 Y97.793 E137.96211
G1 Z7.713 X116.874 Y98.894 E137.99956
G1 Z7.715 X116.91 Y99.999 E138.03698
G1 Z7.718 X116.862 Y101.219 E138.07831
G1 Z7.720 X116.765 Y102.207 E138.11191
G1 Z7.722 X116.585 Y103.299 E138.14937
G1 Z7.724 X116.334 Y104.377 E138.18684
G1 Z7.726 X116.012 Y105.435 E138.22427
G1 Z7.728 X115.623 Y106.471 E138.26173
G1 Z7.730 X115.166 Y107.479 E138.29919
G1 Z7.732 X114.644 Y108.455 E138.33665
G1 Z7.734 X114.06 Y109.395 E138.37411
G1 Z7.736 X113.415 Y110.294 E138.41156
G1 Z7.738 X112.713 Y111.149 E138.44901
G1 Z7.740 X111.957 Y111.957 E138.48646
G1 Z7.742 X111.149 Y112.713 E138.52391
G1 Z7.745 X110.294 Y113.415 E138.56136
G1 Z7.747 X109.395 Y114.06 E138.59881
G1 Z7.749 X108.455 Y114.644 E138.63627
G1 Z7.751 X107.479 Y115.166 E138.67373
G1 Z7.753 X106.471 Y115.623 E138.71119
G1 Z7.755 X105.435 Y116.012 E138.74865
G1 Z7.757 X104.377 Y116.334 E138.78608
G1 Z7.759 X103.299 Y116.585 E138.82355
G1 Z7.761 X102.207 Y116.765 E138.86101
G1 Z7.763 X101.106 Y116.874 E138.89846
G1 Z7.765 X100.001 Y116.91 E138.93588
G1 Z7.768 X98.781 Y116.862 E138.97721
G1 Z7.770 X97.793 Y116.765 E139.01081
G1 Z7.772 X96.701 Y116.585 E139.04827
G1 Z7.774 X95.623 Y116.334 E139.08574
G1 Z7.776 X94.565 Y116.012 E139.12317
G1 Z7.778 X93.529 Y115.623 E139.16063
G1 Z7.780 X92.521 Y115.166 E139.19809
G1 Z7.782 X91.545 Y114.644 E139.23555
G1 Z7.784 X90.605 Y114.06 E139.27301
G1 Z7.786 X89.706 Y113.415 E139.31046
G1 Z7.788 X88.851 Y112.713 E139.34791
G1 Z7.790 X88.043 Y111.957 E139.38536
G1 Z7.792 X87.287 Y111.149 E139.42281
G1 Z7.795 X86.585 Y110.294 E139.46026
G1 Z7.797 X85.94 Y109.395 E139.49771
G1 Z7.799 X85.356 Y108.455 E139.53517
G1 Z7.800 X85.023 Y107.833 E139.55905
;LAYER_CHANGE
;Z:8
;HEIGHT:0.2
G1 Z7.800 F7800
G1 F1287
G1 Z7.801 X84.682 Y107.554 E139.57283
G1 Z7.803 X84.221 Y106.536 E139.61066
G1 Z7.805 X83.827 Y105.49 E139.64849
G1 Z7.807 X83.503 Y104.42 E139.68633
G1 Z7.809 X83.249 Y103.332 E139.72415
G1 Z7.811 X83.067 Y102.229 E139.76199
G1 Z7.813 X82.957 Y101.117 E139.79981
G1 Z7.815 X82.921 Y100 E139.83764
G1 Z7.817 X82.957 Y98.883 E139.87547
G1 Z7.820 X83.067 Y97.771 E139.91329
G1 Z7.822 X83.249 Y96.668 E139.95113
G1 Z7.824 X83.503 Y95.58 E139.98895
G1 Z7.826 X83.827 Y94.51 E140.02679
G1 Z7.828 X84.221 Y93.464 E140.06462
G1 Z7.830 X84.682 Y92.446 E140.10245
G1 Z7.832 X85.209 Y91.46 E140.14029
G1 Z7.834 X85.799 Y90.511 E140.17811
G1 Z7.836 X86.45 Y89.603 E140.21593
G1 Z7.838 X87.159 Y88.739 E140.25376
G1 Z7.840 X87.923 Y87.923 E140.2916
G1 Z7.842 X88.739 Y87.159 E140.32944
G1 Z7.845 X89.603 Y86.45 E140.36727
G1 Z7.847 X90.511 Y85.799 E140.40509
G1 Z7.849 X91.46 Y85.209 E140.44291
G1 Z7.851 X92.446 Y84.682 E140.48075
G1 Z7.853 X93.464 Y84.221 E140.51858
G1 Z7.855 X94.51 Y83.827 E140.55641
G1 Z7.857 X95.58 Y83.503 E140.59425
G1 Z7.859 X96.668 Y83.249 E140.63207
G1 Z7.861 X97.771 Y83.067 E140.66991
G1 Z7.863 X98.883 Y82.957 E140.70773
G1 Z7.865 X100 Y82.921 E140.74556
G1 Z7.867 X100.789 Y82.947 E140.77228
G1 Z7.867 X101.117 Y82.957 E140.78339
G1 Z7.870 X102.229 Y83.067 E140.82121
G1 Z7.872 X103.332 Y83.249 E140.85905
G1 Z7.874 X104.42 Y83.503 E140.89687
G1 Z7.876 X105.49 Y83.827 E140.93471
G1 Z7.878 X106.536 Y84.221 E140.97254
G1 Z7.880 X107.554 Y84.682 E141.01037
G1 Z7.882 X108.54 Y85.209 E141.04821
G1 Z7.884 X109.489 Y85.799 E141.08603
G1 Z7.886 X110.397 Y86.45 E141.12385
G1 Z7.888 X111.261 Y87.159 E141.16168
G1 Z7.890 X112.077 Y87.923 E141.19952
G1 Z7.892 X112.841 Y88.739 E141.23736
G1 Z7.895 X113.55 Y89.603 E141.27519
G1 Z7.897 X114.201 Y90.511 E141.31301
G1 Z7.899 X114.791 Y91.46 E141.35083
G1 Z7.901 X115.318 Y92.446 E141.38867
G1 Z7.903 X115.779 Y93.464 E141.4265
G1 Z7.905 X116.173 Y94.51 E141.46433
G1 Z7.907 X116.497 Y95.58 E141.50217
G1 Z7.909 X116.751 Y96.668 E141.53999
G1 Z7.911 X116.933 Y97.771 E141.57783
G1 Z7.913 X117.043 Y98.883 E141.61565
G1 Z7.915 X117.079 Y100 E141.65348
G1 Z7.917 X117.043 Y101.117 E141.69131
G1 Z7.920 X116.933 Y102.229 E141.72913
G1 Z7.922 X116.751 Y103.332 E141.76697
G1 Z7.924 X116.497 Y104.42 E141.80479
G1 Z7.926 X116.173 Y105.49 E141.84263
G1 Z7.928 X115.779 Y106.536 E141.88046
G1 Z7.930 X115.318 Y107.554 E141.91829
G1 Z7.932 X114.791 Y108.54 E141.95613
G1 Z7.934 X114.201 Y109.489 E141.99395
G1 Z7.936 X113.55 Y110.397 E142.03177
G1 Z7.938 X112.841 Y111.261 E142.0696
G1 Z7.940 X112.077 Y112.077 E142.10744
G1 Z7.942 X111.261 Y112.841 E142.14528
G1 Z7.945 X110.397 Y113.55 E142.18311
G1 Z7.947 X109.489 Y114.201 E142.22093
G1 Z7.949 X108.54 Y114.791 E142.25875
G1 Z7.951 X107.554 Y115.318 E142.29659
G1 Z7.953 X106.536 Y115.779 E142.33442
G1 Z7.955 X105.49 Y116.173 E142.37225
G1 Z7.957 X104.42 Y116.497 E142.41009
G1 Z7.959 X103.332 Y116.751 E142.44791
G1 Z7.961 X102.229 Y116.933 E142.48575
G1 Z7.963 X101.117 Y117.043 E142.52357
G1 Z7.965 X100 Y117.079 E142.5614
G1 Z7.967 X98.883 Y117.043 E142.59923
G1 Z7.970 X97.771 Y116.933 E142.63705
G1 Z7.972 X96.668 Y116.751 E142.67489
G1 Z7.974 X95.58 Y116.497 E142.71271
G1 Z7.976 X94.51 Y116.173 E142.75055
G1 Z7.978 X93.464 Y115.779 E142.78838
G1 Z7.980 X92.446 Y115.318 E142.82621
G1 Z7.982 X91.46 Y114.791 E142.86405
G1 Z7.984 X90.511 Y114.201 E142.90187
G1 Z7.986 X89.603 Y113.55 E142.93969
G1 Z7.988 X88.739 Y112.841 E142.97752
G1 Z7.990 X87.923 Y112.077 E143.01536
G1 Z7.992 X87.159 Y111.261 E143.0532
G1 Z7.995 X86.45 Y110.397 E143.09103
G1 Z7.997 X85.799 Y109.489 E143.12885
G1 Z7.999 X85.209 Y108.54 E143.16667
G1 Z8.000 X84.874 Y107.913 E143.19073
;LAYER_CHANGE
;Z:8.2
;HEIGHT:0.2
G1 Z8.000 F7800
G1 F1299
G1 Z8.001 X84.533 Y107.628 E143.20471
G1 Z8.003 X84.067 Y106.6 E143.24291
G1 Z8.005 X83.67 Y105.543 E143.28113
G1 Z8.007 X83.342 Y104.463 E143.31934
G1 Z8.009 X83.086 Y103.364 E143.35754
G1 Z8.011 X82.902 Y102.251 E143.39573
G1 Z8.013 X82.791 Y101.128 E143.43393
G1 Z8.015 X82.754 Y100 E143.47213
G1 Z8.017 X82.791 Y98.872 E143.51033
G1 Z8.020 X82.902 Y97.749 E143.54853
G1 Z8.022 X83.086 Y96.636 E143.58672
G1 Z8.024 X83.342 Y95.537 E143.62492
G1 Z8.026 X83.67 Y94.457 E143.66313
G1 Z8.028 X84.067 Y93.4 E143.70135
G1 Z8.030 X84.533 Y92.372 E143.73955
G1 Z8.032 X85.065 Y91.377 E143.77774
G1 Z8.034 X85.661 Y90.419 E143.81593
G1 Z8.036 X86.318 Y89.502 E143.85411
G1 Z8.037 X86.533 Y89.239 E143.86561
G1 Z8.038 X87.034 Y88.629 E143.89233
G1 Z8.040 X87.806 Y87.806 E143.93053
G1 Z8.042 X88.629 Y87.034 E143.96873
G1 Z8.045 X89.502 Y86.318 E144.00695
G1 Z8.047 X90.419 Y85.661 E144.04513
G1 Z8.049 X91.377 Y85.065 E144.08332
G1 Z8.051 X92.373 Y84.533 E144.12154
G1 Z8.053 X93.4 Y84.067 E144.15971
G1 Z8.055 X94.457 Y83.67 E144.19793
G1 Z8.057 X95.537 Y83.342 E144.23614
G1 Z8.059 X96.636 Y83.086 E144.27434
G1 Z8.061 X97.749 Y82.902 E144.31253
G1 Z8.063 X98.872 Y82.791 E144.35073
G1 Z8.065 X100 Y82.754 E144.38893
G1 Z8.066 X100.339 Y82.766 E144.40041
G1 Z8.067 X101.128 Y82.791 E144.42713
G1 Z8.070 X102.251 Y82.902 E144.46533
G1 Z8.072 X103.364 Y83.086 E144.50352
G1 Z8.074 X104.463 Y83.342 E144.54172
G1 Z8.076 X105.543 Y83.67 E144.57993
G1 Z8.078 X106.6 Y84.067 E144.61815
G1 Z8.080 X107.628 Y84.533 E144.65635
G1 Z8.082 X108.623 Y85.065 E144.69454
G1 Z8.084 X109.581 Y85.661 E144.73273
G1 Z8.086 X110.498 Y86.318 E144.77091
G1 Z8.087 X110.761 Y86.533 E144.78241
G1 Z8.088 X111.371 Y87.034 E144.80913
G1 Z8.090 X112.194 Y87.806 E144.84733
G1 Z8.092 X112.966 Y88.629 E144.88553
G1 Z8.095 X113.682 Y89.502 E144.92375
G1 Z8.097 X114.339 Y90.419 E144.96193
G1 Z8.099 X114.935 Y91.377 E145.00012
G1 Z8.101 X115.467 Y92.373 E145.03834
G1 Z8.103 X115.933 Y93.4 E145.07651
G1 Z8.105 X116.33 Y94.457 E145.11473
G1 Z8.107 X116.658 Y95.537 E145.15294
G1 Z8.109 X116.914 Y96.636 E145.19114
G1 Z8.111 X117.098 Y97.749 E145.22933
G1 Z8.113 X117.209 Y98.872 E145.26753
G1 Z8.115 X117.246 Y100 E145.30573
G1 Z8.117 X117.209 Y101.128 E145.34393
G1 Z8.120 X117.098 Y102.251 E145.38213
G1 Z8.122 X116.914 Y103.364 E145.42032
G1 Z8.124 X116.658 Y104.463 E145.45852
G1 Z8.126 X116.33 Y105.543 E145.49673
G1 Z8.128 X115.933 Y106.6 E145.53495
G1 Z8.130 X115.467 Y107.628 E145.57315
G1 Z8.132 X114.935 Y108.623 E145.61134
G1 Z8.134 X114.339 Y109.581 E145.64953
G1 Z8.136 X113.682 Y110.498 E145.68771
G1 Z8.137 X113.467 Y110.761 E145.69921
G1 Z8.138 X112.966 Y111.371 E145.72593
G1 Z8.140 X112.194 Y112.194 E145.76413
G1 Z8.142 X111.371 Y112.966 E145.80233
G1 Z8.145 X110.498 Y113.682 E145.84055
G1 Z8.147 X109.581 Y114.339 E145.87873
G1 Z8.149 X108.623 Y114.935 E145.91692
G1 Z8.151 X107.628 Y115.467 E145.95511
G1 Z8.153 X106.6 Y115.933 E145.99331
G1 Z8.155 X105.543 Y116.33 E146.03153
G1 Z8.157 X104.463 Y116.658 E146.06974
G1 Z8.159 X103.364 Y116.914 E146.10794
G1 Z8.161 X102.251 Y117.098 E146.14613
G1 Z8.163 X101.128 Y117.209 E146.18433
G1 Z8.165 X100 Y117.246 E146.22253
G1 Z8.167 X98.872 Y117.209 E146.26073
G1 Z8.170 X97.749 Y117.098 E146.29893
G1 Z8.172 X96.636 Y116.914 E146.33712
G1 Z8.174 X95.537 Y116.658 E146.37532
G1 Z8.176 X94.457 Y116.33 E146.41353
G1 Z8.178 X93.4 Y115.933 E146.45175
G1 Z8.180 X92.372 Y115.467 E146.48995
G1 Z8.182 X91.377 Y114.935 E146.52814
G1 Z8.184 X90.419 Y114.339 E146.56633
G1 Z8.186 X89.502 Y113.682 E146.60451
G1 Z8.187 X89.239 Y113.467 E146.61601
G1 Z8.188 X88.629 Y112.966 E146.64273
G1 Z8.190 X87.806 Y112.194 E146.68093
G1 Z8.192 X87.034 Y111.371 E146.71913
G1 Z8.195 X86.318 Y110.498 E146.75735
G1 Z8.197 X85.661 Y109.581 E146.79553
G1 Z8.199 X85.065 Y108.623 E146.83372
G1 Z8.199 X84.905 Y108.323 E146.84523
G1 Z8.200 X84.728 Y107.992 E146.85794
;LAYER_CHANGE
;Z:8.4
;HEIGHT:0.2
G1 Z8.200 F7800
G1 F1311
G1 Z8.201 X84.386 Y107.7 E146.8721
G1 Z8.203 X83.916 Y106.662 E146.91067
G1 Z8.205 X83.515 Y105.596 E146.94922
G1 Z8.207 X83.184 Y104.506 E146.98778
G1 Z8.209 X82.925 Y103.396 E147.02636
G1 Z8.211 X82.74 Y102.272 E147.06492
G1 Z8.213 X82.628 Y101.139 E147.10346
G1 Z8.215 X82.595 Y100.113 E147.13821
G1 Z8.217 X82.628 Y98.861 E147.1806
G1 Z8.220 X82.74 Y97.728 E147.21914
G1 Z8.222 X82.925 Y96.604 E147.2577
G1 Z8.224 X83.184 Y95.494 E147.29628
G1 Z8.226 X83.515 Y94.404 E147.33484
G1 Z8.228 X83.916 Y93.338 E147.37339
G1 Z8.230 X84.386 Y92.3 E147.41196
G1 Z8.232 X84.923 Y91.295 E147.45053
G1 Z8.234 X85.525 Y90.328 E147.48909
G1 Z8.236 X86.188 Y89.402 E147.52764
G1 Z8.238 X86.911 Y88.521 E147.56622
G1 Z8.240 X87.69 Y87.69 E147.60477
G1 Z8.242 X88.521 Y86.911 E147.64332
G1 Z8.245 X89.402 Y86.188 E147.6819
G1 Z8.247 X90.328 Y85.525 E147.72045
G1 Z8.249 X91.295 Y84.923 E147.75901
G1 Z8.251 X92.3 Y84.386 E147.79758
G1 Z8.253 X93.338 Y83.916 E147.83615
G1 Z8.255 X94.404 Y83.515 E147.8747
G1 Z8.257 X95.494 Y83.184 E147.91326
G1 Z8.259 X96.604 Y82.925 E147.95184
G1 Z8.261 X97.728 Y82.74 E147.9904
G1 Z8.263 X98.861 Y82.628 E148.02894
G1 Z8.265 X100 Y82.591 E148.06751
G1 Z8.267 X101.026 Y82.624 E148.10226
G1 Z8.270 X102.273 Y82.74 E148.14465
G1 Z8.272 X103.396 Y82.925 E148.18317
G1 Z8.274 X104.506 Y83.184 E148.22175
G1 Z8.276 X105.596 Y83.515 E148.26031
G1 Z8.278 X106.662 Y83.916 E148.29886
G1 Z8.280 X107.7 Y84.386 E148.33743
G1 Z8.282 X108.705 Y84.923 E148.376
G1 Z8.284 X109.672 Y85.525 E148.41456
G1 Z8.286 X110.598 Y86.188 E148.45311
G1 Z8.288 X111.479 Y86.911 E148.49169
G1 Z8.290 X112.31 Y87.69 E148.53024
G1 Z8.292 X113.089 Y88.521 E148.56879
G1 Z8.295 X113.812 Y89.402 E148.60737
G1 Z8.297 X114.475 Y90.328 E148.64592
G1 Z8.299 X115.077 Y91.295 E148.68448
G1 Z8.301 X115.614 Y92.3 E148.72305
G1 Z8.303 X116.084 Y93.338 E148.76162
G1 Z8.305 X116.485 Y94.404 E148.80017
G1 Z8.307 X116.816 Y95.494 E148.83873
G1 Z8.309 X117.075 Y96.604 E148.87731
G1 Z8.311 X117.26 Y97.728 E148.91587
G1 Z8.313 X117.372 Y98.861 E148.95441
G1 Z8.315 X117.405 Y99.887 E148.98916
G1 Z8.317 X117.372 Y101.139 E149.03155
G1 Z8.320 X117.26 Y102.272 E149.07009
G1 Z8.322 X117.075 Y103.396 E149.10865
G1 Z8.324 X116.816 Y104.506 E149.14723
G1 Z8.326 X116.485 Y105.596 E149.18579
G1 Z8.328 X116.084 Y106.662 E149.22434
G1 Z8.330 X115.614 Y107.7 E149.26291
G1 Z8.332 X115.077 Y108.705 E149.30148
G1 Z8.334 X114.475 Y109.672 E149.34004
G1 Z8.336 X113.812 Y110.598 E149.37859
G1 Z8.338 X113.089 Y111.479 E149.41717
G1 Z8.340 X112.31 Y112.31 E149.45572
G1 Z8.342 X111.479 Y113.089 E149.49427
G1 Z8.345 X110.598 Y113.812 E149.53285
G1 Z8.347 X109.672 Y114.475 E149.5714
G1 Z8.349 X108.705 Y115.077 E149.60996
G1 Z8.351 X107.7 Y115.614 E149.64853
G1 Z8.353 X106.662 Y116.084 E149.6871
G1 Z8.355 X105.596 Y116.485 E149.72565
G1 Z8.357 X104.506 Y116.816 E149.76421
G1 Z8.359 X103.396 Y117.075 E149.80279
G1 Z8.361 X102.272 Y117.26 E149.84135
G1 Z8.363 X101.139 Y117.372 E149.87989
G1 Z8.365 X100.113 Y117.405 E149.91464
G1 Z8.367 X98.861 Y117.372 E149.95703
G1 Z8.370 X97.728 Y117.26 E149.99557
G1 Z8.372 X96.604 Y117.075 E150.03413
G1 Z8.374 X95.494 Y116.816 E150.07271
G1 Z8.376 X94.404 Y116.485 E150.11127
G1 Z8.378 X93.338 Y116.084 E150.14982
G1 Z8.380 X92.3 Y115.614 E150.18839
G1 Z8.382 X91.295 Y115.077 E150.22696
G1 Z8.384 X90.328 Y114.475 E150.26552
G1 Z8.386 X89.402 Y113.812 E150.30407
G1 Z8.388 X88.521 Y113.089 E150.34265
G1 Z8.390 X87.69 Y112.31 E150.3812
G1 Z8.392 X86.911 Y111.479 E150.41975
G1 Z8.395 X86.188 Y110.598 E150.45833
G1 Z8.397 X85.525 Y109.672 E150.49688
G1 Z8.399 X84.923 Y108.705 E150.53544
G1 Z8.400 X84.583 Y108.069 E150.55985
;LAYER_CHANGE
;Z:8.6
;HEIGHT:0.200001
G1 Z8.400 F7800
G1 F1323
G1 Z8.401 X84.245 Y107.77 E150.57416
G1 Z8.403 X83.77 Y106.722 E150.61311
G1 Z8.405 X83.366 Y105.647 E150.65198
G1 Z8.407 X83.032 Y104.547 E150.69089
G1 Z8.409 X82.771 Y103.427 E150.72982
G1 Z8.411 X82.584 Y102.293 E150.76872
G1 Z8.413 X82.471 Y101.149 E150.80763
G1 Z8.414 X82.452 Y100.57 E150.82724
G1 Z8.415 X82.433 Y100 E150.84654
G1 Z8.417 X82.471 Y98.851 E150.88545
G1 Z8.420 X82.584 Y97.707 E150.92436
G1 Z8.422 X82.771 Y96.573 E150.96326
G1 Z8.424 X83.032 Y95.453 E151.00219
G1 Z8.426 X83.366 Y94.353 E151.0411
G1 Z8.428 X83.77 Y93.278 E151.07997
G1 Z8.430 X84.245 Y92.23 E151.11892
G1 Z8.432 X84.787 Y91.217 E151.15781
G1 Z8.434 X85.394 Y90.24 E151.19674
G1 Z8.436 X86.063 Y89.306 E151.23563
G1 Z8.438 X86.793 Y88.417 E151.27457
G1 Z8.440 X87.578 Y87.578 E151.31346
G1 Z8.442 X88.417 Y86.793 E151.35235
G1 Z8.445 X89.306 Y86.063 E151.39129
G1 Z8.447 X90.24 Y85.394 E151.43018
G1 Z8.449 X91.217 Y84.787 E151.46911
G1 Z8.451 X92.23 Y84.245 E151.508
G1 Z8.453 X93.278 Y83.77 E151.54695
G1 Z8.455 X94.353 Y83.366 E151.58582
G1 Z8.457 X95.453 Y83.032 E151.62473
G1 Z8.459 X96.573 Y82.771 E151.66366
G1 Z8.461 X97.707 Y82.584 E151.70256
G1 Z8.463 X98.851 Y82.471 E151.74147
G1 Z8.465 X100 Y82.433 E151.78038
G1 Z8.466 X100.579 Y82.452 E151.79999
G1 Z8.467 X101.149 Y82.471 E151.81929
G1 Z8.470 X102.293 Y82.584 E151.8582
G1 Z8.472 X103.427 Y82.771 E151.8971
G1 Z8.474 X104.547 Y83.032 E151.93603
G1 Z8.476 X105.647 Y83.366 E151.97494
G1 Z8.478 X106.722 Y83.77 E152.01381
G1 Z8.480 X107.77 Y84.245 E152.05276
G1 Z8.482 X108.783 Y84.787 E152.09165
G1 Z8.484 X109.76 Y85.394 E152.13058
G1 Z8.486 X110.694 Y86.063 E152.16947
G1 Z8.488 X111.583 Y86.793 E152.20841
G1 Z8.490 X112.422 Y87.578 E152.2473
G1 Z8.492 X113.207 Y88.417 E152.28619
G1 Z8.495 X113.937 Y89.306 E152.32513
G1 Z8.497 X114.606 Y90.24 E152.36402
G1 Z8.499 X115.213 Y91.217 E152.40295
G1 Z8.501 X115.755 Y92.23 E152.44184
G1 Z8.503 X116.23 Y93.278 E152.48079
G1 Z8.505 X116.634 Y94.353 E152.51966
G1 Z8.507 X116.968 Y95.453 E152.55857
G1 Z8.509 X117.229 Y96.573 E152.5975
G1 Z8.511 X117.416 Y97.707 E152.6364
G1 Z8.513 X117.529 Y98.851 E152.67531
G1 Z8.514 X117.548 Y99.43 E152.69492
G1 Z8.515 X117.567 Y100 E152.71422
G1 Z8.517 X117.529 Y101.149 E152.75313
G1 Z8.520 X117.416 Y102.293 E152.79204
G1 Z8.522 X117.229 Y103.427 E152.83094
G1 Z8.524 X116.968 Y104.547 E152.86987
G1 Z8.526 X116.634 Y105.647 E152.90878
G1 Z8.527 X116.43 Y106.189 E152.92838
G1 Z8.528 X116.23 Y106.722 E152.94765
G1 Z8.530 X115.755 Y107.77 E152.9866
G1 Z8.532 X115.213 Y108.783 E153.02549
G1 Z8.534 X114.606 Y109.76 E153.06442
G1 Z8.536 X113.937 Y110.694 E153.10331
G1 Z8.538 X113.207 Y111.583 E153.14225
G1 Z8.539 X112.812 Y112.005 E153.16182
G1 Z8.540 X112.422 Y112.422 E153.18115
G1 Z8.542 X111.583 Y113.207 E153.22004
G1 Z8.545 X110.694 Y113.937 E153.25898
G1 Z8.547 X109.76 Y114.606 E153.29787
G1 Z8.549 X108.783 Y115.213 E153.3368
G1 Z8.551 X107.77 Y115.755 E153.37569
G1 Z8.553 X106.722 Y116.23 E153.41464
G1 Z8.555 X105.647 Y116.634 E153.45351
G1 Z8.557 X104.547 Y116.968 E153.49242
G1 Z8.559 X103.427 Y117.229 E153.53135
G1 Z8.561 X102.293 Y117.416 E153.57025
G1 Z8.563 X101.149 Y117.529 E153.60916
G1 Z8.564 X100.57 Y117.548 E153.62877
G1 Z8.565 X100 Y117.567 E153.64807
G1 Z8.567 X98.851 Y117.529 E153.68698
G1 Z8.570 X97.707 Y117.416 E153.72589
G1 Z8.572 X96.573 Y117.229 E153.76479
G1 Z8.574 X95.453 Y116.968 E153.80372
G1 Z8.576 X94.353 Y116.634 E153.84263
G1 Z8.577 X93.811 Y116.43 E153.86223
G1 Z8.578 X93.278 Y116.23 E153.8815
G1 Z8.580 X92.23 Y115.755 E153.92045
G1 Z8.582 X91.217 Y115.213 E153.95934
G1 Z8.584 X90.24 Y114.606 E153.99827
G1 Z8.586 X89.306 Y113.937 E154.03716
G1 Z8.588 X88.417 Y113.207 E154.0761
G1 Z8.590 X87.578 Y112.422 E154.11499
G1 Z8.592 X86.793 Y111.583 E154.15388
G1 Z8.595 X86.063 Y110.694 E154.19282
G1 Z8.597 X85.394 Y109.76 E154.23171
G1 Z8.599 X84.787 Y108.783 E154.27064
G1 Z8.600 X84.444 Y108.143 E154.29522
;LAYER_CHANGE
;Z:8.8
;HEIGHT:0.2
G1 Z8.600 F7800
G1 F1335
G1 Z8.601 X84.106 Y107.838 E154.30973
G1 Z8.603 X83.627 Y106.782 E154.34898
G1 Z8.605 X83.219 Y105.696 E154.38825
G1 Z8.607 X82.882 Y104.587 E154.42748
G1 Z8.609 X82.619 Y103.457 E154.46675
G1 Z8.611 X82.43 Y102.313 E154.506
G1 Z8.613 X82.316 Y101.159 E154.54525
G1 Z8.615 X82.278 Y100 E154.5845
G1 Z8.617 X82.316 Y98.841 E154.62375
G1 Z8.620 X82.43 Y97.687 E154.663
G1 Z8.622 X82.619 Y96.543 E154.70225
G1 Z8.624 X82.882 Y95.413 E154.74152
G1 Z8.626 X83.219 Y94.304 E154.78075
G1 Z8.628 X83.627 Y93.218 E154.82002
G1 Z8.630 X84.106 Y92.162 E154.85927
G1 Z8.632 X84.653 Y91.139 E154.89854
G1 Z8.634 X85.265 Y90.154 E154.93779
G1 Z8.636 X85.94 Y89.212 E154.97702
G1 Z8.638 X86.676 Y88.315 E155.01629
G1 Z8.640 X87.468 Y87.469 E155.05552
G1 Z8.643 X88.407 Y86.601 E155.0988
G1 Z8.645 X89.212 Y85.94 E155.13406
G1 Z8.647 X90.154 Y85.265 E155.17329
G1 Z8.649 X91.139 Y84.653 E155.21254
G1 Z8.651 X92.162 Y84.106 E155.25181
G1 Z8.653 X93.218 Y83.627 E155.29106
G1 Z8.655 X94.304 Y83.219 E155.33033
G1 Z8.657 X95.413 Y82.882 E155.36956
G1 Z8.659 X96.543 Y82.619 E155.40883
G1 Z8.661 X97.687 Y82.43 E155.44808
G1 Z8.663 X98.84 Y82.316 E155.4873
G1 Z8.666 X100.118 Y82.282 E155.53057
G1 Z8.667 X101.159 Y82.316 E155.56583
G1 Z8.670 X102.313 Y82.43 E155.60508
G1 Z8.672 X103.457 Y82.619 E155.64433
G1 Z8.674 X104.587 Y82.882 E155.6836
G1 Z8.676 X105.696 Y83.219 E155.72283
G1 Z8.678 X106.782 Y83.627 E155.7621
G1 Z8.680 X107.838 Y84.106 E155.80135
G1 Z8.682 X108.861 Y84.653 E155.84062
G1 Z8.684 X109.846 Y85.265 E155.87987
G1 Z8.686 X110.788 Y85.94 E155.9191
G1 Z8.688 X111.685 Y86.676 E155.95837
G1 Z8.690 X112.531 Y87.468 E155.9976
G1 Z8.693 X113.399 Y88.407 E156.04088
G1 Z8.695 X114.06 Y89.212 E156.07614
G1 Z8.697 X114.735 Y90.154 E156.11537
G1 Z8.699 X115.347 Y91.139 E156.15462
G1 Z8.701 X115.894 Y92.162 E156.19389
G1 Z8.703 X116.373 Y93.218 E156.23314
G1 Z8.705 X116.781 Y94.304 E156.27241
G1 Z8.707 X117.118 Y95.413 E156.31164
G1 Z8.709 X117.381 Y96.543 E156.35091
G1 Z8.711 X117.57 Y97.687 E156.39016
G1 Z8.713 X117.684 Y98.841 E156.42941
G1 Z8.715 X117.722 Y100 E156.46866
G1 Z8.717 X117.684 Y101.159 E156.50791
G1 Z8.720 X117.57 Y102.313 E156.54716
G1 Z8.722 X117.381 Y103.457 E156.58641
G1 Z8.724 X117.118 Y104.587 E156.62568
G1 Z8.726 X116.781 Y105.696 E156.66491
G1 Z8.728 X116.373 Y106.782 E156.70418
G1 Z8.730 X115.894 Y107.838 E156.74343
G1 Z8.732 X115.347 Y108.861 E156.7827
G1 Z8.734 X114.735 Y109.846 E156.82195
G1 Z8.736 X114.06 Y110.788 E156.86118
G1 Z8.738 X113.324 Y111.685 E156.90045
G1 Z8.740 X112.532 Y112.531 E156.93968
G1 Z8.743 X111.593 Y113.399 E156.98296
G1 Z8.745 X110.788 Y114.06 E157.01822
G1 Z8.747 X109.846 Y114.735 E157.05745
G1 Z8.749 X108.861 Y115.347 E157.0967
G1 Z8.751 X107.838 Y115.894 E157.13597
G1 Z8.753 X106.782 Y116.373 E157.17522
G1 Z8.755 X105.696 Y116.781 E157.21449
G1 Z8.757 X104.587 Y117.118 E157.25372
G1 Z8.759 X103.457 Y117.381 E157.29299
G1 Z8.761 X102.313 Y117.57 E157.33224
G1 Z8.763 X101.159 Y117.684 E157.37149
G1 Z8.765 X100 Y117.722 E157.41074
G1 Z8.767 X98.841 Y117.684 E157.44999
G1 Z8.770 X97.687 Y117.57 E157.48924
G1 Z8.772 X96.543 Y117.381 E157.52849
G1 Z8.774 X95.413 Y117.118 E157.56776
G1 Z8.776 X94.304 Y116.781 E157.60699
G1 Z8.778 X93.218 Y116.373 E157.64626
G1 Z8.780 X92.162 Y115.894 E157.68551
G1 Z8.782 X91.139 Y115.347 E157.72478
G1 Z8.784 X90.154 Y114.735 E157.76403
G1 Z8.786 X89.212 Y114.06 E157.80326
G1 Z8.788 X88.315 Y113.324 E157.84253
G1 Z8.790 X87.469 Y112.532 E157.88176
G1 Z8.793 X86.601 Y111.593 E157.92504
G1 Z8.795 X85.94 Y110.788 E157.9603
G1 Z8.797 X85.265 Y109.846 E157.99953
G1 Z8.799 X84.653 Y108.861 E158.03878
G1 Z8.800 X84.308 Y108.216 E158.06354
;LAYER_CHANGE
;Z:9
;HEIGHT:0.2
G1 Z8.800 F7800
G1 F1346
G1 Z8.801 X83.973 Y107.904 E158.0782
G1 Z8.802 X83.633 Y107.152 E158.10614
G1 Z8.803 X83.491 Y106.838 E158.1178
G1 Z8.805 X83.079 Y105.744 E158.15737
G1 Z8.807 X82.739 Y104.625 E158.19696
G1 Z8.809 X82.474 Y103.486 E158.23654
G1 Z8.811 X82.283 Y102.332 E158.27613
G1 Z8.813 X82.169 Y101.169 E158.31568
G1 Z8.815 X82.13 Y100 E158.35527
G1 Z8.817 X82.169 Y98.831 E158.39486
G1 Z8.820 X82.283 Y97.668 E158.43441
G1 Z8.822 X82.474 Y96.514 E158.474
G1 Z8.824 X82.739 Y95.375 E158.51358
G1 Z8.826 X83.079 Y94.256 E158.55317
G1 Z8.828 X83.491 Y93.162 E158.59274
G1 Z8.830 X83.973 Y92.096 E158.63234
G1 Z8.832 X84.524 Y91.065 E158.67191
G1 Z8.834 X85.142 Y90.072 E158.7115
G1 Z8.836 X85.823 Y89.122 E158.75106
G1 Z8.838 X86.565 Y88.218 E158.79065
G1 Z8.840 X87.364 Y87.364 E158.83024
G1 Z8.842 X88.218 Y86.565 E158.86983
G1 Z8.845 X89.122 Y85.823 E158.90942
G1 Z8.847 X90.072 Y85.142 E158.94898
G1 Z8.849 X91.065 Y84.524 E158.98857
G1 Z8.851 X92.096 Y83.973 E159.02814
G1 Z8.852 X92.848 Y83.633 E159.05608
G1 Z8.853 X93.162 Y83.491 E159.06774
G1 Z8.855 X94.256 Y83.079 E159.10731
G1 Z8.857 X95.375 Y82.739 E159.1469
G1 Z8.859 X96.514 Y82.474 E159.18648
G1 Z8.861 X97.668 Y82.283 E159.22607
G1 Z8.863 X98.831 Y82.169 E159.26562
G1 Z8.865 X100 Y82.13 E159.30521
G1 Z8.867 X100.824 Y82.157 E159.33312
G1 Z8.867 X101.169 Y82.169 E159.3448
G1 Z8.870 X102.332 Y82.283 E159.38435
G1 Z8.872 X103.486 Y82.474 E159.42394
G1 Z8.874 X104.625 Y82.739 E159.46352
G1 Z8.876 X105.744 Y83.079 E159.50311
G1 Z8.878 X106.838 Y83.491 E159.54268
G1 Z8.880 X107.904 Y83.973 E159.58228
G1 Z8.882 X108.935 Y84.524 E159.62185
G1 Z8.884 X109.928 Y85.142 E159.66144
G1 Z8.886 X110.878 Y85.823 E159.701
G1 Z8.888 X111.782 Y86.565 E159.74059
G1 Z8.890 X112.636 Y87.364 E159.78018
G1 Z8.892 X113.435 Y88.218 E159.81977
G1 Z8.895 X114.177 Y89.122 E159.85936
G1 Z8.897 X114.858 Y90.072 E159.89892
G1 Z8.899 X115.476 Y91.065 E159.93851
G1 Z8.901 X116.027 Y92.096 E159.97808
G1 Z8.902 X116.367 Y92.848 E160.00602
G1 Z8.903 X116.509 Y93.162 E160.01768
G1 Z8.905 X116.921 Y94.256 E160.05725
G1 Z8.907 X117.261 Y95.375 E160.09684
G1 Z8.909 X117.526 Y96.514 E160.13642
G1 Z8.911 X117.717 Y97.668 E160.17601
G1 Z8.913 X117.831 Y98.831 E160.21556
G1 Z8.915 X117.87 Y100 E160.25515
G1 Z8.917 X117.831 Y101.169 E160.29474
G1 Z8.920 X117.717 Y102.332 E160.33429
G1 Z8.922 X117.526 Y103.486 E160.37388
G1 Z8.924 X117.261 Y104.625 E160.41346
G1 Z8.926 X116.921 Y105.744 E160.45305
G1 Z8.928 X116.509 Y106.838 E160.49262
G1 Z8.930 X116.027 Y107.904 E160.53222
G1 Z8.932 X115.476 Y108.935 E160.57179
G1 Z8.934 X114.858 Y109.928 E160.61138
G1 Z8.936 X114.177 Y110.878 E160.65094
G1 Z8.938 X113.435 Y111.782 E160.69053
G1 Z8.940 X112.636 Y112.636 E160.73012
G1 Z8.942 X111.782 Y113.435 E160.76971
G1 Z8.945 X110.878 Y114.177 E160.8093
G1 Z8.947 X109.928 Y114.858 E160.84886
G1 Z8.949 X108.935 Y115.476 E160.88845
G1 Z8.951 X107.904 Y116.027 E160.92802
G1 Z8.952 X107.152 Y116.367 E160.95596
G1 Z8.953 X106.838 Y116.509 E160.96762
G1 Z8.955 X105.744 Y116.921 E161.00719
G1 Z8.957 X104.625 Y117.261 E161.04678
G1 Z8.959 X103.486 Y117.526 E161.08636
G1 Z8.961 X102.332 Y117.717 E161.12595
G1 Z8.963 X101.169 Y117.831 E161.1655
G1 Z8.965 X100 Y117.87 E161.20509
G1 Z8.967 X98.831 Y117.831 E161.24468
G1 Z8.970 X97.668 Y117.717 E161.28423
G1 Z8.972 X96.514 Y117.526 E161.32382
G1 Z8.974 X95.375 Y117.261 E161.3634
G1 Z8.976 X94.256 Y116.921 E161.40299
G1 Z8.978 X93.162 Y116.509 E161.44256
G1 Z8.980 X92.096 Y116.027 E161.48216
G1 Z8.982 X91.065 Y115.476 E161.52173
G1 Z8.984 X90.072 Y114.858 E161.56132
G1 Z8.986 X89.122 Y114.177 E161.60088
G1 Z8.988 X88.218 Y113.435 E161.64047
G1 Z8.990 X87.364 Y112.636 E161.68006
G1 Z8.992 X86.565 Y111.782 E161.71965
G1 Z8.995 X85.823 Y110.878 E161.75924
G1 Z8.997 X85.142 Y109.928 E161.7988
G1 Z8.999 X84.524 Y108.935 E161.83839
G1 Z9.000 X84.177 Y108.286 E161.8633
;LAYER_CHANGE
;Z:9.2
;HEIGHT:0.2
G1 Z9.000 F7800
G1 F1357
G1 Z9.001 X83.845 Y107.967 E161.87811
G1 Z9.003 X83.358 Y106.893 E161.91803
G1 Z9.005 X82.943 Y105.79 E161.95792
G1 Z9.007 X82.601 Y104.662 E161.99782
G1 Z9.009 X82.333 Y103.514 E162.03772
G1 Z9.011 X82.141 Y102.351 E162.07762
G1 Z9.013 X82.026 Y101.178 E162.11752
G1 Z9.015 X81.987 Y100 E162.15742
G1 Z9.017 X82.026 Y98.822 E162.19732
G1 Z9.020 X82.141 Y97.649 E162.23722
G1 Z9.022 X82.333 Y96.486 E162.27712
G1 Z9.024 X82.601 Y95.338 E162.31702
G1 Z9.026 X82.943 Y94.21 E162.35692
G1 Z9.028 X83.358 Y93.107 E162.39681
G1 Z9.030 X83.845 Y92.033 E162.43673
G1 Z9.032 X84.401 Y90.994 E162.47662
G1 Z9.034 X85.023 Y89.993 E162.51651
G1 Z9.036 X85.71 Y89.035 E162.55641
G1 Z9.037 X85.934 Y88.761 E162.56839
G1 Z9.038 X86.457 Y88.123 E162.59631
G1 Z9.040 X87.263 Y87.263 E162.63621
G1 Z9.042 X88.123 Y86.457 E162.67611
G1 Z9.045 X89.035 Y85.71 E162.71601
G1 Z9.047 X89.993 Y85.023 E162.75591
G1 Z9.049 X90.994 Y84.401 E162.7958
G1 Z9.051 X92.033 Y83.845 E162.83569
G1 Z9.053 X93.107 Y83.358 E162.87561
G1 Z9.055 X94.21 Y82.943 E162.9155
G1 Z9.057 X95.338 Y82.601 E162.9554
G1 Z9.059 X96.486 Y82.333 E162.9953
G1 Z9.061 X97.649 Y82.141 E163.0352
G1 Z9.063 X98.822 Y82.026 E163.0751
G1 Z9.065 X100 Y81.987 E163.115
G1 Z9.066 X100.354 Y81.999 E163.12699
G1 Z9.067 X101.178 Y82.026 E163.1549
G1 Z9.070 X102.351 Y82.141 E163.1948
G1 Z9.072 X103.514 Y82.333 E163.2347
G1 Z9.074 X104.662 Y82.601 E163.2746
G1 Z9.076 X105.79 Y82.943 E163.3145
G1 Z9.078 X106.893 Y83.358 E163.35439
G1 Z9.080 X107.967 Y83.845 E163.39431
G1 Z9.082 X109.006 Y84.401 E163.4342
G1 Z9.084 X110.007 Y85.023 E163.47409
G1 Z9.086 X110.965 Y85.71 E163.51399
G1 Z9.087 X111.239 Y85.934 E163.52597
G1 Z9.088 X111.877 Y86.457 E163.55389
G1 Z9.090 X112.737 Y87.263 E163.59379
G1 Z9.092 X113.543 Y88.123 E163.63369
G1 Z9.095 X114.29 Y89.035 E163.67359
G1 Z9.097 X114.977 Y89.993 E163.71349
G1 Z9.099 X115.599 Y90.994 E163.75338
G1 Z9.101 X116.155 Y92.033 E163.79327
G1 Z9.103 X116.642 Y93.107 E163.83319
G1 Z9.105 X117.057 Y94.21 E163.87308
G1 Z9.107 X117.399 Y95.338 E163.91298
G1 Z9.109 X117.667 Y96.486 E163.95288
G1 Z9.111 X117.859 Y97.649 E163.99278
G1 Z9.113 X117.974 Y98.822 E164.03268
G1 Z9.115 X118.013 Y100 E164.07258
G1 Z9.117 X117.974 Y101.178 E164.11248
G1 Z9.120 X117.859 Y102.351 E164.15238
G1 Z9.122 X117.667 Y103.514 E164.19228
G1 Z9.124 X117.399 Y104.662 E164.23218
G1 Z9.126 X117.057 Y105.79 E164.27208
G1 Z9.128 X116.642 Y106.893 E164.31197
G1 Z9.130 X116.155 Y107.967 E164.35189
G1 Z9.132 X115.599 Y109.006 E164.39178
G1 Z9.134 X114.977 Y110.007 E164.43167
G1 Z9.136 X114.29 Y110.965 E164.47157
G1 Z9.137 X114.066 Y111.239 E164.48355
G1 Z9.138 X113.543 Y111.877 E164.51147
G1 Z9.140 X112.737 Y112.737 E164.55137
G1 Z9.142 X111.877 Y113.543 E164.59127
G1 Z9.145 X110.965 Y114.29 E164.63117
G1 Z9.147 X110.007 Y114.977 E164.67107
G1 Z9.149 X109.006 Y115.599 E164.71096
G1 Z9.151 X107.967 Y116.155 E164.75085
G1 Z9.153 X106.893 Y116.642 E164.79077
G1 Z9.155 X105.79 Y117.057 E164.83066
G1 Z9.157 X104.662 Y117.399 E164.87056
G1 Z9.159 X103.514 Y117.667 E164.91046
G1 Z9.161 X102.351 Y117.859 E164.95036
G1 Z9.163 X101.178 Y117.974 E164.99026
G1 Z9.165 X100 Y118.013 E165.03016
G1 Z9.167 X98.822 Y117.974 E165.07006
G1 Z9.170 X97.649 Y117.859 E165.10996
G1 Z9.172 X96.486 Y117.667 E165.14986
G1 Z9.174 X95.338 Y117.399 E165.18976
G1 Z9.176 X94.21 Y117.057 E165.22966
G1 Z9.178 X93.107 Y116.642 E165.26955
G1 Z9.180 X92.033 Y116.155 E165.30947
G1 Z9.182 X90.994 Y115.599 E165.34936
G1 Z9.184 X89.993 Y114.977 E165.38925
G1 Z9.186 X89.035 Y114.29 E165.42915
G1 Z9.187 X88.761 Y114.066 E165.44113
G1 Z9.188 X88.123 Y113.543 E165.46905
G1 Z9.190 X87.263 Y112.737 E165.50895
G1 Z9.192 X86.457 Y111.877 E165.54885
G1 Z9.195 X85.71 Y110.965 E165.58875
G1 Z9.197 X85.023 Y110.007 E165.62865
G1 Z9.199 X84.401 Y109.006 E165.66854
G1 Z9.200 X84.051 Y108.353 E165.69362
;LAYER_CHANGE
;Z:9.4
;HEIGHT:0.2
G1 Z9.200 F7800
G1 F1367
G1 Z9.201 X83.721 Y108.028 E165.7086
G1 Z9.203 X83.231 Y106.946 E165.7488
G1 Z9.205 X82.812 Y105.834 E165.78902
G1 Z9.207 X82.468 Y104.698 E165.8292
G1 Z9.209 X82.225 Y103.656 E165.86542
G1 Z9.211 X82.004 Y102.369 E165.90962
G1 Z9.213 X81.888 Y101.187 E165.94982
G1 Z9.215 X81.849 Y100 E165.99002
G1 Z9.217 X81.888 Y98.813 E166.03022
G1 Z9.220 X82.004 Y97.631 E166.07042
G1 Z9.222 X82.198 Y96.459 E166.11063
G1 Z9.224 X82.468 Y95.302 E166.15085
G1 Z9.226 X82.812 Y94.166 E166.19103
G1 Z9.228 X83.231 Y93.054 E166.23125
G1 Z9.230 X83.721 Y91.972 E166.27145
G1 Z9.232 X84.281 Y90.925 E166.31164
G1 Z9.234 X84.846 Y90.016 E166.34787
G1 Z9.236 X85.6 Y88.95 E166.39207
G1 Z9.238 X86.353 Y88.032 E166.43226
G1 Z9.240 X87.165 Y87.165 E166.47247
G1 Z9.242 X88.032 Y86.353 E166.51268
G1 Z9.245 X88.95 Y85.6 E166.55287
G1 Z9.247 X89.916 Y84.908 E166.59309
G1 Z9.249 X90.925 Y84.281 E166.6333
G1 Z9.251 X91.972 Y83.721 E166.67349
G1 Z9.253 X93.054 Y83.231 E166.71369
G1 Z9.255 X94.166 Y82.812 E166.75391
G1 Z9.257 X95.302 Y82.468 E166.79409
G1 Z9.259 X96.344 Y82.225 E166.83031
G1 Z9.261 X97.632 Y82.004 E166.87454
G1 Z9.263 X98.813 Y81.888 E166.91471
G1 Z9.265 X100 Y81.849 E166.95491
G1 Z9.267 X101.069 Y81.884 E166.99111
G1 Z9.270 X102.37 Y82.005 E167.03534
G1 Z9.272 X103.541 Y82.198 E167.07551
G1 Z9.274 X104.698 Y82.468 E167.11573
G1 Z9.276 X105.834 Y82.812 E167.15591
G1 Z9.278 X106.946 Y83.231 E167.19613
G1 Z9.280 X108.028 Y83.721 E167.23633
G1 Z9.282 X109.075 Y84.281 E167.27652
G1 Z9.284 X109.984 Y84.846 E167.31275
G1 Z9.286 X111.05 Y85.6 E167.35695
G1 Z9.288 X111.968 Y86.353 E167.39714
G1 Z9.290 X112.835 Y87.165 E167.43735
G1 Z9.292 X113.647 Y88.032 E167.47756
G1 Z9.295 X114.4 Y88.95 E167.51775
G1 Z9.297 X115.092 Y89.916 E167.55797
G1 Z9.299 X115.719 Y90.925 E167.59818
G1 Z9.301 X116.279 Y91.972 E167.63837
G1 Z9.303 X116.769 Y93.054 E167.67857
G1 Z9.305 X117.188 Y94.166 E167.71879
G1 Z9.307 X117.532 Y95.302 E167.75897
G1 Z9.309 X117.775 Y96.344 E167.79519
G1 Z9.311 X117.996 Y97.632 E167.83942
G1 Z9.313 X118.112 Y98.813 E167.87959
G1 Z9.315 X118.151 Y100 E167.91979
G1 Z9.317 X118.112 Y101.187 E167.95999
G1 Z9.320 X117.996 Y102.369 E168.00019
G1 Z9.322 X117.802 Y103.541 E168.0404
G1 Z9.324 X117.532 Y104.698 E168.08062
G1 Z9.326 X117.188 Y105.834 E168.1208
G1 Z9.328 X116.769 Y106.946 E168.16102
G1 Z9.330 X116.279 Y108.028 E168.20122
G1 Z9.332 X115.719 Y109.075 E168.24141
G1 Z9.334 X115.154 Y109.984 E168.27764
G1 Z9.336 X114.4 Y111.05 E168.32184
G1 Z9.338 X113.647 Y111.968 E168.36203
G1 Z9.340 X112.835 Y112.835 E168.40224
G1 Z9.342 X111.968 Y113.647 E168.44245
G1 Z9.345 X111.05 Y114.4 E168.48264
G1 Z9.347 X110.084 Y115.092 E168.52286
G1 Z9.349 X109.075 Y115.719 E168.56307
G1 Z9.351 X108.028 Y116.279 E168.60326
G1 Z9.353 X106.946 Y116.769 E168.64346
G1 Z9.355 X105.834 Y117.188 E168.68368
G1 Z9.357 X104.698 Y117.532 E168.72386
G1 Z9.359 X103.656 Y117.775 E168.76008
G1 Z9.361 X102.369 Y117.996 E168.80428
G1 Z9.363 X101.187 Y118.112 E168.84448
G1 Z9.365 X100 Y118.151 E168.88468
G1 Z9.367 X98.813 Y118.112 E168.92488
G1 Z9.370 X97.631 Y117.996 E168.96508
G1 Z9.372 X96.459 Y117.802 E169.00529
G1 Z9.374 X95.302 Y117.532 E169.04551
G1 Z9.376 X94.166 Y117.188 E169.08569
G1 Z9.378 X93.054 Y116.769 E169.12591
G1 Z9.380 X91.972 Y116.279 E169.16611
G1 Z9.382 X90.925 Y115.719 E169.2063
G1 Z9.384 X90.016 Y115.154 E169.24253
G1 Z9.386 X88.95 Y114.4 E169.28673
G1 Z9.388 X88.032 Y113.647 E169.32692
G1 Z9.390 X87.165 Y112.835 E169.36713
G1 Z9.392 X86.353 Y111.968 E169.40734
G1 Z9.395 X85.6 Y111.05 E169.44753
G1 Z9.397 X84.908 Y110.084 E169.48775
G1 Z9.399 X84.281 Y109.075 E169.52796
G1 Z9.400 X83.93 Y108.418 E169.55317
;LAYER_CHANGE
;Z:9.6
;HEIGHT:0.200001
G1 Z9.400 F7800
G1 F1377
G1 Z9.401 X83.605 Y108.085 E169.5683
G1 Z9.403 X83.112 Y106.995 E169.60879
G1 Z9.405 X82.69 Y105.876 E169.64927
G1 Z9.407 X82.343 Y104.731 E169.68977
G1 Z9.409 X82.072 Y103.566 E169.73026
G1 Z9.411 X81.877 Y102.386 E169.77074
G1 Z9.413 X81.759 Y101.196 E169.81122
G1 Z9.415 X81.72 Y100 E169.85172
G1 Z9.417 X81.759 Y98.804 E169.89222
G1 Z9.420 X81.877 Y97.614 E169.9327
G1 Z9.422 X82.072 Y96.434 E169.97318
G1 Z9.424 X82.343 Y95.269 E170.01367
G1 Z9.426 X82.69 Y94.124 E170.05417
G1 Z9.428 X83.112 Y93.005 E170.09465
G1 Z9.430 X83.605 Y91.915 E170.13514
G1 Z9.432 X84.169 Y90.86 E170.17563
G1 Z9.434 X84.801 Y89.844 E170.21613
G1 Z9.436 X85.498 Y88.872 E170.25662
G1 Z9.438 X86.257 Y87.947 E170.29712
G1 Z9.440 X87.074 Y87.074 E170.33759
G1 Z9.442 X87.947 Y86.257 E170.37806
G1 Z9.445 X88.872 Y85.498 E170.41856
G1 Z9.447 X89.844 Y84.801 E170.45905
G1 Z9.449 X90.86 Y84.169 E170.49955
G1 Z9.451 X91.915 Y83.605 E170.54004
G1 Z9.453 X93.005 Y83.112 E170.58053
G1 Z9.455 X94.124 Y82.69 E170.62101
G1 Z9.457 X95.269 Y82.343 E170.66151
G1 Z9.459 X96.434 Y82.072 E170.702
G1 Z9.461 X97.614 Y81.877 E170.74248
G1 Z9.463 X98.804 Y81.759 E170.78296
G1 Z9.465 X100 Y81.72 E170.82346
G1 Z9.466 X100.601 Y81.74 E170.84381
G1 Z9.467 X101.196 Y81.759 E170.86396
G1 Z9.470 X102.386 Y81.877 E170.90444
G1 Z9.472 X103.566 Y82.072 E170.94492
G1 Z9.474 X104.731 Y82.343 E170.98541
G1 Z9.476 X105.876 Y82.69 E171.02591
G1 Z9.478 X106.995 Y83.112 E171.06639
G1 Z9.480 X108.085 Y83.605 E171.10688
G1 Z9.482 X109.14 Y84.169 E171.14737
G1 Z9.484 X110.156 Y84.801 E171.18787
G1 Z9.486 X111.128 Y85.498 E171.22836
G1 Z9.488 X112.053 Y86.257 E171.26886
G1 Z9.490 X112.926 Y87.074 E171.30933
G1 Z9.492 X113.743 Y87.947 E171.3498
G1 Z9.495 X114.502 Y88.872 E171.3903
G1 Z9.497 X115.199 Y89.844 E171.43079
G1 Z9.499 X115.831 Y90.86 E171.47129
G1 Z9.501 X116.395 Y91.915 E171.51178
G1 Z9.503 X116.888 Y93.005 E171.55227
G1 Z9.505 X117.31 Y94.124 E171.59275
G1 Z9.507 X117.657 Y95.269 E171.63325
G1 Z9.509 X117.929 Y96.434 E171.67374
G1 Z9.511 X118.123 Y97.614 E171.71422
G1 Z9.513 X118.241 Y98.804 E171.7547
G1 Z9.515 X118.28 Y100 E171.7952
G1 Z9.517 X118.241 Y101.196 E171.8357
G1 Z9.520 X118.123 Y102.386 E171.87618
G1 Z9.522 X117.929 Y103.566 E171.91666
G1 Z9.524 X117.657 Y104.731 E171.95715
G1 Z9.526 X117.31 Y105.876 E171.99765
G1 Z9.528 X116.888 Y106.995 E172.03813
G1 Z9.530 X116.395 Y108.085 E172.07862
G1 Z9.532 X115.831 Y109.14 E172.11911
G1 Z9.534 X115.199 Y110.156 E172.15961
G1 Z9.536 X114.502 Y111.128 E172.2001
G1 Z9.538 X113.743 Y112.053 E172.2406
G1 Z9.540 X112.926 Y112.926 E172.28107
G1 Z9.542 X112.053 Y113.743 E172.32154
G1 Z9.545 X111.128 Y114.502 E172.36204
G1 Z9.547 X110.156 Y115.199 E172.40253
G1 Z9.549 X109.14 Y115.831 E172.44303
G1 Z9.551 X108.085 Y116.395 E172.48352
G1 Z9.553 X106.995 Y116.888 E172.52401
G1 Z9.555 X105.876 Y117.31 E172.56449
G1 Z9.557 X104.731 Y117.657 E172.60499
G1 Z9.559 X103.566 Y117.929 E172.64548
G1 Z9.561 X102.386 Y118.123 E172.68596
G1 Z9.563 X101.196 Y118.241 E172.72644
G1 Z9.565 X100 Y118.28 E172.76694
G1 Z9.567 X98.804 Y118.241 E172.80744
G1 Z9.570 X97.614 Y118.123 E172.84792
G1 Z9.572 X96.434 Y117.929 E172.8884
G1 Z9.574 X95.269 Y117.657 E172.92889
G1 Z9.576 X94.124 Y117.31 E172.96939
G1 Z9.578 X93.005 Y116.888 E173.00987
G1 Z9.580 X91.915 Y116.395 E173.05036
G1 Z9.582 X90.86 Y115.831 E173.09085
G1 Z9.583 X90.349 Y115.513 E173.11122
G1 Z9.584 X89.844 Y115.199 E173.13135
G1 Z9.586 X88.872 Y114.502 E173.17184
G1 Z9.588 X87.947 Y113.743 E173.21234
G1 Z9.590 X87.074 Y112.926 E173.25281
G1 Z9.592 X86.257 Y112.053 E173.29328
G1 Z9.595 X85.498 Y111.128 E173.33378
G1 Z9.597 X84.801 Y110.156 E173.37427
G1 Z9.599 X84.169 Y109.14 E173.41477
G1 Z9.600 X83.816 Y108.479 E173.44013
;LAYER_CHANGE
;Z:9.8
;HEIGHT:0.2
G1 Z9.600 F7800
G1 F1386
G1 Z9.601 X83.493 Y108.14 E173.45541
G1 Z9.603 X82.997 Y107.044 E173.49613
G1 Z9.605 X82.537 Y105.799 E173.54106
G1 Z9.607 X82.222 Y104.763 E173.57771
G1 Z9.609 X81.949 Y103.591 E173.61844
G1 Z9.611 X81.753 Y102.402 E173.65923
G1 Z9.613 X81.635 Y101.204 E173.69998
G1 Z9.615 X81.595 Y100.001 E173.74072
G1 Z9.618 X81.647 Y98.675 E173.78564
G1 Z9.620 X81.753 Y97.598 E173.82227
G1 Z9.622 X81.949 Y96.409 E173.86306
G1 Z9.624 X82.222 Y95.237 E173.90379
G1 Z9.626 X82.572 Y94.084 E173.94458
G1 Z9.628 X82.996 Y92.957 E173.98534
G1 Z9.630 X83.493 Y91.86 E174.02611
G1 Z9.632 X84.061 Y90.798 E174.06688
G1 Z9.634 X84.697 Y89.775 E174.10765
G1 Z9.636 X85.399 Y88.796 E174.14843
G1 Z9.638 X86.163 Y87.865 E174.1892
G1 Z9.640 X86.986 Y86.986 E174.22996
G1 Z9.642 X87.865 Y86.163 E174.27072
G1 Z9.645 X88.796 Y85.399 E174.31149
G1 Z9.647 X89.775 Y84.697 E174.35227
G1 Z9.649 X90.798 Y84.061 E174.39304
G1 Z9.651 X91.86 Y83.493 E174.43381
G1 Z9.653 X92.956 Y82.997 E174.47453
G1 Z9.655 X94.201 Y82.537 E174.51946
G1 Z9.657 X95.237 Y82.222 E174.55611
G1 Z9.659 X96.409 Y81.949 E174.59684
G1 Z9.661 X97.598 Y81.753 E174.63763
G1 Z9.663 X98.796 Y81.635 E174.67838
G1 Z9.666 X100.122 Y81.599 E174.72328
G1 Z9.667 X101.204 Y81.635 E174.75992
G1 Z9.670 X102.402 Y81.753 E174.80067
G1 Z9.672 X103.591 Y81.949 E174.84146
G1 Z9.674 X104.763 Y82.222 E174.88219
G1 Z9.676 X105.916 Y82.572 E174.92298
G1 Z9.678 X107.043 Y82.996 E174.96374
G1 Z9.680 X108.14 Y83.493 E175.00451
G1 Z9.682 X109.202 Y84.061 E175.04528
G1 Z9.684 X110.225 Y84.697 E175.08605
G1 Z9.686 X111.204 Y85.399 E175.12683
G1 Z9.688 X112.135 Y86.163 E175.1676
G1 Z9.690 X113.014 Y86.986 E175.20836
G1 Z9.692 X113.837 Y87.865 E175.24912
G1 Z9.695 X114.601 Y88.796 E175.28989
G1 Z9.697 X115.303 Y89.775 E175.33067
G1 Z9.699 X115.939 Y90.798 E175.37144
G1 Z9.701 X116.507 Y91.86 E175.41221
G1 Z9.703 X117.003 Y92.956 E175.45293
G1 Z9.705 X117.463 Y94.201 E175.49786
G1 Z9.707 X117.778 Y95.237 E175.53451
G1 Z9.709 X118.051 Y96.409 E175.57524
G1 Z9.711 X118.247 Y97.598 E175.61603
G1 Z9.713 X118.365 Y98.796 E175.65678
G1 Z9.715 X118.405 Y99.999 E175.69752
G1 Z9.718 X118.353 Y101.325 E175.74244
G1 Z9.720 X118.247 Y102.402 E175.77907
G1 Z9.722 X118.051 Y103.591 E175.81986
G1 Z9.724 X117.778 Y104.763 E175.86059
G1 Z9.726 X117.428 Y105.916 E175.90138
G1 Z9.728 X117.004 Y107.043 E175.94214
G1 Z9.730 X116.507 Y108.14 E175.98291
G1 Z9.732 X115.939 Y109.202 E176.02368
G1 Z9.734 X115.303 Y110.225 E176.06445
G1 Z9.736 X114.601 Y111.204 E176.10523
G1 Z9.738 X113.837 Y112.135 E176.146
G1 Z9.740 X113.014 Y113.014 E176.18676
G1 Z9.742 X112.135 Y113.837 E176.22752
G1 Z9.745 X111.204 Y114.601 E176.26829
G1 Z9.747 X110.225 Y115.303 E176.30907
G1 Z9.749 X109.202 Y115.939 E176.34984
G1 Z9.751 X108.14 Y116.507 E176.39061
G1 Z9.753 X107.044 Y117.003 E176.43133
G1 Z9.755 X105.799 Y117.463 E176.47626
G1 Z9.757 X104.763 Y117.778 E176.51291
G1 Z9.759 X103.591 Y118.051 E176.55364
G1 Z9.761 X102.402 Y118.247 E176.59443
G1 Z9.763 X101.204 Y118.365 E176.63518
G1 Z9.765 X100.001 Y118.405 E176.67592
G1 Z9.768 X98.675 Y118.353 E176.72084
G1 Z9.770 X97.598 Y118.247 E176.75747
G1 Z9.772 X96.409 Y118.051 E176.79826
G1 Z9.774 X95.237 Y117.778 E176.83899
G1 Z9.776 X94.084 Y117.428 E176.87978
G1 Z9.778 X92.957 Y117.004 E176.92054
G1 Z9.780 X91.86 Y116.507 E176.96131
G1 Z9.782 X90.798 Y115.939 E177.00208
G1 Z9.784 X89.775 Y115.303 E177.04285
G1 Z9.786 X88.796 Y114.601 E177.08363
G1 Z9.788 X87.865 Y113.837 E177.1244
G1 Z9.790 X86.986 Y113.014 E177.16516
G1 Z9.792 X86.163 Y112.135 E177.20592
G1 Z9.795 X85.399 Y111.204 E177.24669
G1 Z9.797 X84.697 Y110.225 E177.28747
G1 Z9.799 X84.061 Y109.202 E177.32824
G1 Z9.800 X83.706 Y108.538 E177.35373
;LAYER_CHANGE
;Z:10
;HEIGHT:0.2
G1 Z9.800 F7800
G1 F1395
G1 Z9.801 X83.391 Y108.191 E177.36912
G1 Z9.803 X82.89 Y107.087 E177.41016
G1 Z9.805 X82.464 Y105.953 E177.45116
G1 Z9.807 X82.112 Y104.793 E177.49219
G1 Z9.809 X81.837 Y103.613 E177.5332
G1 Z9.811 X81.639 Y102.417 E177.57423
G1 Z9.813 X81.52 Y101.211 E177.61525
G1 Z9.815 X81.493 Y100.358 E177.64414
G1 Z9.815 X81.481 Y100 E177.65626
G1 Z9.817 X81.52 Y98.789 E177.69727
G1 Z9.820 X81.639 Y97.583 E177.73829
G1 Z9.822 X81.837 Y96.387 E177.77932
G1 Z9.824 X82.112 Y95.207 E177.82033
G1 Z9.826 X82.464 Y94.047 E177.86136
G1 Z9.828 X82.891 Y92.913 E177.90238
G1 Z9.830 X83.391 Y91.809 E177.9434
G1 Z9.832 X83.962 Y90.74 E177.98442
G1 Z9.834 X84.602 Y89.711 E178.02544
G1 Z9.836 X85.308 Y88.726 E178.06646
G1 Z9.838 X86.077 Y87.789 E178.10749
G1 Z9.840 X86.905 Y86.905 E178.14849
G1 Z9.842 X87.789 Y86.077 E178.18949
G1 Z9.845 X88.726 Y85.308 E178.23052
G1 Z9.847 X89.711 Y84.602 E178.27154
G1 Z9.849 X90.74 Y83.962 E178.31256
G1 Z9.851 X91.809 Y83.391 E178.35358
G1 Z9.853 X92.913 Y82.89 E178.39462
G1 Z9.855 X94.047 Y82.464 E178.43562
G1 Z9.857 X95.207 Y82.112 E178.47665
G1 Z9.859 X96.387 Y81.837 E178.51766
G1 Z9.861 X97.583 Y81.639 E178.55869
G1 Z9.863 X98.789 Y81.52 E178.59971
G1 Z9.865 X100 Y81.481 E178.64072
G1 Z9.867 X100.853 Y81.509 E178.66961
G1 Z9.867 X101.211 Y81.52 E178.68173
G1 Z9.870 X102.417 Y81.639 E178.72275
G1 Z9.872 X103.613 Y81.837 E178.76378
G1 Z9.874 X104.793 Y82.112 E178.80479
G1 Z9.876 X105.953 Y82.464 E178.84582
G1 Z9.878 X107.087 Y82.891 E178.88684
G1 Z9.880 X108.191 Y83.391 E178.92786
G1 Z9.882 X109.26 Y83.962 E178.96888
G1 Z9.884 X110.289 Y84.602 E179.0099
G1 Z9.886 X111.274 Y85.308 E179.05092
G1 Z9.888 X112.211 Y86.077 E179.09195
G1 Z9.890 X113.095 Y86.905 E179.13295
G1 Z9.892 X113.923 Y87.789 E179.17395
G1 Z9.895 X114.692 Y88.726 E179.21498
G1 Z9.897 X115.398 Y89.711 E179.256
G1 Z9.899 X116.038 Y90.74 E179.29702
G1 Z9.901 X116.609 Y91.809 E179.33804
G1 Z9.903 X117.11 Y92.913 E179.37908
G1 Z9.905 X117.536 Y94.047 E179.42008
G1 Z9.907 X117.888 Y95.207 E179.46111
G1 Z9.909 X118.163 Y96.387 E179.50212
G1 Z9.911 X118.361 Y97.583 E179.54315
G1 Z9.913 X118.48 Y98.789 E179.58417
G1 Z9.915 X118.507 Y99.642 E179.61306
G1 Z9.915 X118.519 Y100 E179.62518
G1 Z9.917 X118.48 Y101.211 E179.66619
G1 Z9.920 X118.361 Y102.417 E179.70721
G1 Z9.922 X118.163 Y103.613 E179.74824
G1 Z9.924 X117.888 Y104.793 E179.78925
G1 Z9.926 X117.536 Y105.953 E179.83028
G1 Z9.928 X117.109 Y107.087 E179.8713
G1 Z9.930 X116.609 Y108.191 E179.91232
G1 Z9.932 X116.038 Y109.26 E179.95334
G1 Z9.934 X115.398 Y110.289 E179.99436
G1 Z9.936 X114.692 Y111.274 E180.03538
G1 Z9.938 X113.923 Y112.211 E180.07641
G1 Z9.940 X113.095 Y113.095 E180.11741
G1 Z9.942 X112.211 Y113.923 E180.15841
G1 Z9.945 X111.274 Y114.692 E180.19944
G1 Z9.947 X110.289 Y115.398 E180.24046
G1 Z9.949 X109.26 Y116.038 E180.28148
G1 Z9.951 X108.191 Y116.609 E180.3225
G1 Z9.953 X107.087 Y117.11 E180.36354
G1 Z9.955 X105.953 Y117.536 E180.40454
G1 Z9.957 X104.793 Y117.888 E180.44557
G1 Z9.959 X103.613 Y118.163 E180.48658
G1 Z9.961 X102.417 Y118.361 E180.52761
G1 Z9.963 X101.211 Y118.48 E180.56863
G1 Z9.965 X100.358 Y118.507 E180.59752
G1 Z9.965 X100 Y118.519 E180.60964
G1 Z9.967 X98.789 Y118.48 E180.65065
G1 Z9.970 X97.583 Y118.361 E180.69167
G1 Z9.972 X96.387 Y118.163 E180.7327
G1 Z9.974 X95.207 Y117.888 E180.77371
G1 Z9.976 X94.047 Y117.536 E180.81474
G1 Z9.978 X92.913 Y117.109 E180.85576
G1 Z9.980 X91.809 Y116.609 E180.89678
G1 Z9.982 X90.74 Y116.038 E180.9378
G1 Z9.984 X89.711 Y115.398 E180.97882
G1 Z9.986 X88.726 Y114.692 E181.01984
G1 Z9.988 X87.789 Y113.923 E181.06087
G1 Z9.990 X86.905 Y113.095 E181.10187
G1 Z9.992 X86.077 Y112.211 E181.14287
G1 Z9.995 X85.308 Y111.274 E181.1839
G1 Z9.997 X84.602 Y110.289 E181.22492
G1 Z9.999 X83.962 Y109.26 E181.26594
G1 Z10.000 X83.605 Y108.592 E181.29158
;LAYER_CHANGE
;Z:10.2
;HEIGHT:0.2
G1 Z10.000 F7800
G1 F1403
G1 Z10.001 X83.294 Y108.238 E181.30709
G1 Z10.003 X82.791 Y107.128 E181.34834
G1 Z10.005 X82.362 Y105.987 E181.3896
G1 Z10.007 X82.008 Y104.821 E181.43085
G1 Z10.009 X81.731 Y103.634 E181.47211
G1 Z10.011 X81.533 Y102.431 E181.51338
G1 Z10.013 X81.413 Y101.218 E181.55464
G1 Z10.015 X81.373 Y100 E181.59589
G1 Z10.017 X81.413 Y98.782 E181.63714
G1 Z10.020 X81.533 Y97.569 E181.6784
G1 Z10.022 X81.731 Y96.366 E181.71967
G1 Z10.024 X82.008 Y95.179 E181.76093
G1 Z10.026 X82.362 Y94.013 E181.80218
G1 Z10.028 X82.791 Y92.872 E181.84344
G1 Z10.030 X83.294 Y91.762 E181.88469
G1 Z10.032 X83.869 Y90.687 E181.92596
G1 Z10.034 X84.512 Y89.652 E181.9672
G1 Z10.036 X85.222 Y88.661 E182.00846
G1 Z10.037 X85.454 Y88.379 E182.02082
G1 Z10.038 X85.996 Y87.718 E182.04975
G1 Z10.040 X86.829 Y86.829 E182.09099
G1 Z10.042 X87.719 Y85.996 E182.13225
G1 Z10.045 X88.661 Y85.222 E182.17352
G1 Z10.047 X89.652 Y84.512 E182.21478
G1 Z10.049 X90.687 Y83.869 E182.25602
G1 Z10.051 X91.762 Y83.294 E182.29729
G1 Z10.053 X92.872 Y82.791 E182.33854
G1 Z10.055 X94.013 Y82.362 E182.3798
G1 Z10.057 X95.179 Y82.008 E182.42105
G1 Z10.059 X96.366 Y81.731 E182.46231
G1 Z10.061 X97.569 Y81.533 E182.50358
G1 Z10.063 X98.782 Y81.413 E182.54484
G1 Z10.065 X100 Y81.373 E182.58609
G1 Z10.066 X100.365 Y81.385 E182.59845
G1 Z10.067 X101.218 Y81.413 E182.62734
G1 Z10.070 X102.431 Y81.533 E182.6686
G1 Z10.072 X103.634 Y81.731 E182.70987
G1 Z10.074 X104.821 Y82.008 E182.75113
G1 Z10.076 X105.987 Y82.362 E182.79238
G1 Z10.078 X107.128 Y82.791 E182.83364
G1 Z10.080 X108.238 Y83.294 E182.87489
G1 Z10.082 X109.313 Y83.869 E182.91616
G1 Z10.084 X110.348 Y84.512 E182.9574
G1 Z10.086 X111.339 Y85.222 E182.99866
G1 Z10.087 X111.621 Y85.454 E183.01102
G1 Z10.088 X112.282 Y85.996 E183.03995
G1 Z10.090 X113.171 Y86.829 E183.08119
G1 Z10.092 X114.004 Y87.719 E183.12245
G1 Z10.095 X114.778 Y88.661 E183.16372
G1 Z10.097 X115.488 Y89.652 E183.20498
G1 Z10.099 X116.131 Y90.687 E183.24622
G1 Z10.101 X116.706 Y91.762 E183.28749
G1 Z10.103 X117.209 Y92.872 E183.32874
G1 Z10.105 X117.638 Y94.013 E183.37
G1 Z10.107 X117.992 Y95.179 E183.41125
G1 Z10.109 X118.269 Y96.366 E183.45251
G1 Z10.111 X118.467 Y97.569 E183.49378
G1 Z10.113 X118.587 Y98.782 E183.53504
G1 Z10.115 X118.627 Y100 E183.57629
G1 Z10.117 X118.587 Y101.218 E183.61754
G1 Z10.120 X118.467 Y102.431 E183.6588
G1 Z10.122 X118.269 Y103.634 E183.70007
G1 Z10.124 X117.992 Y104.821 E183.74133
G1 Z10.126 X117.638 Y105.987 E183.78258
G1 Z10.128 X117.209 Y107.128 E183.82384
G1 Z10.130 X116.706 Y108.238 E183.86509
G1 Z10.132 X116.131 Y109.313 E183.90636
G1 Z10.134 X115.488 Y110.348 E183.9476
G1 Z10.136 X114.778 Y111.339 E183.98886
G1 Z10.137 X114.546 Y111.621 E184.00122
G1 Z10.138 X114.004 Y112.282 E184.03015
G1 Z10.140 X113.171 Y113.171 E184.07139
G1 Z10.142 X112.281 Y114.004 E184.11265
G1 Z10.145 X111.339 Y114.778 E184.15392
G1 Z10.147 X110.348 Y115.488 E184.19518
G1 Z10.149 X109.313 Y116.131 E184.23642
G1 Z10.151 X108.238 Y116.706 E184.27769
G1 Z10.153 X107.128 Y117.209 E184.31894
G1 Z10.155 X105.987 Y117.638 E184.3602
G1 Z10.157 X104.821 Y117.992 E184.40145
G1 Z10.159 X103.634 Y118.269 E184.44271
G1 Z10.161 X102.431 Y118.467 E184.48398
G1 Z10.163 X101.218 Y118.587 E184.52524
G1 Z10.165 X100 Y118.627 E184.56649
G1 Z10.167 X98.782 Y118.587 E184.60774
G1 Z10.170 X97.569 Y118.467 E184.649
G1 Z10.172 X96.366 Y118.269 E184.69027
G1 Z10.174 X95.179 Y117.992 E184.73153
G1 Z10.176 X94.013 Y117.638 E184.77278
G1 Z10.178 X92.872 Y117.209 E184.81404
G1 Z10.180 X91.762 Y116.706 E184.85529
G1 Z10.182 X90.687 Y116.131 E184.89656
G1 Z10.184 X89.652 Y115.488 E184.9378
G1 Z10.186 X88.661 Y114.778 E184.97906
G1 Z10.187 X88.379 Y114.546 E184.99142
G1 Z10.188 X87.718 Y114.004 E185.02035
G1 Z10.190 X86.829 Y113.171 E185.06159
G1 Z10.192 X85.996 Y112.281 E185.10285
G1 Z10.195 X85.222 Y111.339 E185.14412
G1 Z10.197 X84.512 Y110.348 E185.18538
G1 Z10.199 X83.869 Y109.313 E185.22662
G1 Z10.200 X83.51 Y108.642 E185.25238
;LAYER_CHANGE
;Z:10.4
;HEIGHT:0.2
G1 Z10.200 F7800
G1 F1410
G1 Z10.201 X83.204 Y108.283 E185.26799
G1 Z10.203 X82.698 Y107.167 E185.30947
G1 Z10.205 X82.266 Y106.02 E185.35096
G1 Z10.207 X81.911 Y104.847 E185.39244
G1 Z10.209 X81.66 Y103.773 E185.42977
G1 Z10.211 X81.433 Y102.444 E185.47541
G1 Z10.213 X81.313 Y101.225 E185.51687
G1 Z10.215 X81.273 Y100 E185.55836
G1 Z10.217 X81.313 Y98.775 E185.59985
G1 Z10.220 X81.433 Y97.556 E185.64131
G1 Z10.221 X81.612 Y96.467 E185.67867
G1 Z10.224 X81.911 Y95.152 E185.72432
G1 Z10.226 X82.266 Y93.98 E185.76577
G1 Z10.228 X82.698 Y92.833 E185.80726
G1 Z10.230 X83.204 Y91.717 E185.84874
G1 Z10.232 X83.782 Y90.636 E185.89023
G1 Z10.234 X84.429 Y89.596 E185.93169
G1 Z10.236 X85.142 Y88.599 E185.97318
G1 Z10.238 X85.92 Y87.652 E186.01467
G1 Z10.240 X86.758 Y86.758 E186.05615
G1 Z10.242 X87.652 Y85.92 E186.09763
G1 Z10.245 X88.599 Y85.142 E186.13912
G1 Z10.247 X89.596 Y84.429 E186.18061
G1 Z10.249 X90.636 Y83.782 E186.22207
G1 Z10.251 X91.717 Y83.204 E186.26356
G1 Z10.253 X92.833 Y82.698 E186.30504
G1 Z10.255 X93.98 Y82.266 E186.34653
G1 Z10.257 X95.153 Y81.911 E186.38801
G1 Z10.259 X96.227 Y81.66 E186.42534
G1 Z10.261 X97.556 Y81.433 E186.47098
G1 Z10.263 X98.775 Y81.313 E186.51244
G1 Z10.265 X100 Y81.273 E186.55393
G1 Z10.267 X101.103 Y81.309 E186.59129
G1 Z10.270 X102.445 Y81.433 E186.63691
G1 Z10.272 X103.654 Y81.632 E186.67838
G1 Z10.274 X104.847 Y81.911 E186.71985
G1 Z10.276 X106.02 Y82.266 E186.76133
G1 Z10.278 X107.167 Y82.698 E186.80282
G1 Z10.280 X108.283 Y83.204 E186.8443
G1 Z10.282 X109.364 Y83.782 E186.88579
G1 Z10.284 X110.404 Y84.429 E186.92725
G1 Z10.286 X111.401 Y85.142 E186.96874
G1 Z10.288 X112.348 Y85.92 E187.01023
G1 Z10.290 X113.242 Y86.758 E187.05171
G1 Z10.292 X114.08 Y87.652 E187.09319
G1 Z10.295 X114.858 Y88.599 E187.13468
G1 Z10.297 X115.571 Y89.596 E187.17617
G1 Z10.299 X116.218 Y90.636 E187.21763
G1 Z10.301 X116.796 Y91.717 E187.25912
G1 Z10.303 X117.302 Y92.833 E187.3006
G1 Z10.305 X117.734 Y93.98 E187.34209
G1 Z10.307 X118.089 Y95.153 E187.38357
G1 Z10.309 X118.34 Y96.227 E187.4209
G1 Z10.311 X118.567 Y97.556 E187.46654
G1 Z10.313 X118.687 Y98.775 E187.508
G1 Z10.315 X118.727 Y100 E187.54949
G1 Z10.317 X118.687 Y101.225 E187.59098
G1 Z10.320 X118.567 Y102.444 E187.63244
G1 Z10.321 X118.388 Y103.533 E187.6698
G1 Z10.324 X118.089 Y104.848 E187.71545
G1 Z10.326 X117.734 Y106.02 E187.7569
G1 Z10.328 X117.302 Y107.167 E187.79839
G1 Z10.330 X116.796 Y108.283 E187.83987
G1 Z10.332 X116.218 Y109.364 E187.88136
G1 Z10.334 X115.571 Y110.404 E187.92282
G1 Z10.336 X114.858 Y111.401 E187.96431
G1 Z10.338 X114.08 Y112.348 E188.0058
G1 Z10.340 X113.242 Y113.242 E188.04728
G1 Z10.342 X112.348 Y114.08 E188.08876
G1 Z10.345 X111.401 Y114.858 E188.13025
G1 Z10.347 X110.404 Y115.571 E188.17174
G1 Z10.349 X109.364 Y116.218 E188.2132
G1 Z10.351 X108.283 Y116.796 E188.25469
G1 Z10.353 X107.167 Y117.302 E188.29617
G1 Z10.355 X106.02 Y117.734 E188.33766
G1 Z10.357 X104.847 Y118.089 E188.37914
G1 Z10.359 X103.773 Y118.34 E188.41647
G1 Z10.361 X102.444 Y118.567 E188.46211
G1 Z10.363 X101.225 Y118.687 E188.50357
G1 Z10.365 X100 Y118.727 E188.54506
G1 Z10.367 X98.775 Y118.687 E188.58655
G1 Z10.370 X97.556 Y118.567 E188.62801
G1 Z10.371 X96.467 Y118.388 E188.66537
G1 Z10.374 X95.152 Y118.089 E188.71102
G1 Z10.376 X93.98 Y117.734 E188.75247
G1 Z10.378 X92.833 Y117.302 E188.79396
G1 Z10.380 X91.717 Y116.796 E188.83544
G1 Z10.382 X90.636 Y116.218 E188.87693
G1 Z10.384 X89.596 Y115.571 E188.91839
G1 Z10.386 X88.599 Y114.858 E188.95988
G1 Z10.388 X87.652 Y114.08 E189.00137
G1 Z10.390 X86.758 Y113.242 E189.04285
G1 Z10.392 X85.92 Y112.348 E189.08433
G1 Z10.395 X85.142 Y111.401 E189.12582
G1 Z10.397 X84.429 Y110.404 E189.16731
G1 Z10.399 X83.782 Y109.364 E189.20877
G1 Z10.400 X83.421 Y108.69 E189.23465
;LAYER_CHANGE
;Z:10.6
;HEIGHT:0.200001
G1 Z10.400 F7800
G1 F1419
G1 Z10.401 X83.107 Y108.331 E189.25035
G1 Z10.403 X82.599 Y107.208 E189.29207
G1 Z10.405 X82.164 Y106.054 E189.33381
G1 Z10.407 X81.807 Y104.875 E189.37551
G1 Z10.409 X81.527 Y103.675 E189.41722
G1 Z10.411 X81.326 Y102.458 E189.45897
G1 Z10.413 X81.205 Y101.232 E189.50067
G1 Z10.415 X81.165 Y100 E189.54239
G1 Z10.417 X81.205 Y98.768 E189.58411
G1 Z10.420 X81.326 Y97.542 E189.62581
G1 Z10.422 X81.527 Y96.325 E189.66756
G1 Z10.424 X81.807 Y95.125 E189.70927
G1 Z10.426 X82.164 Y93.946 E189.75097
G1 Z10.428 X82.599 Y92.792 E189.79271
G1 Z10.430 X83.107 Y91.669 E189.83443
G1 Z10.432 X83.688 Y90.582 E189.87615
G1 Z10.434 X84.339 Y89.536 E189.91785
G1 Z10.436 X85.057 Y88.534 E189.95958
G1 Z10.438 X85.839 Y87.581 E190.00131
G1 Z10.440 X86.681 Y86.681 E190.04303
G1 Z10.442 X87.581 Y85.839 E190.08475
G1 Z10.445 X88.534 Y85.057 E190.12648
G1 Z10.447 X89.536 Y84.339 E190.16821
G1 Z10.449 X90.582 Y83.688 E190.20991
G1 Z10.451 X91.669 Y83.107 E190.25163
G1 Z10.453 X92.792 Y82.599 E190.29335
G1 Z10.455 X93.946 Y82.164 E190.33509
G1 Z10.457 X95.125 Y81.807 E190.37679
G1 Z10.459 X96.325 Y81.527 E190.4185
G1 Z10.461 X97.542 Y81.326 E190.46025
G1 Z10.463 X98.768 Y81.205 E190.50195
G1 Z10.465 X100 Y81.165 E190.54367
G1 Z10.466 X100.619 Y81.185 E190.56463
G1 Z10.467 X101.232 Y81.205 E190.58539
G1 Z10.470 X102.458 Y81.326 E190.62709
G1 Z10.472 X103.675 Y81.527 E190.66884
G1 Z10.474 X104.875 Y81.807 E190.71055
G1 Z10.476 X106.054 Y82.164 E190.75225
G1 Z10.478 X107.208 Y82.599 E190.79399
G1 Z10.480 X108.331 Y83.107 E190.83571
G1 Z10.482 X109.418 Y83.688 E190.87743
G1 Z10.484 X110.464 Y84.339 E190.91913
G1 Z10.486 X111.466 Y85.057 E190.96086
G1 Z10.488 X112.419 Y85.839 E191.00259
G1 Z10.490 X113.319 Y86.681 E191.04431
G1 Z10.492 X114.161 Y87.581 E191.08603
G1 Z10.495 X114.943 Y88.534 E191.12776
G1 Z10.497 X115.661 Y89.536 E191.16949
G1 Z10.499 X116.312 Y90.582 E191.21119
G1 Z10.501 X116.893 Y91.669 E191.25291
G1 Z10.502 X117.148 Y92.233 E191.27386
G1 Z10.503 X117.401 Y92.792 E191.29463
G1 Z10.505 X117.836 Y93.946 E191.33637
G1 Z10.507 X118.193 Y95.125 E191.37807
G1 Z10.509 X118.473 Y96.325 E191.41978
G1 Z10.511 X118.674 Y97.542 E191.46153
G1 Z10.513 X118.795 Y98.768 E191.50323
G1 Z10.515 X118.835 Y100 E191.54495
G1 Z10.517 X118.795 Y101.232 E191.58667
G1 Z10.520 X118.674 Y102.458 E191.62837
G1 Z10.522 X118.473 Y103.675 E191.67012
G1 Z10.524 X118.193 Y104.875 E191.71183
G1 Z10.526 X117.836 Y106.054 E191.75353
G1 Z10.528 X117.401 Y107.208 E191.79527
G1 Z10.530 X116.893 Y108.331 E191.83699
G1 Z10.532 X116.312 Y109.418 E191.87871
G1 Z10.534 X115.661 Y110.464 E191.92041
G1 Z10.536 X114.943 Y111.466 E191.96214
G1 Z10.538 X114.161 Y112.419 E192.00387
G1 Z10.540 X113.319 Y113.319 E192.04559
G1 Z10.542 X112.419 Y114.161 E192.08731
G1 Z10.545 X111.466 Y114.943 E192.12904
G1 Z10.547 X110.464 Y115.661 E192.17077
G1 Z10.549 X109.418 Y116.312 E192.21247
G1 Z10.551 X108.331 Y116.893 E192.25419
G1 Z10.553 X107.208 Y117.401 E192.29591
G1 Z10.555 X106.054 Y117.836 E192.33765
G1 Z10.557 X104.875 Y118.193 E192.37935
G1 Z10.559 X103.675 Y118.473 E192.42106
G1 Z10.561 X102.458 Y118.674 E192.46281
G1 Z10.563 X101.232 Y118.795 E192.50451
G1 Z10.565 X100 Y118.835 E192.54623
G1 Z10.567 X98.768 Y118.795 E192.58795
G1 Z10.570 X97.542 Y118.674 E192.62965
G1 Z10.572 X96.325 Y118.473 E192.6714
G1 Z10.574 X95.125 Y118.193 E192.71311
G1 Z10.576 X93.946 Y117.836 E192.75481
G1 Z10.578 X92.792 Y117.401 E192.79655
G1 Z10.580 X91.669 Y116.893 E192.83827
G1 Z10.582 X90.582 Y116.312 E192.87999
G1 Z10.584 X89.536 Y115.661 E192.92169
G1 Z10.586 X88.534 Y114.943 E192.96342
G1 Z10.588 X87.581 Y114.161 E193.00515
G1 Z10.590 X86.681 Y113.319 E193.04687
G1 Z10.592 X85.839 Y112.419 E193.08859
G1 Z10.595 X85.057 Y111.466 E193.13032
G1 Z10.597 X84.339 Y110.464 E193.17205
G1 Z10.599 X83.688 Y109.418 E193.21375
G1 Z10.600 X83.326 Y108.74 E193.23977
;LAYER_CHANGE
;Z:10.8
;HEIGHT:0.2
G1 Z10.600 F7800
G1 F1427
G1 Z10.601 X83.01 Y108.379 E193.25561
G1 Z10.603 X82.498 Y107.25 E193.29757
G1 Z10.605 X82.061 Y106.089 E193.33956
G1 Z10.607 X81.701 Y104.903 E193.38151
G1 Z10.609 X81.42 Y103.696 E193.42346
G1 Z10.611 X81.218 Y102.473 E193.46542
G1 Z10.613 X81.097 Y101.239 E193.50739
G1 Z10.615 X81.056 Y100 E193.54935
G1 Z10.617 X81.097 Y98.761 E193.59131
G1 Z10.620 X81.218 Y97.527 E193.63328
G1 Z10.622 X81.42 Y96.304 E193.67524
G1 Z10.624 X81.701 Y95.097 E193.71719
G1 Z10.626 X82.061 Y93.911 E193.75914
G1 Z10.628 X82.498 Y92.75 E193.80113
G1 Z10.630 X83.01 Y91.621 E193.84309
G1 Z10.632 X83.594 Y90.528 E193.88504
G1 Z10.634 X84.249 Y89.475 E193.92702
G1 Z10.636 X84.971 Y88.468 E193.96896
G1 Z10.638 X85.757 Y87.509 E194.01093
G1 Z10.640 X86.605 Y86.605 E194.05289
G1 Z10.642 X87.509 Y85.757 E194.09485
G1 Z10.645 X88.468 Y84.971 E194.13682
G1 Z10.647 X89.475 Y84.249 E194.17876
G1 Z10.649 X90.528 Y83.594 E194.22074
G1 Z10.651 X91.621 Y83.01 E194.26269
G1 Z10.653 X92.75 Y82.498 E194.30465
G1 Z10.655 X93.911 Y82.061 E194.34664
G1 Z10.657 X95.097 Y81.701 E194.38859
G1 Z10.659 X96.304 Y81.42 E194.43054
G1 Z10.661 X97.527 Y81.218 E194.4725
G1 Z10.663 X98.76 Y81.097 E194.51444
G1 Z10.666 X100.126 Y81.06 E194.56069
G1 Z10.667 X101.239 Y81.097 E194.59838
G1 Z10.670 X102.473 Y81.218 E194.64035
G1 Z10.672 X103.696 Y81.42 E194.68231
G1 Z10.674 X104.903 Y81.701 E194.72426
G1 Z10.676 X106.089 Y82.061 E194.76621
G1 Z10.678 X107.25 Y82.498 E194.8082
G1 Z10.680 X108.379 Y83.01 E194.85016
G1 Z10.682 X109.472 Y83.594 E194.89211
G1 Z10.684 X110.525 Y84.249 E194.93409
G1 Z10.686 X111.532 Y84.971 E194.97603
G1 Z10.688 X112.491 Y85.757 E195.018
G1 Z10.690 X113.395 Y86.605 E195.05996
G1 Z10.692 X114.243 Y87.509 E195.10192
G1 Z10.695 X115.029 Y88.468 E195.14389
G1 Z10.697 X115.751 Y89.475 E195.18583
G1 Z10.699 X116.406 Y90.528 E195.22781
G1 Z10.701 X116.99 Y91.621 E195.26976
G1 Z10.703 X117.502 Y92.75 E195.31172
G1 Z10.705 X117.939 Y93.911 E195.35371
G1 Z10.707 X118.299 Y95.097 E195.39566
G1 Z10.709 X118.58 Y96.304 E195.43761
G1 Z10.711 X118.782 Y97.527 E195.47957
G1 Z10.713 X118.903 Y98.761 E195.52154
G1 Z10.715 X118.944 Y100 E195.5635
G1 Z10.717 X118.903 Y101.239 E195.60546
G1 Z10.720 X118.782 Y102.473 E195.64743
G1 Z10.722 X118.58 Y103.696 E195.68939
G1 Z10.724 X118.299 Y104.903 E195.73134
G1 Z10.726 X117.939 Y106.089 E195.77329
G1 Z10.728 X117.502 Y107.25 E195.81528
G1 Z10.730 X116.99 Y108.379 E195.85724
G1 Z10.732 X116.406 Y109.472 E195.89919
G1 Z10.734 X115.751 Y110.525 E195.94117
G1 Z10.736 X115.029 Y111.532 E195.98311
G1 Z10.738 X114.243 Y112.491 E196.02508
G1 Z10.740 X113.395 Y113.395 E196.06704
G1 Z10.742 X112.491 Y114.243 E196.109
G1 Z10.745 X111.532 Y115.029 E196.15097
G1 Z10.747 X110.525 Y115.751 E196.19291
G1 Z10.749 X109.472 Y116.406 E196.23489
G1 Z10.751 X108.379 Y116.99 E196.27684
G1 Z10.753 X107.25 Y117.502 E196.3188
G1 Z10.755 X106.089 Y117.939 E196.36079
G1 Z10.757 X104.903 Y118.299 E196.40274
G1 Z10.759 X103.696 Y118.58 E196.44469
G1 Z10.761 X102.473 Y118.782 E196.48665
G1 Z10.763 X101.239 Y118.903 E196.52862
G1 Z10.765 X100 Y118.944 E196.57058
G1 Z10.767 X98.761 Y118.903 E196.61254
G1 Z10.770 X97.527 Y118.782 E196.65451
G1 Z10.772 X96.304 Y118.58 E196.69647
G1 Z10.774 X95.097 Y118.299 E196.73842
G1 Z10.776 X93.911 Y117.939 E196.78037
G1 Z10.778 X92.75 Y117.502 E196.82236
G1 Z10.780 X91.621 Y116.99 E196.86432
G1 Z10.782 X90.528 Y116.406 E196.90627
G1 Z10.784 X89.475 Y115.751 E196.94825
G1 Z10.786 X88.468 Y115.029 E196.99019
G1 Z10.788 X87.509 Y114.243 E197.03216
G1 Z10.790 X86.605 Y113.395 E197.07412
G1 Z10.792 X85.757 Y112.491 E197.11608
G1 Z10.795 X84.971 Y111.532 E197.15805
G1 Z10.797 X84.249 Y110.525 E197.19999
G1 Z10.799 X83.594 Y109.472 E197.24197
G1 Z10.800 X83.23 Y108.792 E197.26808
;LAYER_CHANGE
;Z:11
;HEIGHT:0.2
G1 Z10.800 F7800
G1 F1435
G1 Z10.801 X82.913 Y108.426 E197.28406
G1 Z10.803 X82.399 Y107.291 E197.32623
G1 Z10.805 X81.96 Y106.124 E197.36843
G1 Z10.807 X81.598 Y104.931 E197.41063
G1 Z10.809 X81.315 Y103.717 E197.45282
G1 Z10.811 X81.112 Y102.487 E197.49502
G1 Z10.813 X80.989 Y101.246 E197.53723
G1 Z10.815 X80.949 Y100 E197.57943
G1 Z10.817 X80.989 Y98.754 E197.62163
G1 Z10.820 X81.112 Y97.513 E197.66384
G1 Z10.822 X81.315 Y96.283 E197.70604
G1 Z10.824 X81.598 Y95.069 E197.74823
G1 Z10.826 X81.96 Y93.876 E197.79043
G1 Z10.828 X82.399 Y92.709 E197.83263
G1 Z10.830 X82.913 Y91.574 E197.8748
G1 Z10.832 X83.501 Y90.474 E197.91702
G1 Z10.834 X84.159 Y89.416 E197.95919
G1 Z10.836 X84.886 Y88.402 E198.00142
G1 Z10.838 X85.676 Y87.439 E198.04358
G1 Z10.840 X86.529 Y86.529 E198.0858
G1 Z10.842 X87.439 Y85.676 E198.12802
G1 Z10.845 X88.402 Y84.886 E198.17018
G1 Z10.847 X89.416 Y84.159 E198.21241
G1 Z10.849 X90.474 Y83.501 E198.25458
G1 Z10.851 X91.574 Y82.913 E198.2968
G1 Z10.853 X92.709 Y82.399 E198.33897
G1 Z10.855 X93.876 Y81.96 E198.38117
G1 Z10.857 X95.069 Y81.598 E198.42337
G1 Z10.859 X96.283 Y81.315 E198.46556
G1 Z10.861 X97.513 Y81.112 E198.50776
G1 Z10.863 X98.754 Y80.989 E198.54997
G1 Z10.865 X100 Y80.949 E198.59217
G1 Z10.867 X100.878 Y80.977 E198.6219
G1 Z10.867 X101.246 Y80.989 E198.63436
G1 Z10.870 X102.487 Y81.112 E198.67657
G1 Z10.872 X103.717 Y81.315 E198.71877
G1 Z10.874 X104.931 Y81.598 E198.76096
G1 Z10.876 X106.124 Y81.96 E198.80316
G1 Z10.878 X107.291 Y82.399 E198.84536
G1 Z10.880 X108.426 Y82.913 E198.88753
G1 Z10.882 X109.526 Y83.501 E198.92975
G1 Z10.884 X110.584 Y84.159 E198.97192
G1 Z10.886 X111.598 Y84.886 E199.01415
G1 Z10.888 X112.561 Y85.676 E199.05631
G1 Z10.890 X113.471 Y86.529 E199.09853
G1 Z10.892 X114.324 Y87.439 E199.14075
G1 Z10.895 X115.114 Y88.402 E199.18291
G1 Z10.897 X115.841 Y89.416 E199.22514
G1 Z10.899 X116.499 Y90.474 E199.26731
G1 Z10.901 X117.087 Y91.574 E199.30953
G1 Z10.903 X117.601 Y92.709 E199.3517
G1 Z10.905 X118.04 Y93.876 E199.3939
G1 Z10.907 X118.402 Y95.069 E199.4361
G1 Z10.909 X118.685 Y96.283 E199.47829
G1 Z10.911 X118.888 Y97.513 E199.52049
G1 Z10.913 X119.011 Y98.754 E199.5627
G1 Z10.915 X119.051 Y100 E199.6049
G1 Z10.917 X119.011 Y101.246 E199.6471
G1 Z10.920 X118.888 Y102.487 E199.68931
G1 Z10.922 X118.685 Y103.717 E199.73151
G1 Z10.924 X118.402 Y104.931 E199.7737
G1 Z10.926 X118.04 Y106.124 E199.8159
G1 Z10.928 X117.601 Y107.291 E199.8581
G1 Z10.930 X117.087 Y108.426 E199.90027
G1 Z10.932 X116.499 Y109.526 E199.94249
G1 Z10.934 X115.841 Y110.584 E199.98466
G1 Z10.936 X115.114 Y111.598 E200.02689
G1 Z10.938 X114.324 Y112.561 E200.06905
G1 Z10.940 X113.471 Y113.471 E200.11127
G1 Z10.942 X112.561 Y114.324 E200.15349
G1 Z10.945 X111.598 Y115.114 E200.19565
G1 Z10.947 X110.584 Y115.841 E200.23788
G1 Z10.949 X109.526 Y116.499 E200.28005
G1 Z10.951 X108.426 Y117.087 E200.32227
G1 Z10.953 X107.291 Y117.601 E200.36444
G1 Z10.955 X106.124 Y118.04 E200.40664
G1 Z10.957 X104.931 Y118.402 E200.44884
G1 Z10.959 X103.717 Y118.685 E200.49103
G1 Z10.961 X102.487 Y118.888 E200.53323
G1 Z10.963 X101.246 Y119.011 E200.57544
G1 Z10.965 X100 Y119.051 E200.61764
G1 Z10.967 X98.754 Y119.011 E200.65984
G1 Z10.970 X97.513 Y118.888 E200.70205
G1 Z10.972 X96.283 Y118.685 E200.74425
G1 Z10.974 X95.069 Y118.402 E200.78644
G1 Z10.976 X93.876 Y118.04 E200.82864
G1 Z10.978 X92.709 Y117.601 E200.87084
G1 Z10.980 X91.574 Y117.087 E200.91301
G1 Z10.982 X90.474 Y116.499 E200.95523
G1 Z10.984 X89.416 Y115.841 E200.9974
G1 Z10.986 X88.402 Y115.114 E201.03963
G1 Z10.988 X87.439 Y114.324 E201.08179
G1 Z10.990 X86.529 Y113.471 E201.12401
G1 Z10.992 X85.676 Y112.561 E201.16623
G1 Z10.995 X84.886 Y111.598 E201.20839
G1 Z10.997 X84.159 Y110.584 E201.25062
G1 Z10.999 X83.501 Y109.526 E201.29279
G1 Z11.000 X83.136 Y108.842 E201.31903
;LAYER_CHANGE
;Z:11.2
;HEIGHT:0.2
G1 Z11.000 F7800
G1 F1443
G1 Z11.001 X82.821 Y108.472 E201.33511
G1 Z11.003 X82.303 Y107.33 E201.37756
G1 Z11.005 X81.862 Y106.157 E201.41998
G1 Z11.007 X81.498 Y104.958 E201.46239
G1 Z11.009 X81.213 Y103.737 E201.50483
G1 Z11.011 X81.009 Y102.5 E201.54727
G1 Z11.013 X80.886 Y101.253 E201.58968
G1 Z11.015 X80.845 Y100 E201.63212
G1 Z11.017 X80.886 Y98.747 E201.67456
G1 Z11.020 X81.009 Y97.5 E201.71697
G1 Z11.022 X81.213 Y96.263 E201.75941
G1 Z11.024 X81.498 Y95.042 E201.80185
G1 Z11.026 X81.862 Y93.843 E201.84426
G1 Z11.028 X82.303 Y92.67 E201.88668
G1 Z11.030 X82.821 Y91.528 E201.92913
G1 Z11.032 X83.411 Y90.423 E201.97153
G1 Z11.034 X84.073 Y89.358 E202.01398
G1 Z11.036 X84.803 Y88.339 E202.05641
G1 Z11.038 X85.599 Y87.37 E202.09886
G1 Z11.040 X86.455 Y86.455 E202.14127
G1 Z11.042 X87.37 Y85.599 E202.18368
G1 Z11.045 X88.339 Y84.803 E202.22613
G1 Z11.047 X89.358 Y84.073 E202.26856
G1 Z11.049 X90.423 Y83.411 E202.31101
G1 Z11.051 X91.528 Y82.821 E202.35341
G1 Z11.053 X92.67 Y82.303 E202.39586
G1 Z11.055 X93.843 Y81.862 E202.43828
G1 Z11.057 X95.042 Y81.498 E202.48069
G1 Z11.059 X96.263 Y81.213 E202.52313
G1 Z11.061 X97.5 Y81.009 E202.56557
G1 Z11.063 X98.747 Y80.886 E202.60798
G1 Z11.065 X100 Y80.845 E202.65042
G1 Z11.066 X100.375 Y80.857 E202.66312
G1 Z11.067 X101.253 Y80.886 E202.69286
G1 Z11.070 X102.5 Y81.009 E202.73527
G1 Z11.072 X103.737 Y81.213 E202.77771
G1 Z11.074 X104.958 Y81.498 E202.82015
G1 Z11.076 X106.157 Y81.862 E202.86256
G1 Z11.078 X107.33 Y82.303 E202.90498
G1 Z11.080 X108.472 Y82.821 E202.94743
G1 Z11.082 X109.577 Y83.411 E202.98983
G1 Z11.084 X110.642 Y84.073 E203.03228
G1 Z11.086 X111.661 Y84.803 E203.07471
G1 Z11.088 X112.63 Y85.599 E203.11716
G1 Z11.090 X113.545 Y86.455 E203.15957
G1 Z11.092 X114.401 Y87.37 E203.20198
G1 Z11.095 X115.197 Y88.339 E203.24443
G1 Z11.097 X115.927 Y89.358 E203.28686
G1 Z11.099 X116.589 Y90.423 E203.32931
G1 Z11.101 X117.179 Y91.528 E203.37171
G1 Z11.103 X117.697 Y92.67 E203.41416
G1 Z11.105 X118.138 Y93.843 E203.45658
G1 Z11.107 X118.502 Y95.042 E203.49899
G1 Z11.109 X118.787 Y96.263 E203.54143
G1 Z11.111 X118.991 Y97.5 E203.58387
G1 Z11.113 X119.114 Y98.747 E203.62628
G1 Z11.115 X119.155 Y100 E203.66872
G1 Z11.117 X119.114 Y101.253 E203.71116
G1 Z11.120 X118.991 Y102.5 E203.75357
G1 Z11.122 X118.787 Y103.737 E203.79601
G1 Z11.124 X118.502 Y104.958 E203.83845
G1 Z11.126 X118.138 Y106.157 E203.88086
G1 Z11.128 X117.697 Y107.33 E203.92328
G1 Z11.130 X117.179 Y108.472 E203.96573
G1 Z11.132 X116.589 Y109.577 E204.00813
G1 Z11.134 X115.927 Y110.642 E204.05058
G1 Z11.136 X115.197 Y111.661 E204.09301
G1 Z11.138 X114.401 Y112.63 E204.13546
G1 Z11.140 X113.545 Y113.545 E204.17787
G1 Z11.142 X112.63 Y114.401 E204.22028
G1 Z11.145 X111.661 Y115.197 E204.26273
G1 Z11.147 X110.642 Y115.927 E204.30516
G1 Z11.149 X109.577 Y116.589 E204.34761
G1 Z11.151 X108.472 Y117.179 E204.39001
G1 Z11.153 X107.33 Y117.697 E204.43246
G1 Z11.155 X106.157 Y118.138 E204.47488
G1 Z11.157 X104.958 Y118.502 E204.51729
G1 Z11.159 X103.737 Y118.787 E204.55973
G1 Z11.161 X102.5 Y118.991 E204.60217
G1 Z11.163 X101.253 Y119.114 E204.64458
G1 Z11.165 X100 Y119.155 E204.68702
G1 Z11.167 X98.747 Y119.114 E204.72946
G1 Z11.170 X97.5 Y118.991 E204.77187
G1 Z11.172 X96.263 Y118.787 E204.81431
G1 Z11.174 X95.042 Y118.502 E204.85675
G1 Z11.176 X93.843 Y118.138 E204.89916
G1 Z11.178 X92.67 Y117.697 E204.94158
G1 Z11.180 X91.528 Y117.179 E204.98403
G1 Z11.182 X90.423 Y116.589 E205.02643
G1 Z11.184 X89.358 Y115.927 E205.06888
G1 Z11.186 X88.339 Y115.197 E205.11131
G1 Z11.188 X87.37 Y114.401 E205.15376
G1 Z11.190 X86.455 Y113.545 E205.19617
G1 Z11.192 X85.599 Y112.63 E205.23858
G1 Z11.195 X84.803 Y111.661 E205.28103
G1 Z11.197 X84.073 Y110.642 E205.32346
G1 Z11.199 X83.411 Y109.577 E205.36591
G1 Z11.200 X83.045 Y108.891 E205.39223
;LAYER_CHANGE
;Z:11.4
;HEIGHT:0.2
G1 Z11.200 F7800
G1 F1450
G1 Z11.201 X82.731 Y108.516 E205.40842
G1 Z11.203 X82.211 Y107.368 E205.45108
G1 Z11.205 X81.767 Y106.189 E205.49372
G1 Z11.207 X81.401 Y104.984 E205.53635
G1 Z11.209 X81.144 Y103.879 E205.57475
G1 Z11.211 X80.91 Y102.513 E205.62166
G1 Z11.213 X80.786 Y101.259 E205.66431
G1 Z11.215 X80.745 Y100 E205.70695
G1 Z11.217 X80.786 Y98.741 E205.74959
G1 Z11.220 X80.91 Y97.487 E205.79224
G1 Z11.221 X81.095 Y96.368 E205.83063
G1 Z11.224 X81.402 Y95.016 E205.87756
G1 Z11.226 X81.767 Y93.811 E205.92018
G1 Z11.228 X82.211 Y92.632 E205.96282
G1 Z11.230 X82.731 Y91.484 E206.00548
G1 Z11.232 X83.325 Y90.373 E206.04812
G1 Z11.234 X83.99 Y89.303 E206.09076
G1 Z11.236 X84.724 Y88.278 E206.13343
G1 Z11.238 X85.524 Y87.304 E206.17609
G1 Z11.240 X86.385 Y86.385 E206.21872
G1 Z11.242 X87.304 Y85.524 E206.26135
G1 Z11.245 X88.278 Y84.724 E206.30401
G1 Z11.247 X89.303 Y83.99 E206.34668
G1 Z11.249 X90.373 Y83.325 E206.38932
G1 Z11.251 X91.484 Y82.731 E206.43196
G1 Z11.253 X92.632 Y82.211 E206.47462
G1 Z11.255 X93.811 Y81.767 E206.51726
G1 Z11.257 X95.017 Y81.401 E206.55992
G1 Z11.259 X96.121 Y81.144 E206.59829
G1 Z11.261 X97.487 Y80.91 E206.6452
G1 Z11.263 X98.741 Y80.786 E206.68785
G1 Z11.265 X100 Y80.745 E206.73049
G1 Z11.267 X101.134 Y80.782 E206.76889
G1 Z11.270 X102.514 Y80.91 E206.8158
G1 Z11.272 X103.756 Y81.115 E206.85841
G1 Z11.274 X104.984 Y81.401 E206.90109
G1 Z11.276 X106.189 Y81.767 E206.94372
G1 Z11.278 X107.368 Y82.211 E206.98636
G1 Z11.280 X108.516 Y82.731 E207.02902
G1 Z11.282 X109.627 Y83.325 E207.07166
G1 Z11.284 X110.697 Y83.99 E207.1143
G1 Z11.286 X111.722 Y84.724 E207.15697
G1 Z11.288 X112.696 Y85.524 E207.19963
G1 Z11.290 X113.615 Y86.385 E207.24226
G1 Z11.292 X114.477 Y87.304 E207.28491
G1 Z11.295 X115.276 Y88.278 E207.32755
G1 Z11.297 X116.01 Y89.303 E207.37022
G1 Z11.299 X116.675 Y90.373 E207.41286
G1 Z11.301 X117.269 Y91.484 E207.4555
G1 Z11.303 X117.789 Y92.632 E207.49816
G1 Z11.305 X118.233 Y93.811 E207.5408
G1 Z11.307 X118.599 Y95.017 E207.58346
G1 Z11.309 X118.856 Y96.121 E207.62183
G1 Z11.311 X119.09 Y97.487 E207.66874
G1 Z11.313 X119.214 Y98.741 E207.71139
G1 Z11.315 X119.255 Y100 E207.75403
G1 Z11.317 X119.214 Y101.259 E207.79667
G1 Z11.320 X119.09 Y102.513 E207.83932
G1 Z11.321 X118.905 Y103.632 E207.87771
G1 Z11.324 X118.598 Y104.984 E207.92464
G1 Z11.326 X118.233 Y106.189 E207.96726
G1 Z11.328 X117.789 Y107.368 E208.0099
G1 Z11.330 X117.269 Y108.516 E208.05256
G1 Z11.332 X116.675 Y109.627 E208.0952
G1 Z11.334 X116.01 Y110.697 E208.13784
G1 Z11.336 X115.276 Y111.722 E208.18051
G1 Z11.338 X114.476 Y112.696 E208.22317
G1 Z11.340 X113.615 Y113.615 E208.2658
G1 Z11.342 X112.696 Y114.477 E208.30845
G1 Z11.345 X111.722 Y115.276 E208.35109
G1 Z11.347 X110.697 Y116.01 E208.39376
G1 Z11.349 X109.627 Y116.675 E208.4364
G1 Z11.351 X108.516 Y117.269 E208.47904
G1 Z11.353 X107.368 Y117.789 E208.5217
G1 Z11.355 X106.189 Y118.233 E208.56434
G1 Z11.357 X104.984 Y118.599 E208.60697
G1 Z11.359 X103.879 Y118.856 E208.64537
G1 Z11.361 X102.513 Y119.09 E208.69228
G1 Z11.363 X101.259 Y119.214 E208.73493
G1 Z11.365 X100 Y119.255 E208.77757
G1 Z11.367 X98.741 Y119.214 E208.82021
G1 Z11.370 X97.487 Y119.09 E208.86286
G1 Z11.371 X96.368 Y118.905 E208.90125
G1 Z11.374 X95.016 Y118.598 E208.94818
G1 Z11.376 X93.811 Y118.233 E208.9908
G1 Z11.378 X92.632 Y117.789 E209.03344
G1 Z11.380 X91.484 Y117.269 E209.0761
G1 Z11.382 X90.373 Y116.675 E209.11874
G1 Z11.384 X89.303 Y116.01 E209.16138
G1 Z11.386 X88.278 Y115.276 E209.20405
G1 Z11.388 X87.304 Y114.476 E209.24671
G1 Z11.390 X86.385 Y113.615 E209.28934
G1 Z11.392 X85.524 Y112.696 E209.33197
G1 Z11.395 X84.724 Y111.722 E209.37463
G1 Z11.397 X83.99 Y110.697 E209.4173
G1 Z11.399 X83.325 Y109.627 E209.45994
G1 Z11.400 X82.956 Y108.938 E209.4864
;LAYER_CHANGE
;Z:11.6
;HEIGHT:0.200001
G1 Z11.400 F7800
G1 F1457
G1 Z11.401 X82.647 Y108.557 E209.50271
G1 Z11.403 X82.125 Y107.404 E209.54555
G1 Z11.405 X81.679 Y106.219 E209.58841
G1 Z11.407 X81.311 Y105.008 E209.63125
G1 Z11.409 X81.024 Y103.775 E209.6741
G1 Z11.411 X80.818 Y102.525 E209.71698
G1 Z11.413 X80.693 Y101.265 E209.75984
G1 Z11.415 X80.652 Y100 E209.80268
G1 Z11.417 X80.693 Y98.735 E209.84552
G1 Z11.420 X80.818 Y97.475 E209.88838
G1 Z11.422 X81.024 Y96.225 E209.93126
G1 Z11.424 X81.311 Y94.992 E209.97411
G1 Z11.426 X81.679 Y93.781 E210.01695
G1 Z11.428 X82.125 Y92.596 E210.05981
G1 Z11.430 X82.647 Y91.443 E210.10265
G1 Z11.432 X83.244 Y90.326 E210.14552
G1 Z11.434 X83.913 Y89.251 E210.18838
G1 Z11.436 X84.65 Y88.222 E210.23122
G1 Z11.438 X85.453 Y87.243 E210.27408
G1 Z11.440 X86.319 Y86.319 E210.31695
G1 Z11.442 X87.243 Y85.453 E210.35982
G1 Z11.445 X88.222 Y84.65 E210.40268
G1 Z11.447 X89.251 Y83.913 E210.44552
G1 Z11.449 X90.326 Y83.244 E210.48838
G1 Z11.451 X91.443 Y82.647 E210.53125
G1 Z11.453 X92.596 Y82.125 E210.57409
G1 Z11.455 X93.781 Y81.679 E210.61695
G1 Z11.457 X94.992 Y81.311 E210.65979
G1 Z11.459 X96.225 Y81.024 E210.70264
G1 Z11.461 X97.475 Y80.818 E210.74552
G1 Z11.463 X98.735 Y80.693 E210.78838
G1 Z11.465 X100 Y80.652 E210.83122
G1 Z11.466 X100.635 Y80.673 E210.85273
G1 Z11.467 X101.265 Y80.693 E210.87407
G1 Z11.470 X102.525 Y80.818 E210.91693
G1 Z11.472 X103.775 Y81.024 E210.95981
G1 Z11.474 X105.008 Y81.311 E211.00266
G1 Z11.476 X106.219 Y81.679 E211.0455
G1 Z11.478 X107.404 Y82.125 E211.08836
G1 Z11.480 X108.557 Y82.647 E211.1312
G1 Z11.482 X109.674 Y83.244 E211.17407
G1 Z11.484 X110.749 Y83.913 E211.21693
G1 Z11.486 X111.778 Y84.65 E211.25977
G1 Z11.488 X112.757 Y85.453 E211.30263
G1 Z11.489 X113.221 Y85.888 E211.32416
G1 Z11.490 X113.681 Y86.319 E211.3455
G1 Z11.492 X114.547 Y87.243 E211.38837
G1 Z11.495 X115.35 Y88.222 E211.43123
G1 Z11.497 X116.087 Y89.251 E211.47407
G1 Z11.499 X116.756 Y90.326 E211.51693
G1 Z11.501 X117.353 Y91.443 E211.5598
G1 Z11.503 X117.875 Y92.596 E211.60264
G1 Z11.505 X118.321 Y93.781 E211.6455
G1 Z11.507 X118.689 Y94.992 E211.68834
G1 Z11.509 X118.976 Y96.225 E211.73119
G1 Z11.511 X119.182 Y97.475 E211.77407
G1 Z11.513 X119.307 Y98.735 E211.81693
G1 Z11.515 X119.348 Y100 E211.85977
G1 Z11.517 X119.307 Y101.265 E211.90261
G1 Z11.520 X119.182 Y102.525 E211.94547
G1 Z11.522 X118.976 Y103.775 E211.98835
G1 Z11.524 X118.689 Y105.008 E212.0312
G1 Z11.526 X118.321 Y106.219 E212.07404
G1 Z11.528 X117.875 Y107.404 E212.1169
G1 Z11.530 X117.353 Y108.557 E212.15974
G1 Z11.532 X116.756 Y109.674 E212.20261
G1 Z11.534 X116.087 Y110.749 E212.24547
G1 Z11.536 X115.35 Y111.778 E212.28831
G1 Z11.538 X114.547 Y112.757 E212.33117
G1 Z11.540 X113.681 Y113.681 E212.37404
G1 Z11.542 X112.757 Y114.547 E212.41691
G1 Z11.545 X111.778 Y115.35 E212.45977
G1 Z11.547 X110.749 Y116.087 E212.50261
G1 Z11.549 X109.674 Y116.756 E212.54547
G1 Z11.551 X108.557 Y117.353 E212.58834
G1 Z11.553 X107.404 Y117.875 E212.63118
G1 Z11.555 X106.219 Y118.321 E212.67404
G1 Z11.557 X105.008 Y118.689 E212.71688
G1 Z11.559 X103.775 Y118.976 E212.75973
G1 Z11.561 X102.525 Y119.182 E212.80261
G1 Z11.563 X101.265 Y119.307 E212.84547
G1 Z11.565 X100 Y119.348 E212.88831
G1 Z11.567 X98.735 Y119.307 E212.93115
G1 Z11.570 X97.475 Y119.182 E212.97401
G1 Z11.572 X96.225 Y118.976 E213.01689
G1 Z11.574 X94.992 Y118.689 E213.05974
G1 Z11.576 X93.781 Y118.321 E213.10258
G1 Z11.578 X92.596 Y117.875 E213.14544
G1 Z11.580 X91.443 Y117.353 E213.18828
G1 Z11.582 X90.326 Y116.756 E213.23115
G1 Z11.584 X89.251 Y116.087 E213.27401
G1 Z11.586 X88.222 Y115.35 E213.31685
G1 Z11.588 X87.243 Y114.547 E213.35971
G1 Z11.590 X86.319 Y113.681 E213.40258
G1 Z11.592 X85.453 Y112.757 E213.44545
G1 Z11.595 X84.65 Y111.778 E213.48831
G1 Z11.597 X83.913 Y110.749 E213.53115
G1 Z11.599 X83.244 Y109.674 E213.57401
G1 Z11.600 X82.874 Y108.982 E213.60057
;LAYER_CHANGE
;Z:11.8
;HEIGHT:0.2
G1 Z11.600 F7800
G1 F1464
G1 Z11.601 X82.566 Y108.597 E213.617
G1 Z11.603 X82.041 Y107.439 E213.66004
G1 Z11.605 X81.593 Y106.248 E213.70311
G1 Z11.607 X81.224 Y105.031 E213.74616
G1 Z11.609 X80.935 Y103.792 E213.78922
G1 Z11.611 X80.728 Y102.537 E213.83227
G1 Z11.613 X80.603 Y101.271 E213.87533
G1 Z11.615 X80.562 Y100 E213.91837
G1 Z11.617 X80.603 Y98.729 E213.96141
G1 Z11.620 X80.728 Y97.463 E214.00447
G1 Z11.622 X80.935 Y96.208 E214.04752
G1 Z11.624 X81.224 Y94.969 E214.09058
G1 Z11.626 X81.593 Y93.752 E214.13363
G1 Z11.628 X82.041 Y92.561 E214.1767
G1 Z11.630 X82.566 Y91.403 E214.21974
G1 Z11.632 X83.166 Y90.281 E214.26281
G1 Z11.634 X83.838 Y89.201 E214.30587
G1 Z11.636 X84.578 Y88.167 E214.34891
G1 Z11.638 X85.385 Y87.183 E214.39199
G1 Z11.640 X86.254 Y86.255 E214.43502
G1 Z11.643 X87.283 Y85.304 E214.48245
G1 Z11.645 X88.167 Y84.578 E214.52117
G1 Z11.647 X89.201 Y83.838 E214.56421
G1 Z11.649 X90.281 Y83.166 E214.60727
G1 Z11.651 X91.403 Y82.566 E214.65034
G1 Z11.653 X92.561 Y82.041 E214.69338
G1 Z11.655 X93.752 Y81.593 E214.73645
G1 Z11.657 X94.969 Y81.224 E214.7795
G1 Z11.659 X96.208 Y80.935 E214.82256
G1 Z11.661 X97.463 Y80.728 E214.86561
G1 Z11.663 X98.728 Y80.603 E214.90864
G1 Z11.666 X100.129 Y80.566 E214.95608
G1 Z11.667 X101.271 Y80.603 E214.99476
G1 Z11.670 X102.537 Y80.728 E215.03782
G1 Z11.672 X103.792 Y80.935 E215.08087
G1 Z11.674 X105.031 Y81.224 E215.12393
G1 Z11.676 X106.248 Y81.593 E215.16698
G1 Z11.678 X107.439 Y82.041 E215.21005
G1 Z11.680 X108.597 Y82.566 E215.25309
G1 Z11.682 X109.719 Y83.166 E215.29616
G1 Z11.684 X110.799 Y83.838 E215.33922
G1 Z11.686 X111.833 Y84.578 E215.38226
G1 Z11.688 X112.817 Y85.385 E215.42534
G1 Z11.690 X113.745 Y86.254 E215.46837
G1 Z11.693 X114.696 Y87.283 E215.5158
G1 Z11.695 X115.422 Y88.167 E215.55452
G1 Z11.697 X116.162 Y89.201 E215.59756
G1 Z11.699 X116.834 Y90.281 E215.64062
G1 Z11.701 X117.434 Y91.403 E215.68369
G1 Z11.703 X117.959 Y92.561 E215.72673
G1 Z11.705 X118.407 Y93.752 E215.7698
G1 Z11.707 X118.776 Y94.969 E215.81285
G1 Z11.709 X119.065 Y96.208 E215.85591
G1 Z11.711 X119.272 Y97.463 E215.89896
G1 Z11.713 X119.397 Y98.729 E215.94202
G1 Z11.715 X119.438 Y100 E215.98506
G1 Z11.717 X119.397 Y101.271 E216.0281
G1 Z11.720 X119.272 Y102.537 E216.07116
G1 Z11.722 X119.065 Y103.792 E216.11421
G1 Z11.724 X118.776 Y105.031 E216.15727
G1 Z11.726 X118.407 Y106.248 E216.20032
G1 Z11.728 X117.959 Y107.439 E216.24339
G1 Z11.730 X117.434 Y108.597 E216.28643
G1 Z11.732 X116.834 Y109.719 E216.3295
G1 Z11.734 X116.162 Y110.799 E216.37256
G1 Z11.736 X115.422 Y111.833 E216.4156
G1 Z11.738 X114.615 Y112.817 E216.45868
G1 Z11.740 X113.746 Y113.745 E216.50171
G1 Z11.743 X112.717 Y114.696 E216.54914
G1 Z11.745 X111.833 Y115.422 E216.58786
G1 Z11.747 X110.799 Y116.162 E216.6309
G1 Z11.749 X109.719 Y116.834 E216.67396
G1 Z11.751 X108.597 Y117.434 E216.71703
G1 Z11.753 X107.439 Y117.959 E216.76007
G1 Z11.755 X106.248 Y118.407 E216.80314
G1 Z11.757 X105.031 Y118.776 E216.84619
G1 Z11.759 X103.792 Y119.065 E216.88925
G1 Z11.761 X102.537 Y119.272 E216.9323
G1 Z11.763 X101.271 Y119.397 E216.97536
G1 Z11.765 X100 Y119.438 E217.0184
G1 Z11.767 X98.729 Y119.397 E217.06144
G1 Z11.770 X97.463 Y119.272 E217.1045
G1 Z11.772 X96.208 Y119.065 E217.14755
G1 Z11.774 X94.969 Y118.776 E217.19061
G1 Z11.776 X93.752 Y118.407 E217.23366
G1 Z11.778 X92.561 Y117.959 E217.27673
G1 Z11.780 X91.403 Y117.434 E217.31977
G1 Z11.782 X90.281 Y116.834 E217.36284
G1 Z11.784 X89.201 Y116.162 E217.4059
G1 Z11.786 X88.167 Y115.422 E217.44894
G1 Z11.788 X87.183 Y114.615 E217.49202
G1 Z11.790 X86.255 Y113.746 E217.53505
G1 Z11.793 X85.304 Y112.717 E217.58248
G1 Z11.795 X84.578 Y111.833 E217.6212
G1 Z11.797 X83.838 Y110.799 E217.66424
G1 Z11.799 X83.166 Y109.719 E217.7073
G1 Z11.800 X82.795 Y109.025 E217.73394
;LAYER_CHANGE
;Z:12
;HEIGHT:0.2
G1 Z11.800 F7800
G1 F1470
G1 Z11.801 X82.491 Y108.634 E217.75045
G1 Z11.803 X81.964 Y107.471 E217.79367
G1 Z11.805 X81.514 Y106.275 E217.83692
G1 Z11.807 X81.143 Y105.053 E217.88015
G1 Z11.809 X80.853 Y103.809 E217.92339
G1 Z11.811 X80.645 Y102.548 E217.96665
G1 Z11.813 X80.52 Y101.277 E218.00988
G1 Z11.815 X80.478 Y100 E218.05313
G1 Z11.817 X80.52 Y98.723 E218.09638
G1 Z11.820 X80.645 Y97.452 E218.13961
G1 Z11.822 X80.853 Y96.191 E218.18287
G1 Z11.824 X81.143 Y94.947 E218.22611
G1 Z11.826 X81.514 Y93.725 E218.26934
G1 Z11.828 X81.964 Y92.529 E218.31259
G1 Z11.830 X82.491 Y91.366 E218.35581
G1 Z11.832 X83.094 Y90.239 E218.39907
G1 Z11.834 X83.768 Y89.154 E218.44231
G1 Z11.836 X84.512 Y88.116 E218.48554
G1 Z11.838 X85.323 Y87.128 E218.52881
G1 Z11.840 X86.196 Y86.196 E218.57204
G1 Z11.842 X87.128 Y85.323 E218.61527
G1 Z11.845 X88.116 Y84.512 E218.65854
G1 Z11.847 X89.154 Y83.768 E218.70177
G1 Z11.849 X90.239 Y83.094 E218.74501
G1 Z11.851 X91.366 Y82.491 E218.78827
G1 Z11.853 X92.529 Y81.964 E218.83149
G1 Z11.855 X93.725 Y81.514 E218.87474
G1 Z11.857 X94.947 Y81.143 E218.91797
G1 Z11.859 X96.191 Y80.853 E218.96121
G1 Z11.861 X97.452 Y80.645 E219.00447
G1 Z11.863 X98.723 Y80.52 E219.0477
G1 Z11.865 X100 Y80.478 E219.09095
G1 Z11.867 X100.899 Y80.508 E219.1214
G1 Z11.867 X101.277 Y80.52 E219.1342
G1 Z11.870 X102.548 Y80.645 E219.17743
G1 Z11.872 X103.809 Y80.853 E219.22069
G1 Z11.874 X105.053 Y81.143 E219.26393
G1 Z11.876 X106.275 Y81.514 E219.30716
G1 Z11.878 X107.471 Y81.964 E219.35041
G1 Z11.880 X108.634 Y82.491 E219.39363
G1 Z11.882 X109.761 Y83.094 E219.43689
G1 Z11.884 X110.846 Y83.768 E219.48013
G1 Z11.886 X111.884 Y84.512 E219.52336
G1 Z11.888 X112.872 Y85.323 E219.56663
G1 Z11.890 X113.804 Y86.196 E219.60986
G1 Z11.892 X114.677 Y87.128 E219.65309
G1 Z11.895 X115.488 Y88.116 E219.69636
G1 Z11.897 X116.232 Y89.154 E219.73959
G1 Z11.899 X116.906 Y90.239 E219.78283
G1 Z11.901 X117.509 Y91.366 E219.82609
G1 Z11.903 X118.036 Y92.529 E219.86931
G1 Z11.905 X118.486 Y93.725 E219.91256
G1 Z11.907 X118.857 Y94.947 E219.95579
G1 Z11.909 X119.147 Y96.191 E219.99903
G1 Z11.911 X119.355 Y97.452 E220.04229
G1 Z11.913 X119.48 Y98.723 E220.08552
G1 Z11.915 X119.522 Y100 E220.12877
G1 Z11.917 X119.48 Y101.277 E220.17202
G1 Z11.920 X119.355 Y102.548 E220.21525
G1 Z11.922 X119.147 Y103.809 E220.25851
G1 Z11.924 X118.857 Y105.053 E220.30175
G1 Z11.926 X118.486 Y106.275 E220.34498
G1 Z11.928 X118.036 Y107.471 E220.38823
G1 Z11.930 X117.509 Y108.634 E220.43145
G1 Z11.932 X116.906 Y109.761 E220.47471
G1 Z11.934 X116.232 Y110.846 E220.51795
G1 Z11.936 X115.488 Y111.884 E220.56118
G1 Z11.938 X114.677 Y112.872 E220.60445
G1 Z11.940 X113.804 Y113.804 E220.64768
G1 Z11.942 X112.872 Y114.677 E220.69091
G1 Z11.945 X111.884 Y115.488 E220.73418
G1 Z11.947 X110.846 Y116.232 E220.77741
G1 Z11.949 X109.761 Y116.906 E220.82065
G1 Z11.951 X108.634 Y117.509 E220.86391
G1 Z11.953 X107.471 Y118.036 E220.90713
G1 Z11.955 X106.275 Y118.486 E220.95038
G1 Z11.957 X105.053 Y118.857 E220.99361
G1 Z11.959 X103.809 Y119.147 E221.03685
G1 Z11.961 X102.548 Y119.355 E221.08011
G1 Z11.963 X101.277 Y119.48 E221.12334
G1 Z11.965 X100 Y119.522 E221.16659
G1 Z11.967 X98.723 Y119.48 E221.20984
G1 Z11.970 X97.452 Y119.355 E221.25307
G1 Z11.972 X96.191 Y119.147 E221.29633
G1 Z11.974 X94.947 Y118.857 E221.33957
G1 Z11.976 X93.725 Y118.486 E221.3828
G1 Z11.978 X92.529 Y118.036 E221.42605
G1 Z11.980 X91.366 Y117.509 E221.46927
G1 Z11.982 X90.239 Y116.906 E221.51253
G1 Z11.984 X89.154 Y116.232 E221.55577
G1 Z11.986 X88.116 Y115.488 E221.599
G1 Z11.988 X87.128 Y114.677 E221.64227
G1 Z11.990 X86.196 Y113.804 E221.6855
G1 Z11.992 X85.323 Y112.872 E221.72873
G1 Z11.995 X84.512 Y111.884 E221.772
G1 Z11.997 X83.768 Y110.846 E221.81523
G1 Z11.999 X83.094 Y109.761 E221.85847
G1 Z12.000 X82.721 Y109.064 E221.88523
;LAYER_CHANGE
;Z:12.2
;HEIGHT:0.2
G1 Z12.000 F7800
G1 F1476
G1 Z12.001 X82.421 Y108.669 E221.90181
G1 Z12.003 X81.891 Y107.501 E221.94523
G1 Z12.005 X81.44 Y106.3 E221.98865
G1 Z12.007 X81.067 Y105.073 E222.03206
G1 Z12.009 X80.776 Y103.824 E222.07547
G1 Z12.011 X80.567 Y102.558 E222.1189
G1 Z12.013 X80.441 Y101.282 E222.1623
G1 Z12.015 X80.399 Y100 E222.20572
G1 Z12.017 X80.441 Y98.718 E222.24914
G1 Z12.020 X80.567 Y97.442 E222.29254
G1 Z12.022 X80.776 Y96.176 E222.33597
G1 Z12.024 X81.067 Y94.927 E222.37938
G1 Z12.026 X81.44 Y93.7 E222.42279
G1 Z12.028 X81.891 Y92.499 E222.46621
G1 Z12.030 X82.421 Y91.331 E222.50963
G1 Z12.032 X83.025 Y90.2 E222.55303
G1 Z12.034 X83.703 Y89.11 E222.59648
G1 Z12.036 X84.45 Y88.068 E222.63988
G1 Z12.037 X84.693 Y87.771 E222.65287
G1 Z12.038 X85.263 Y87.076 E222.68329
G1 Z12.040 X86.14 Y86.14 E222.72671
G1 Z12.042 X87.076 Y85.263 E222.77013
G1 Z12.045 X88.068 Y84.45 E222.81354
G1 Z12.047 X89.11 Y83.703 E222.85694
G1 Z12.049 X90.2 Y83.025 E222.90039
G1 Z12.051 X91.331 Y82.421 E222.94379
G1 Z12.053 X92.499 Y81.891 E222.98721
G1 Z12.055 X93.7 Y81.44 E223.03063
G1 Z12.057 X94.927 Y81.067 E223.07404
G1 Z12.059 X96.176 Y80.776 E223.11745
G1 Z12.061 X97.442 Y80.567 E223.16088
G1 Z12.063 X98.718 Y80.441 E223.20428
G1 Z12.065 X100 Y80.399 E223.2477
G1 Z12.066 X100.383 Y80.412 E223.26067
G1 Z12.067 X101.282 Y80.441 E223.29112
G1 Z12.070 X102.558 Y80.567 E223.33452
G1 Z12.072 X103.824 Y80.776 E223.37795
G1 Z12.074 X105.073 Y81.067 E223.42136
G1 Z12.076 X106.3 Y81.44 E223.46477
G1 Z12.078 X107.501 Y81.891 E223.50819
G1 Z12.080 X108.669 Y82.421 E223.55161
G1 Z12.082 X109.8 Y83.025 E223.59501
G1 Z12.084 X110.89 Y83.703 E223.63846
G1 Z12.086 X111.932 Y84.45 E223.68186
G1 Z12.087 X112.229 Y84.693 E223.69485
G1 Z12.088 X112.924 Y85.263 E223.72527
G1 Z12.090 X113.86 Y86.14 E223.76869
G1 Z12.092 X114.737 Y87.076 E223.81211
G1 Z12.095 X115.55 Y88.068 E223.85552
G1 Z12.097 X116.297 Y89.11 E223.89892
G1 Z12.099 X116.975 Y90.2 E223.94237
G1 Z12.101 X117.579 Y91.331 E223.98577
G1 Z12.103 X118.109 Y92.499 E224.02919
G1 Z12.105 X118.56 Y93.7 E224.07261
G1 Z12.107 X118.933 Y94.927 E224.11602
G1 Z12.109 X119.224 Y96.176 E224.15943
G1 Z12.111 X119.433 Y97.442 E224.20286
G1 Z12.113 X119.559 Y98.718 E224.24626
G1 Z12.115 X119.601 Y100 E224.28968
G1 Z12.117 X119.559 Y101.282 E224.3331
G1 Z12.120 X119.433 Y102.558 E224.3765
G1 Z12.122 X119.224 Y103.824 E224.41993
G1 Z12.124 X118.933 Y105.073 E224.46334
G1 Z12.126 X118.56 Y106.3 E224.50675
G1 Z12.128 X118.109 Y107.501 E224.55017
G1 Z12.130 X117.579 Y108.669 E224.59359
G1 Z12.132 X116.975 Y109.8 E224.63699
G1 Z12.134 X116.297 Y110.89 E224.68044
G1 Z12.136 X115.55 Y111.932 E224.72384
G1 Z12.137 X115.307 Y112.229 E224.73683
G1 Z12.138 X114.737 Y112.924 E224.76725
G1 Z12.140 X113.86 Y113.86 E224.81067
G1 Z12.142 X112.924 Y114.737 E224.85409
G1 Z12.145 X111.932 Y115.55 E224.8975
G1 Z12.147 X110.89 Y116.297 E224.9409
G1 Z12.149 X109.8 Y116.975 E224.98435
G1 Z12.151 X108.669 Y117.579 E225.02775
G1 Z12.153 X107.501 Y118.109 E225.07117
G1 Z12.155 X106.3 Y118.56 E225.11459
G1 Z12.157 X105.073 Y118.933 E225.158
G1 Z12.159 X103.824 Y119.224 E225.20141
G1 Z12.161 X102.558 Y119.433 E225.24484
G1 Z12.163 X101.282 Y119.559 E225.28824
G1 Z12.165 X100 Y119.601 E225.33166
G1 Z12.167 X98.718 Y119.559 E225.37508
G1 Z12.170 X97.442 Y119.433 E225.41848
G1 Z12.172 X96.176 Y119.224 E225.46191
G1 Z12.174 X94.927 Y118.933 E225.50532
G1 Z12.176 X93.7 Y118.56 E225.54873
G1 Z12.178 X92.499 Y118.109 E225.59215
G1 Z12.180 X91.331 Y117.579 E225.63557
G1 Z12.182 X90.2 Y116.975 E225.67897
G1 Z12.184 X89.11 Y116.297 E225.72242
G1 Z12.186 X88.068 Y115.55 E225.76582
G1 Z12.187 X87.771 Y115.307 E225.77881
G1 Z12.188 X87.076 Y114.737 E225.80923
G1 Z12.190 X86.14 Y113.86 E225.85265
G1 Z12.192 X85.263 Y112.924 E225.89607
G1 Z12.195 X84.45 Y111.932 E225.93948
G1 Z12.197 X83.703 Y110.89 E225.98288
G1 Z12.199 X83.025 Y109.8 E226.02633
G1 Z12.200 X82.652 Y109.101 E226.05315
;LAYER_CHANGE
;Z:12.4
;HEIGHT:0.2
G1 Z12.200 F7800
G1 F1482
G1 Z12.201 X82.354 Y108.702 E226.06981
G1 Z12.203 X81.823 Y107.529 E226.11339
G1 Z12.205 X81.369 Y106.324 E226.15698
G1 Z12.207 X80.996 Y105.092 E226.20055
G1 Z12.209 X80.703 Y103.838 E226.24414
G1 Z12.211 X80.493 Y102.568 E226.28771
G1 Z12.213 X80.367 Y101.287 E226.33128
G1 Z12.215 X80.325 Y100 E226.37487
G1 Z12.217 X80.367 Y98.713 E226.41846
G1 Z12.220 X80.493 Y97.432 E226.46203
G1 Z12.222 X80.703 Y96.162 E226.5056
G1 Z12.224 X80.996 Y94.908 E226.54919
G1 Z12.226 X81.369 Y93.676 E226.59276
G1 Z12.228 X81.823 Y92.471 E226.63635
G1 Z12.230 X82.354 Y91.298 E226.67993
G1 Z12.232 X82.961 Y90.163 E226.7235
G1 Z12.234 X83.641 Y89.069 E226.7671
G1 Z12.236 X84.391 Y88.023 E226.81067
G1 Z12.238 X85.208 Y87.027 E226.85427
G1 Z12.240 X86.088 Y86.088 E226.89783
G1 Z12.242 X87.027 Y85.208 E226.94139
G1 Z12.245 X88.023 Y84.391 E226.98499
G1 Z12.247 X89.069 Y83.641 E227.02856
G1 Z12.249 X90.163 Y82.961 E227.07216
G1 Z12.251 X91.298 Y82.354 E227.11573
G1 Z12.253 X92.471 Y81.823 E227.15931
G1 Z12.255 X93.676 Y81.369 E227.2029
G1 Z12.257 X94.908 Y80.996 E227.24647
G1 Z12.259 X96.162 Y80.703 E227.29006
G1 Z12.261 X97.432 Y80.493 E227.33363
G1 Z12.263 X98.713 Y80.367 E227.3772
G1 Z12.265 X100 Y80.325 E227.42079
G1 Z12.267 X101.158 Y80.363 E227.46001
G1 Z12.270 X102.569 Y80.494 E227.50798
G1 Z12.272 X103.838 Y80.703 E227.55151
G1 Z12.274 X105.092 Y80.996 E227.5951
G1 Z12.276 X106.324 Y81.369 E227.63867
G1 Z12.278 X107.529 Y81.823 E227.68226
G1 Z12.280 X108.702 Y82.354 E227.72584
G1 Z12.282 X109.837 Y82.961 E227.76941
G1 Z12.284 X110.931 Y83.641 E227.81301
G1 Z12.286 X111.977 Y84.391 E227.85658
G1 Z12.288 X112.973 Y85.208 E227.90018
G1 Z12.290 X113.912 Y86.088 E227.94374
G1 Z12.292 X114.792 Y87.027 E227.9873
G1 Z12.295 X115.609 Y88.023 E228.0309
G1 Z12.297 X116.359 Y89.069 E228.07447
G1 Z12.299 X117.039 Y90.163 E228.11807
G1 Z12.301 X117.646 Y91.298 E228.16164
G1 Z12.303 X118.177 Y92.471 E228.20522
G1 Z12.305 X118.631 Y93.676 E228.24881
G1 Z12.307 X119.004 Y94.908 E228.29238
G1 Z12.309 X119.297 Y96.162 E228.33597
G1 Z12.311 X119.507 Y97.432 E228.37954
G1 Z12.313 X119.633 Y98.713 E228.42311
G1 Z12.315 X119.675 Y100 E228.4667
G1 Z12.317 X119.633 Y101.287 E228.51029
G1 Z12.320 X119.507 Y102.568 E228.55386
G1 Z12.322 X119.297 Y103.838 E228.59743
G1 Z12.324 X119.004 Y105.092 E228.64102
G1 Z12.326 X118.631 Y106.324 E228.68459
G1 Z12.328 X118.177 Y107.529 E228.72818
G1 Z12.330 X117.646 Y108.702 E228.77176
G1 Z12.332 X117.039 Y109.837 E228.81533
G1 Z12.334 X116.359 Y110.931 E228.85893
G1 Z12.336 X115.609 Y111.977 E228.9025
G1 Z12.338 X114.792 Y112.973 E228.9461
G1 Z12.340 X113.912 Y113.912 E228.98966
G1 Z12.342 X112.973 Y114.792 E229.03322
G1 Z12.345 X111.977 Y115.609 E229.07682
G1 Z12.347 X110.931 Y116.359 E229.12039
G1 Z12.349 X109.837 Y117.039 E229.16399
G1 Z12.351 X108.702 Y117.646 E229.20756
G1 Z12.353 X107.529 Y118.177 E229.25114
G1 Z12.355 X106.324 Y118.631 E229.29473
G1 Z12.357 X105.092 Y119.004 E229.3383
G1 Z12.359 X103.838 Y119.297 E229.38189
G1 Z12.361 X102.568 Y119.507 E229.42546
G1 Z12.363 X101.287 Y119.633 E229.46903
G1 Z12.365 X100 Y119.675 E229.51262
G1 Z12.367 X98.713 Y119.633 E229.55621
G1 Z12.370 X97.432 Y119.507 E229.59978
G1 Z12.372 X96.162 Y119.297 E229.64335
G1 Z12.374 X94.908 Y119.004 E229.68694
G1 Z12.376 X93.676 Y118.631 E229.73051
G1 Z12.378 X92.471 Y118.177 E229.7741
G1 Z12.380 X91.298 Y117.646 E229.81768
G1 Z12.382 X90.163 Y117.039 E229.86125
G1 Z12.384 X89.069 Y116.359 E229.90485
G1 Z12.386 X88.023 Y115.609 E229.94842
G1 Z12.388 X87.027 Y114.792 E229.99202
G1 Z12.390 X86.088 Y113.912 E230.03558
G1 Z12.392 X85.208 Y112.973 E230.07914
G1 Z12.395 X84.391 Y111.977 E230.12274
G1 Z12.397 X83.641 Y110.931 E230.16631
G1 Z12.399 X82.961 Y109.837 E230.20991
G1 Z12.400 X82.586 Y109.136 E230.23682
;LAYER_CHANGE
;Z:12.6
;HEIGHT:0.200001
G1 Z12.400 F7800
G1 F1487
G1 Z12.401 X82.295 Y108.731 E230.25355
G1 Z12.403 X81.762 Y107.555 E230.29725
G1 Z12.405 X81.307 Y106.346 E230.34098
G1 Z12.407 X80.932 Y105.109 E230.38473
G1 Z12.409 X80.638 Y103.851 E230.42846
G1 Z12.411 X80.428 Y102.577 E230.47217
G1 Z12.413 X80.301 Y101.291 E230.51591
G1 Z12.414 X80.28 Y100.644 E230.53782
G1 Z12.415 X80.259 Y100 E230.55963
G1 Z12.417 X80.301 Y98.709 E230.60335
G1 Z12.420 X80.428 Y97.423 E230.64709
G1 Z12.421 X80.533 Y96.784 E230.66901
G1 Z12.422 X80.638 Y96.149 E230.6908
G1 Z12.424 X80.932 Y94.891 E230.73453
G1 Z12.426 X81.307 Y93.654 E230.77828
G1 Z12.428 X81.762 Y92.445 E230.82201
G1 Z12.430 X82.295 Y91.269 E230.86571
G1 Z12.432 X82.904 Y90.129 E230.90946
G1 Z12.434 X83.586 Y89.032 E230.95318
G1 Z12.436 X84.338 Y87.982 E230.9969
G1 Z12.438 X85.158 Y86.984 E231.04062
G1 Z12.439 X85.601 Y86.511 E231.06256
G1 Z12.440 X86.041 Y86.041 E231.08435
G1 Z12.442 X86.984 Y85.158 E231.12808
G1 Z12.445 X87.982 Y84.338 E231.1718
G1 Z12.447 X89.032 Y83.586 E231.21552
G1 Z12.449 X90.129 Y82.904 E231.25924
G1 Z12.451 X91.269 Y82.295 E231.30299
G1 Z12.453 X92.445 Y81.762 E231.34669
G1 Z12.455 X93.654 Y81.307 E231.39042
G1 Z12.457 X94.891 Y80.932 E231.43417
G1 Z12.459 X96.149 Y80.638 E231.4779
G1 Z12.461 X97.423 Y80.428 E231.52161
G1 Z12.463 X98.709 Y80.301 E231.56535
G1 Z12.465 X100 Y80.259 E231.60907
G1 Z12.466 X100.647 Y80.28 E231.63098
G1 Z12.467 X101.291 Y80.301 E231.65279
G1 Z12.470 X102.577 Y80.428 E231.69653
G1 Z12.472 X103.851 Y80.638 E231.74024
G1 Z12.474 X105.109 Y80.932 E231.78397
G1 Z12.476 X106.346 Y81.307 E231.82772
G1 Z12.478 X107.555 Y81.762 E231.87145
G1 Z12.480 X108.731 Y82.295 E231.91515
G1 Z12.482 X109.871 Y82.904 E231.9589
G1 Z12.484 X110.968 Y83.586 E232.00262
G1 Z12.486 X112.018 Y84.338 E232.04634
G1 Z12.488 X113.016 Y85.158 E232.09006
G1 Z12.490 X113.959 Y86.041 E232.13379
G1 Z12.492 X114.842 Y86.984 E232.17752
G1 Z12.495 X115.662 Y87.982 E232.22124
G1 Z12.497 X116.414 Y89.032 E232.26496
G1 Z12.499 X117.096 Y90.129 E232.30868
G1 Z12.501 X117.705 Y91.269 E232.35243
G1 Z12.503 X118.238 Y92.445 E232.39613
G1 Z12.505 X118.693 Y93.654 E232.43986
G1 Z12.507 X119.068 Y94.891 E232.48361
G1 Z12.509 X119.362 Y96.149 E232.52734
G1 Z12.511 X119.572 Y97.423 E232.57105
G1 Z12.513 X119.699 Y98.709 E232.61479
G1 Z12.514 X119.72 Y99.356 E232.6367
G1 Z12.515 X119.741 Y100 E232.65851
G1 Z12.517 X119.699 Y101.291 E232.70223
G1 Z12.520 X119.572 Y102.577 E232.74597
G1 Z12.521 X119.467 Y103.216 E232.76789
G1 Z12.522 X119.362 Y103.851 E232.78968
G1 Z12.524 X119.068 Y105.109 E232.83341
G1 Z12.526 X118.693 Y106.346 E232.87716
G1 Z12.528 X118.238 Y107.555 E232.92089
G1 Z12.530 X117.705 Y108.731 E232.96459
G1 Z12.532 X117.096 Y109.871 E233.00834
G1 Z12.534 X116.414 Y110.968 E233.05206
G1 Z12.536 X115.662 Y112.018 E233.09578
G1 Z12.538 X114.842 Y113.016 E233.1395
G1 Z12.540 X113.959 Y113.959 E233.18323
G1 Z12.542 X113.016 Y114.842 E233.22696
G1 Z12.545 X112.018 Y115.662 E233.27068
G1 Z12.547 X110.968 Y116.414 E233.3144
G1 Z12.549 X109.871 Y117.096 E233.35812
G1 Z12.551 X108.731 Y117.705 E233.40187
G1 Z12.553 X107.555 Y118.238 E233.44557
G1 Z12.555 X106.346 Y118.693 E233.4893
G1 Z12.557 X105.109 Y119.068 E233.53305
G1 Z12.559 X103.851 Y119.362 E233.57678
G1 Z12.561 X102.577 Y119.572 E233.62049
G1 Z12.563 X101.291 Y119.699 E233.66423
G1 Z12.564 X100.644 Y119.72 E233.68614
G1 Z12.565 X100 Y119.741 E233.70795
G1 Z12.567 X98.709 Y119.699 E233.75167
G1 Z12.570 X97.423 Y119.572 E233.79541
G1 Z12.571 X96.784 Y119.467 E233.81733
G1 Z12.572 X96.149 Y119.362 E233.83912
G1 Z12.574 X94.891 Y119.068 E233.88285
G1 Z12.576 X93.654 Y118.693 E233.9266
G1 Z12.578 X92.445 Y118.238 E233.97033
G1 Z12.580 X91.269 Y117.705 E234.01403
G1 Z12.582 X90.129 Y117.096 E234.05778
G1 Z12.584 X89.032 Y116.414 E234.1015
G1 Z12.586 X87.982 Y115.662 E234.14522
G1 Z12.588 X86.984 Y114.842 E234.18894
G1 Z12.590 X86.041 Y113.959 E234.23267
G1 Z12.592 X85.158 Y113.016 E234.2764
G1 Z12.595 X84.338 Y112.018 E234.32012
G1 Z12.597 X83.586 Y110.968 E234.36384
G1 Z12.599 X82.904 Y109.871 E234.40756
G1 Z12.600 X82.528 Y109.167 E234.43458
;LAYER_CHANGE
;Z:12.8
;HEIGHT:0.2
G1 Z12.600 F7800
G1 F1491
G1 Z12.601 X82.238 Y108.759 E234.45139
G1 Z12.603 X81.704 Y107.579 E234.49523
G1 Z12.605 X81.247 Y106.366 E234.53911
G1 Z12.607 X80.871 Y105.126 E234.58297
G1 Z12.609 X80.577 Y103.864 E234.62683
G1 Z12.611 X80.366 Y102.585 E234.67071
G1 Z12.613 X80.238 Y101.295 E234.71459
G1 Z12.615 X80.196 Y100 E234.75845
G1 Z12.617 X80.238 Y98.705 E234.80231
G1 Z12.620 X80.366 Y97.415 E234.84619
G1 Z12.622 X80.577 Y96.136 E234.89007
G1 Z12.624 X80.871 Y94.874 E234.93393
G1 Z12.626 X81.247 Y93.634 E234.97779
G1 Z12.628 X81.704 Y92.421 E235.02167
G1 Z12.630 X82.238 Y91.241 E235.06551
G1 Z12.632 X82.849 Y90.098 E235.10938
G1 Z12.634 X83.534 Y88.998 E235.15324
G1 Z12.636 X84.288 Y87.944 E235.19711
G1 Z12.638 X85.111 Y86.942 E235.241
G1 Z12.640 X85.997 Y85.997 E235.28485
G1 Z12.642 X86.942 Y85.111 E235.3287
G1 Z12.645 X87.944 Y84.289 E235.37257
G1 Z12.647 X88.998 Y83.534 E235.41646
G1 Z12.649 X90.098 Y82.849 E235.46032
G1 Z12.651 X91.241 Y82.238 E235.50419
G1 Z12.653 X92.421 Y81.704 E235.54803
G1 Z12.655 X93.634 Y81.247 E235.59191
G1 Z12.657 X94.874 Y80.871 E235.63577
G1 Z12.659 X96.136 Y80.577 E235.67963
G1 Z12.661 X97.415 Y80.366 E235.72351
G1 Z12.663 X98.704 Y80.239 E235.76735
G1 Z12.666 X100.131 Y80.2 E235.81567
G1 Z12.667 X101.295 Y80.238 E235.85509
G1 Z12.670 X102.585 Y80.366 E235.89897
G1 Z12.672 X103.864 Y80.577 E235.94285
G1 Z12.674 X105.126 Y80.871 E235.98671
G1 Z12.676 X106.366 Y81.247 E236.03057
G1 Z12.678 X107.579 Y81.704 E236.07445
G1 Z12.680 X108.759 Y82.238 E236.11829
G1 Z12.682 X109.902 Y82.849 E236.16216
G1 Z12.684 X111.002 Y83.534 E236.20602
G1 Z12.686 X112.056 Y84.288 E236.24989
G1 Z12.688 X113.058 Y85.111 E236.29378
G1 Z12.690 X114.003 Y85.997 E236.33763
G1 Z12.692 X114.889 Y86.942 E236.38148
G1 Z12.695 X115.711 Y87.944 E236.42535
G1 Z12.697 X116.466 Y88.998 E236.46924
G1 Z12.699 X117.151 Y90.098 E236.5131
G1 Z12.701 X117.762 Y91.241 E236.55697
G1 Z12.703 X118.296 Y92.421 E236.60081
G1 Z12.705 X118.753 Y93.634 E236.64469
G1 Z12.707 X119.129 Y94.874 E236.68855
G1 Z12.709 X119.423 Y96.136 E236.73241
G1 Z12.711 X119.635 Y97.415 E236.77629
G1 Z12.713 X119.762 Y98.705 E236.82017
G1 Z12.715 X119.804 Y100 E236.86403
G1 Z12.717 X119.762 Y101.295 E236.90789
G1 Z12.720 X119.635 Y102.585 E236.95177
G1 Z12.722 X119.423 Y103.864 E236.99565
G1 Z12.724 X119.129 Y105.126 E237.03951
G1 Z12.726 X118.753 Y106.366 E237.08337
G1 Z12.728 X118.296 Y107.579 E237.12725
G1 Z12.730 X117.762 Y108.759 E237.17109
G1 Z12.732 X117.151 Y109.902 E237.21496
G1 Z12.734 X116.466 Y111.002 E237.25882
G1 Z12.736 X115.712 Y112.056 E237.30269
G1 Z12.738 X114.889 Y113.058 E237.34658
G1 Z12.740 X114.003 Y114.003 E237.39043
G1 Z12.742 X113.058 Y114.889 E237.43428
G1 Z12.745 X112.056 Y115.711 E237.47815
G1 Z12.747 X111.002 Y116.466 E237.52204
G1 Z12.749 X109.902 Y117.151 E237.5659
G1 Z12.751 X108.759 Y117.762 E237.60977
G1 Z12.753 X107.579 Y118.296 E237.65361
G1 Z12.755 X106.366 Y118.753 E237.69749
G1 Z12.757 X105.126 Y119.129 E237.74135
G1 Z12.759 X103.864 Y119.423 E237.78521
G1 Z12.761 X102.585 Y119.635 E237.82909
G1 Z12.763 X101.295 Y119.762 E237.87297
G1 Z12.765 X100 Y119.804 E237.91683
G1 Z12.767 X98.705 Y119.762 E237.96069
G1 Z12.770 X97.415 Y119.635 E238.00457
G1 Z12.772 X96.136 Y119.423 E238.04845
G1 Z12.774 X94.874 Y119.129 E238.09231
G1 Z12.776 X93.634 Y118.753 E238.13617
G1 Z12.778 X92.421 Y118.296 E238.18005
G1 Z12.780 X91.241 Y117.762 E238.22389
G1 Z12.782 X90.098 Y117.151 E238.26776
G1 Z12.784 X88.998 Y116.466 E238.31162
G1 Z12.786 X87.944 Y115.712 E238.35549
G1 Z12.788 X86.942 Y114.889 E238.39938
G1 Z12.790 X85.997 Y114.003 E238.44323
G1 Z12.792 X85.111 Y113.058 E238.48708
G1 Z12.795 X84.289 Y112.056 E238.53095
G1 Z12.797 X83.534 Y111.002 E238.57484
G1 Z12.799 X82.849 Y109.902 E238.6187
G1 Z12.800 X82.472 Y109.197 E238.64576
;LAYER_CHANGE
;Z:13
;HEIGHT:0.2
G1 Z12.800 F7800
G1 F1496
G1 Z12.801 X82.19 Y108.783 E238.66261
G1 Z12.803 X81.653 Y107.599 E238.70662
G1 Z12.805 X81.196 Y106.383 E238.75059
G1 Z12.807 X80.818 Y105.14 E238.79457
G1 Z12.809 X80.523 Y103.874 E238.83857
G1 Z12.811 X80.312 Y102.592 E238.88255
G1 Z12.813 X80.184 Y101.299 E238.92653
G1 Z12.815 X80.154 Y100.385 E238.95748
G1 Z12.815 X80.142 Y100 E238.97052
G1 Z12.817 X80.184 Y98.701 E239.01451
G1 Z12.820 X80.312 Y97.408 E239.05849
G1 Z12.821 X80.461 Y96.506 E239.08944
G1 Z12.822 X80.523 Y96.126 E239.10247
G1 Z12.824 X80.818 Y94.86 E239.14647
G1 Z12.826 X81.196 Y93.617 E239.19045
G1 Z12.828 X81.653 Y92.401 E239.23442
G1 Z12.830 X82.19 Y91.217 E239.27843
G1 Z12.832 X82.802 Y90.071 E239.32241
G1 Z12.834 X83.488 Y88.967 E239.36641
G1 Z12.836 X84.245 Y87.911 E239.41039
G1 Z12.838 X85.07 Y86.907 E239.45438
G1 Z12.840 X85.958 Y85.958 E239.49837
G1 Z12.842 X86.907 Y85.07 E239.54236
G1 Z12.845 X87.911 Y84.245 E239.58635
G1 Z12.847 X88.967 Y83.488 E239.63033
G1 Z12.849 X90.071 Y82.802 E239.67433
G1 Z12.851 X91.217 Y82.19 E239.71831
G1 Z12.853 X92.401 Y81.653 E239.76232
G1 Z12.855 X93.617 Y81.196 E239.80629
G1 Z12.857 X94.86 Y80.818 E239.85027
G1 Z12.859 X96.126 Y80.523 E239.89427
G1 Z12.861 X97.408 Y80.312 E239.93825
G1 Z12.863 X98.701 Y80.184 E239.98223
G1 Z12.865 X100 Y80.142 E240.02622
G1 Z12.867 X100.913 Y80.172 E240.05714
G1 Z12.867 X101.299 Y80.184 E240.07021
G1 Z12.870 X102.592 Y80.312 E240.11419
G1 Z12.872 X103.874 Y80.523 E240.15817
G1 Z12.874 X105.14 Y80.818 E240.20217
G1 Z12.876 X106.383 Y81.196 E240.24615
G1 Z12.878 X107.599 Y81.653 E240.29012
G1 Z12.880 X108.783 Y82.19 E240.33413
G1 Z12.882 X109.929 Y82.802 E240.37811
G1 Z12.884 X111.033 Y83.488 E240.42211
G1 Z12.886 X112.089 Y84.245 E240.46609
G1 Z12.888 X113.093 Y85.07 E240.51008
G1 Z12.890 X114.042 Y85.958 E240.55407
G1 Z12.892 X114.93 Y86.907 E240.59806
G1 Z12.895 X115.755 Y87.911 E240.64205
G1 Z12.897 X116.512 Y88.967 E240.68603
G1 Z12.899 X117.198 Y90.071 E240.73003
G1 Z12.901 X117.81 Y91.217 E240.77401
G1 Z12.903 X118.347 Y92.401 E240.81802
G1 Z12.905 X118.804 Y93.617 E240.86199
G1 Z12.907 X119.182 Y94.86 E240.90597
G1 Z12.909 X119.477 Y96.126 E240.94997
G1 Z12.911 X119.688 Y97.408 E240.99395
G1 Z12.913 X119.816 Y98.701 E241.03793
G1 Z12.915 X119.846 Y99.615 E241.06888
G1 Z12.915 X119.858 Y100 E241.08192
G1 Z12.917 X119.816 Y101.299 E241.12591
G1 Z12.920 X119.688 Y102.592 E241.16989
G1 Z12.921 X119.539 Y103.494 E241.20084
G1 Z12.922 X119.477 Y103.874 E241.21387
G1 Z12.924 X119.182 Y105.14 E241.25787
G1 Z12.926 X118.804 Y106.383 E241.30185
G1 Z12.928 X118.347 Y107.599 E241.34582
G1 Z12.930 X117.81 Y108.783 E241.38983
G1 Z12.932 X117.198 Y109.929 E241.43381
G1 Z12.934 X116.512 Y111.033 E241.47781
G1 Z12.936 X115.755 Y112.089 E241.52179
G1 Z12.938 X114.93 Y113.093 E241.56578
G1 Z12.940 X114.042 Y114.042 E241.60977
G1 Z12.942 X113.093 Y114.93 E241.65376
G1 Z12.945 X112.089 Y115.755 E241.69775
G1 Z12.947 X111.033 Y116.512 E241.74173
G1 Z12.949 X109.929 Y117.198 E241.78573
G1 Z12.951 X108.783 Y117.81 E241.82971
G1 Z12.953 X107.599 Y118.347 E241.87372
G1 Z12.955 X106.383 Y118.804 E241.91769
G1 Z12.957 X105.14 Y119.182 E241.96167
G1 Z12.959 X103.874 Y119.477 E242.00567
G1 Z12.961 X102.592 Y119.688 E242.04965
G1 Z12.963 X101.299 Y119.816 E242.09363
G1 Z12.965 X100.385 Y119.846 E242.12458
G1 Z12.965 X100 Y119.858 E242.13762
G1 Z12.967 X98.701 Y119.816 E242.18161
G1 Z12.970 X97.408 Y119.688 E242.22559
G1 Z12.971 X96.506 Y119.539 E242.25654
G1 Z12.972 X96.126 Y119.477 E242.26957
G1 Z12.974 X94.86 Y119.182 E242.31357
G1 Z12.976 X93.617 Y118.804 E242.35755
G1 Z12.978 X92.401 Y118.347 E242.40152
G1 Z12.980 X91.217 Y117.81 E242.44553
G1 Z12.982 X90.071 Y117.198 E242.48951
G1 Z12.984 X88.967 Y116.512 E242.53351
G1 Z12.986 X87.911 Y115.755 E242.57749
G1 Z12.988 X86.907 Y114.93 E242.62148
G1 Z12.990 X85.958 Y114.042 E242.66547
G1 Z12.992 X85.07 Y113.093 E242.70946
G1 Z12.995 X84.245 Y112.089 E242.75345
G1 Z12.997 X83.488 Y111.033 E242.79743
G1 Z12.999 X82.802 Y109.929 E242.84143
G1 Z13.000 X82.425 Y109.222 E242.86855
;LAYER_CHANGE
;Z:13.2
;HEIGHT:0.2
G1 Z13.000 F7800
G1 F1499
G1 Z13.001 X82.146 Y108.805 E242.88546
G1 Z13.003 X81.608 Y107.618 E242.92957
G1 Z13.005 X81.149 Y106.399 E242.97366
G1 Z13.007 X80.771 Y105.152 E243.01777
G1 Z13.009 X80.475 Y103.884 E243.06184
G1 Z13.011 X80.263 Y102.598 E243.10596
G1 Z13.013 X80.135 Y101.302 E243.15004
G1 Z13.015 X80.093 Y100 E243.19413
G1 Z13.017 X80.135 Y98.698 E243.23822
G1 Z13.020 X80.263 Y97.402 E243.2823
G1 Z13.022 X80.475 Y96.116 E243.32642
G1 Z13.024 X80.771 Y94.848 E243.37049
G1 Z13.026 X81.149 Y93.601 E243.4146
G1 Z13.028 X81.608 Y92.382 E243.45869
G1 Z13.030 X82.146 Y91.195 E243.5028
G1 Z13.032 X82.76 Y90.046 E243.5469
G1 Z13.034 X83.448 Y88.94 E243.59099
G1 Z13.036 X84.207 Y87.881 E243.63509
G1 Z13.038 X85.033 Y86.874 E243.67918
G1 Z13.040 X85.924 Y85.924 E243.72327
G1 Z13.042 X86.874 Y85.033 E243.76736
G1 Z13.045 X87.881 Y84.207 E243.81145
G1 Z13.047 X88.94 Y83.448 E243.85555
G1 Z13.049 X90.046 Y82.76 E243.89964
G1 Z13.051 X91.195 Y82.146 E243.94374
G1 Z13.053 X92.382 Y81.608 E243.98785
G1 Z13.055 X93.601 Y81.149 E244.03194
G1 Z13.057 X94.848 Y80.771 E244.07605
G1 Z13.059 X96.116 Y80.475 E244.12012
G1 Z13.061 X97.402 Y80.263 E244.16424
G1 Z13.063 X98.698 Y80.135 E244.20832
G1 Z13.065 X100 Y80.093 E244.25241
G1 Z13.066 X100.389 Y80.106 E244.26558
G1 Z13.067 X101.302 Y80.135 E244.2965
G1 Z13.070 X102.598 Y80.263 E244.34058
G1 Z13.072 X103.884 Y80.475 E244.3847
G1 Z13.074 X105.152 Y80.771 E244.42877
G1 Z13.076 X106.399 Y81.149 E244.47288
G1 Z13.078 X107.618 Y81.608 E244.51697
G1 Z13.080 X108.805 Y82.146 E244.56108
G1 Z13.082 X109.954 Y82.76 E244.60518
G1 Z13.084 X111.06 Y83.448 E244.64927
G1 Z13.086 X112.119 Y84.207 E244.69337
G1 Z13.088 X113.126 Y85.033 E244.73746
G1 Z13.090 X114.076 Y85.924 E244.78155
G1 Z13.092 X114.967 Y86.874 E244.82564
G1 Z13.095 X115.793 Y87.881 E244.86973
G1 Z13.097 X116.552 Y88.94 E244.91383
G1 Z13.099 X117.24 Y90.046 E244.95792
G1 Z13.101 X117.854 Y91.195 E245.00202
G1 Z13.103 X118.392 Y92.382 E245.04613
G1 Z13.105 X118.851 Y93.601 E245.09022
G1 Z13.107 X119.229 Y94.848 E245.13433
G1 Z13.109 X119.525 Y96.116 E245.1784
G1 Z13.111 X119.737 Y97.402 E245.22252
G1 Z13.113 X119.865 Y98.698 E245.2666
G1 Z13.115 X119.907 Y100 E245.31069
G1 Z13.117 X119.865 Y101.302 E245.35478
G1 Z13.120 X119.737 Y102.598 E245.39886
G1 Z13.122 X119.525 Y103.884 E245.44298
G1 Z13.124 X119.229 Y105.152 E245.48705
G1 Z13.126 X118.851 Y106.399 E245.53116
G1 Z13.128 X118.392 Y107.618 E245.57525
G1 Z13.130 X117.854 Y108.805 E245.61936
G1 Z13.132 X117.24 Y109.954 E245.66346
G1 Z13.134 X116.552 Y111.06 E245.70755
G1 Z13.136 X115.793 Y112.119 E245.75165
G1 Z13.138 X114.967 Y113.126 E245.79574
G1 Z13.140 X114.076 Y114.076 E245.83983
G1 Z13.142 X113.126 Y114.967 E245.88392
G1 Z13.145 X112.119 Y115.793 E245.92801
G1 Z13.147 X111.06 Y116.552 E245.97211
G1 Z13.149 X109.954 Y117.24 E246.0162
G1 Z13.151 X108.805 Y117.854 E246.0603
G1 Z13.153 X107.618 Y118.392 E246.10441
G1 Z13.155 X106.399 Y118.851 E246.1485
G1 Z13.157 X105.152 Y119.229 E246.19261
G1 Z13.159 X103.884 Y119.525 E246.23668
G1 Z13.161 X102.598 Y119.737 E246.2808
G1 Z13.163 X101.302 Y119.865 E246.32488
G1 Z13.165 X100 Y119.907 E246.36897
G1 Z13.167 X98.698 Y119.865 E246.41306
G1 Z13.170 X97.402 Y119.737 E246.45714
G1 Z13.172 X96.116 Y119.525 E246.50126
G1 Z13.174 X94.848 Y119.229 E246.54533
G1 Z13.176 X93.601 Y118.851 E246.58944
G1 Z13.178 X92.382 Y118.392 E246.63353
G1 Z13.180 X91.195 Y117.854 E246.67764
G1 Z13.182 X90.046 Y117.24 E246.72174
G1 Z13.184 X88.94 Y116.552 E246.76583
G1 Z13.186 X87.881 Y115.793 E246.80993
G1 Z13.188 X86.874 Y114.967 E246.85402
G1 Z13.190 X85.924 Y114.076 E246.89811
G1 Z13.192 X85.033 Y113.126 E246.9422
G1 Z13.195 X84.207 Y112.119 E246.98629
G1 Z13.197 X83.448 Y111.06 E247.03039
G1 Z13.199 X82.76 Y109.954 E247.07448
G1 Z13.200 X82.381 Y109.246 E247.10166
;LAYER_CHANGE
;Z:13.4
;HEIGHT:0.2
G1 Z13.200 F7800
G1 F1502
G1 Z13.201 X82.107 Y108.824 E247.11862
G1 Z13.203 X81.568 Y107.635 E247.16281
G1 Z13.205 X81.108 Y106.413 E247.20701
G1 Z13.207 X80.729 Y105.164 E247.25119
G1 Z13.209 X80.433 Y103.892 E247.2954
G1 Z13.211 X80.22 Y102.604 E247.33959
G1 Z13.213 X80.092 Y101.305 E247.38377
G1 Z13.215 X80.049 Y100 E247.42797
G1 Z13.217 X80.092 Y98.695 E247.47217
G1 Z13.220 X80.22 Y97.396 E247.51635
G1 Z13.222 X80.433 Y96.108 E247.56054
G1 Z13.224 X80.729 Y94.836 E247.60475
G1 Z13.226 X81.108 Y93.587 E247.64893
G1 Z13.228 X81.568 Y92.365 E247.69313
G1 Z13.230 X82.107 Y91.176 E247.73732
G1 Z13.232 X82.722 Y90.025 E247.78149
G1 Z13.234 X83.412 Y88.916 E247.8257
G1 Z13.236 X84.172 Y87.855 E247.86988
G1 Z13.238 X85 Y86.846 E247.91406
G1 Z13.240 X85.893 Y85.893 E247.95827
G1 Z13.242 X86.846 Y85 E248.00248
G1 Z13.245 X87.855 Y84.172 E248.04666
G1 Z13.247 X88.916 Y83.412 E248.09084
G1 Z13.249 X90.025 Y82.722 E248.13505
G1 Z13.251 X91.176 Y82.107 E248.17922
G1 Z13.253 X92.365 Y81.568 E248.22341
G1 Z13.255 X93.587 Y81.108 E248.26761
G1 Z13.257 X94.836 Y80.729 E248.31179
G1 Z13.259 X96.108 Y80.433 E248.356
G1 Z13.261 X97.396 Y80.22 E248.40019
G1 Z13.263 X98.695 Y80.092 E248.44437
G1 Z13.265 X100 Y80.049 E248.48857
G1 Z13.267 X101.174 Y80.088 E248.52833
G1 Z13.270 X102.605 Y80.22 E248.57697
G1 Z13.272 X103.892 Y80.433 E248.62113
G1 Z13.274 X105.164 Y80.729 E248.66534
G1 Z13.276 X106.413 Y81.108 E248.70952
G1 Z13.278 X107.635 Y81.568 E248.75372
G1 Z13.280 X108.824 Y82.107 E248.79791
G1 Z13.282 X109.975 Y82.722 E248.84208
G1 Z13.284 X111.084 Y83.412 E248.88629
G1 Z13.286 X112.145 Y84.172 E248.93047
G1 Z13.288 X113.154 Y85 E248.97465
G1 Z13.290 X114.107 Y85.893 E249.01886
G1 Z13.292 X115 Y86.846 E249.06307
G1 Z13.295 X115.828 Y87.855 E249.10725
G1 Z13.297 X116.588 Y88.916 E249.15143
G1 Z13.299 X117.278 Y90.025 E249.19564
G1 Z13.301 X117.893 Y91.176 E249.23981
G1 Z13.303 X118.432 Y92.365 E249.284
G1 Z13.305 X118.892 Y93.587 E249.3282
G1 Z13.307 X119.271 Y94.836 E249.37238
G1 Z13.309 X119.567 Y96.108 E249.41659
G1 Z13.311 X119.78 Y97.396 E249.46078
G1 Z13.313 X119.908 Y98.695 E249.50496
G1 Z13.315 X119.946 Y99.869 E249.54472
G1 Z13.317 X119.908 Y101.306 E249.59338
G1 Z13.320 X119.78 Y102.604 E249.63753
G1 Z13.322 X119.567 Y103.892 E249.68172
G1 Z13.324 X119.271 Y105.164 E249.72593
G1 Z13.326 X118.892 Y106.413 E249.77011
G1 Z13.328 X118.432 Y107.635 E249.81431
G1 Z13.330 X117.893 Y108.824 E249.8585
G1 Z13.332 X117.278 Y109.975 E249.90267
G1 Z13.334 X116.588 Y111.084 E249.94688
G1 Z13.336 X115.828 Y112.145 E249.99106
G1 Z13.338 X115 Y113.154 E250.03524
G1 Z13.340 X114.107 Y114.107 E250.07945
G1 Z13.342 X113.154 Y115 E250.12366
G1 Z13.345 X112.145 Y115.828 E250.16784
G1 Z13.347 X111.084 Y116.588 E250.21202
G1 Z13.349 X109.975 Y117.278 E250.25623
G1 Z13.351 X108.824 Y117.893 E250.3004
G1 Z13.353 X107.635 Y118.432 E250.34459
G1 Z13.355 X106.413 Y118.892 E250.38879
G1 Z13.357 X105.164 Y119.271 E250.43297
G1 Z13.359 X103.892 Y119.567 E250.47718
G1 Z13.361 X102.604 Y119.78 E250.52137
G1 Z13.363 X101.305 Y119.908 E250.56555
G1 Z13.365 X100 Y119.951 E250.60975
G1 Z13.367 X98.695 Y119.908 E250.65395
G1 Z13.370 X97.396 Y119.78 E250.69813
G1 Z13.372 X96.108 Y119.567 E250.74232
G1 Z13.374 X94.836 Y119.271 E250.78653
G1 Z13.376 X93.587 Y118.892 E250.83071
G1 Z13.378 X92.365 Y118.432 E250.87491
G1 Z13.380 X91.176 Y117.893 E250.9191
G1 Z13.382 X90.025 Y117.278 E250.96327
G1 Z13.384 X88.916 Y116.588 E251.00748
G1 Z13.386 X87.855 Y115.828 E251.05166
G1 Z13.388 X86.846 Y115 E251.09584
G1 Z13.390 X85.893 Y114.107 E251.14005
G1 Z13.392 X85 Y113.154 E251.18426
G1 Z13.395 X84.172 Y112.145 E251.22844
G1 Z13.397 X83.412 Y111.084 E251.27262
G1 Z13.399 X82.722 Y109.975 E251.31683
G1 Z13.400 X82.343 Y109.266 E251.34404
;LAYER_CHANGE
;Z:13.6
;HEIGHT:0.200001
G1 Z13.400 F7800
G1 F1505
G1 Z13.401 X82.076 Y108.839 E251.36105
G1 Z13.402 X81.806 Y108.243 E251.3832
G1 Z13.403 X81.537 Y107.648 E251.4053
G1 Z13.405 X81.076 Y106.424 E251.44957
G1 Z13.407 X80.696 Y105.172 E251.49386
G1 Z13.409 X80.399 Y103.899 E251.53811
G1 Z13.411 X80.186 Y102.609 E251.58237
G1 Z13.413 X80.058 Y101.307 E251.62665
G1 Z13.415 X80.015 Y100 E251.67091
G1 Z13.417 X80.058 Y98.693 E251.71517
G1 Z13.420 X80.186 Y97.391 E251.75945
G1 Z13.422 X80.399 Y96.101 E251.80371
G1 Z13.424 X80.696 Y94.828 E251.84796
G1 Z13.426 X81.076 Y93.576 E251.89225
G1 Z13.428 X81.537 Y92.352 E251.93652
G1 Z13.430 X82.076 Y91.161 E251.98077
G1 Z13.432 X82.693 Y90.008 E252.02503
G1 Z13.434 X83.383 Y88.897 E252.0693
G1 Z13.436 X84.145 Y87.834 E252.11357
G1 Z13.438 X84.975 Y86.823 E252.15785
G1 Z13.440 X85.869 Y85.869 E252.2021
G1 Z13.442 X86.823 Y84.975 E252.24635
G1 Z13.445 X87.834 Y84.145 E252.29063
G1 Z13.447 X88.897 Y83.383 E252.3349
G1 Z13.449 X90.008 Y82.693 E252.37917
G1 Z13.451 X91.161 Y82.076 E252.42343
G1 Z13.452 X91.757 Y81.806 E252.44558
G1 Z13.453 X92.352 Y81.537 E252.46768
G1 Z13.455 X93.576 Y81.076 E252.51195
G1 Z13.457 X94.828 Y80.696 E252.55624
G1 Z13.459 X96.101 Y80.399 E252.60049
G1 Z13.461 X97.391 Y80.186 E252.64475
G1 Z13.463 X98.693 Y80.058 E252.68903
G1 Z13.465 X100 Y80.015 E252.73329
G1 Z13.466 X100.654 Y80.037 E252.75544
G1 Z13.467 X101.307 Y80.058 E252.77755
G1 Z13.470 X102.609 Y80.186 E252.82183
G1 Z13.472 X103.899 Y80.399 E252.86609
G1 Z13.474 X105.172 Y80.696 E252.91034
G1 Z13.476 X106.424 Y81.076 E252.95463
G1 Z13.478 X107.648 Y81.537 E252.9989
G1 Z13.480 X108.839 Y82.076 E253.04315
G1 Z13.482 X109.992 Y82.693 E253.08741
G1 Z13.484 X111.103 Y83.383 E253.13168
G1 Z13.486 X112.166 Y84.145 E253.17595
G1 Z13.488 X113.177 Y84.975 E253.22023
G1 Z13.489 X113.655 Y85.422 E253.24238
G1 Z13.490 X114.131 Y85.869 E253.26448
G1 Z13.492 X115.025 Y86.823 E253.30873
G1 Z13.495 X115.855 Y87.834 E253.35301
G1 Z13.497 X116.617 Y88.897 E253.39728
G1 Z13.499 X117.307 Y90.008 E253.44155
G1 Z13.501 X117.924 Y91.161 E253.48581
G1 Z13.502 X118.194 Y91.757 E253.50796
G1 Z13.503 X118.463 Y92.352 E253.53006
G1 Z13.505 X118.924 Y93.576 E253.57433
G1 Z13.507 X119.304 Y94.828 E253.61862
G1 Z13.509 X119.601 Y96.101 E253.66287
G1 Z13.511 X119.814 Y97.391 E253.70713
G1 Z13.513 X119.942 Y98.693 E253.75141
G1 Z13.515 X119.985 Y100 E253.79567
G1 Z13.517 X119.942 Y101.307 E253.83993
G1 Z13.520 X119.814 Y102.609 E253.88421
G1 Z13.522 X119.601 Y103.899 E253.92847
G1 Z13.524 X119.304 Y105.172 E253.97272
G1 Z13.526 X118.924 Y106.424 E254.01701
G1 Z13.528 X118.463 Y107.648 E254.06128
G1 Z13.530 X117.924 Y108.839 E254.10553
G1 Z13.532 X117.307 Y109.992 E254.14979
G1 Z13.534 X116.617 Y111.103 E254.19406
G1 Z13.536 X115.855 Y112.166 E254.23833
G1 Z13.538 X115.025 Y113.177 E254.28261
G1 Z13.540 X114.131 Y114.131 E254.32686
G1 Z13.542 X113.177 Y115.025 E254.37111
G1 Z13.545 X112.166 Y115.855 E254.41539
G1 Z13.547 X111.103 Y116.617 E254.45966
G1 Z13.549 X109.992 Y117.307 E254.50393
G1 Z13.551 X108.839 Y117.924 E254.54819
G1 Z13.552 X108.243 Y118.194 E254.57034
G1 Z13.553 X107.648 Y118.463 E254.59244
G1 Z13.555 X106.424 Y118.924 E254.63671
G1 Z13.557 X105.172 Y119.304 E254.681
G1 Z13.559 X103.899 Y119.601 E254.72525
G1 Z13.561 X102.609 Y119.814 E254.76951
G1 Z13.563 X101.307 Y119.942 E254.81379
G1 Z13.565 X100 Y119.985 E254.85805
G1 Z13.567 X98.693 Y119.942 E254.90231
G1 Z13.570 X97.391 Y119.814 E254.94659
G1 Z13.572 X96.101 Y119.601 E254.99085
G1 Z13.574 X94.828 Y119.304 E255.0351
G1 Z13.576 X93.576 Y118.924 E255.07939
G1 Z13.578 X92.352 Y118.463 E255.12366
G1 Z13.580 X91.161 Y117.924 E255.16791
G1 Z13.582 X90.008 Y117.307 E255.21217
G1 Z13.584 X88.897 Y116.617 E255.25644
G1 Z13.586 X87.834 Y115.855 E255.30071
G1 Z13.588 X86.823 Y115.025 E255.34499
G1 Z13.590 X85.869 Y114.131 E255.38924
G1 Z13.592 X84.975 Y113.177 E255.43349
G1 Z13.595 X84.145 Y112.166 E255.47777
G1 Z13.597 X83.383 Y111.103 E255.52204
G1 Z13.599 X82.693 Y109.992 E255.56631
G1 Z13.600 X82.313 Y109.282 E255.59357
;LAYER_CHANGE
;Z:13.8
;HEIGHT:0.2
G1 Z13.600 F7800
G1 F1507
G1 Z13.601 X82.049 Y108.852 E255.61062
G1 Z13.603 X81.509 Y107.659 E255.65495
G1 Z13.605 X81.047 Y106.434 E255.69927
G1 Z13.607 X80.667 Y105.18 E255.74362
G1 Z13.609 X80.37 Y103.905 E255.78793
G1 Z13.611 X80.156 Y102.612 E255.83229
G1 Z13.613 X80.028 Y101.309 E255.87661
G1 Z13.615 X79.985 Y100 E255.92094
G1 Z13.617 X80.028 Y98.691 E255.96527
G1 Z13.620 X80.156 Y97.388 E256.00959
G1 Z13.622 X80.37 Y96.095 E256.05395
G1 Z13.624 X80.667 Y94.82 E256.09826
G1 Z13.626 X81.047 Y93.566 E256.14261
G1 Z13.628 X81.509 Y92.341 E256.18693
G1 Z13.630 X82.049 Y91.148 E256.23126
G1 Z13.632 X82.667 Y89.993 E256.2756
G1 Z13.634 X83.358 Y88.881 E256.31992
G1 Z13.636 X84.205 Y87.714 E256.36873
G1 Z13.638 X84.952 Y86.803 E256.40861
G1 Z13.640 X85.847 Y85.847 E256.45294
G1 Z13.642 X86.803 Y84.952 E256.49727
G1 Z13.645 X87.816 Y84.121 E256.54162
G1 Z13.647 X88.88 Y83.359 E256.58592
G1 Z13.649 X90.109 Y82.604 E256.63474
G1 Z13.651 X91.148 Y82.049 E256.67461
G1 Z13.653 X92.341 Y81.509 E256.71894
G1 Z13.655 X93.566 Y81.047 E256.76326
G1 Z13.657 X94.82 Y80.667 E256.80761
G1 Z13.659 X96.095 Y80.37 E256.85192
G1 Z13.661 X97.388 Y80.156 E256.89628
G1 Z13.663 X98.69 Y80.028 E256.94056
G1 Z13.666 X100.132 Y79.99 E256.98939
G1 Z13.667 X101.309 Y80.028 E257.02925
G1 Z13.670 X102.612 Y80.156 E257.07357
G1 Z13.672 X103.905 Y80.37 E257.11793
G1 Z13.674 X105.18 Y80.667 E257.16224
G1 Z13.676 X106.434 Y81.047 E257.20659
G1 Z13.678 X107.659 Y81.509 E257.25091
G1 Z13.680 X108.852 Y82.049 E257.29524
G1 Z13.682 X110.007 Y82.667 E257.33958
G1 Z13.684 X111.119 Y83.358 E257.3839
G1 Z13.686 X112.286 Y84.205 E257.43271
G1 Z13.688 X113.197 Y84.952 E257.47259
G1 Z13.690 X114.153 Y85.847 E257.51692
G1 Z13.692 X115.048 Y86.803 E257.56125
G1 Z13.695 X115.879 Y87.816 E257.6056
G1 Z13.697 X116.641 Y88.88 E257.6499
G1 Z13.699 X117.396 Y90.109 E257.69872
G1 Z13.701 X117.951 Y91.148 E257.73859
G1 Z13.703 X118.491 Y92.341 E257.78292
G1 Z13.705 X118.953 Y93.566 E257.82724
G1 Z13.707 X119.333 Y94.82 E257.87159
G1 Z13.709 X119.63 Y96.095 E257.9159
G1 Z13.711 X119.844 Y97.388 E257.96026
G1 Z13.713 X119.972 Y98.691 E258.00458
G1 Z13.715 X120.015 Y100 E258.04891
G1 Z13.717 X119.972 Y101.309 E258.09324
G1 Z13.720 X119.844 Y102.612 E258.13756
G1 Z13.722 X119.63 Y103.905 E258.18192
G1 Z13.724 X119.333 Y105.18 E258.22623
G1 Z13.726 X118.953 Y106.434 E258.27058
G1 Z13.728 X118.491 Y107.659 E258.3149
G1 Z13.730 X117.951 Y108.852 E258.35923
G1 Z13.732 X117.333 Y110.007 E258.40357
G1 Z13.734 X116.642 Y111.119 E258.44789
G1 Z13.736 X115.795 Y112.286 E258.4967
G1 Z13.738 X115.048 Y113.197 E258.53658
G1 Z13.740 X114.153 Y114.153 E258.58091
G1 Z13.742 X113.197 Y115.048 E258.62524
G1 Z13.745 X112.184 Y115.879 E258.66959
G1 Z13.747 X111.12 Y116.641 E258.71389
G1 Z13.749 X109.891 Y117.396 E258.76271
G1 Z13.751 X108.852 Y117.951 E258.80258
G1 Z13.753 X107.659 Y118.491 E258.84691
G1 Z13.755 X106.434 Y118.953 E258.89123
G1 Z13.757 X105.18 Y119.333 E258.93558
G1 Z13.759 X103.905 Y119.63 E258.97989
G1 Z13.761 X102.612 Y119.844 E259.02425
G1 Z13.763 X101.309 Y119.972 E259.06857
G1 Z13.765 X100 Y120.015 E259.1129
G1 Z13.767 X98.691 Y119.972 E259.15723
G1 Z13.770 X97.388 Y119.844 E259.20155
G1 Z13.772 X96.095 Y119.63 E259.24591
G1 Z13.774 X94.82 Y119.333 E259.29022
G1 Z13.776 X93.566 Y118.953 E259.33457
G1 Z13.778 X92.341 Y118.491 E259.37889
G1 Z13.780 X91.148 Y117.951 E259.42322
G1 Z13.782 X89.993 Y117.333 E259.46756
G1 Z13.784 X88.881 Y116.642 E259.51188
G1 Z13.786 X87.714 Y115.795 E259.56069
G1 Z13.788 X86.803 Y115.048 E259.60057
G1 Z13.790 X85.847 Y114.153 E259.6449
G1 Z13.792 X84.952 Y113.197 E259.68923
G1 Z13.795 X84.121 Y112.184 E259.73358
G1 Z13.797 X83.359 Y111.12 E259.77788
G1 Z13.799 X82.604 Y109.891 E259.8267
G1 Z13.800 X82.287 Y109.296 E259.84952
;LAYER_CHANGE
;Z:14
;HEIGHT:0.2
G1 Z13.800 F7800
G1 F1509
G1 Z13.801 X82.031 Y108.861 E259.8666
G1 Z13.803 X81.49 Y107.667 E259.91097
G1 Z13.805 X81.028 Y106.44 E259.95535
G1 Z13.807 X80.648 Y105.185 E259.99973
G1 Z13.809 X80.35 Y103.909 E260.04408
G1 Z13.811 X80.136 Y102.615 E260.08848
G1 Z13.813 X80.008 Y101.31 E260.13286
G1 Z13.815 X79.965 Y100 E260.17723
G1 Z13.817 X80.008 Y98.69 E260.2216
G1 Z13.820 X80.136 Y97.385 E260.26598
G1 Z13.822 X80.35 Y96.091 E260.31038
G1 Z13.824 X80.648 Y94.815 E260.35473
G1 Z13.826 X81.028 Y93.56 E260.39911
G1 Z13.828 X81.49 Y92.333 E260.44349
G1 Z13.830 X82.031 Y91.139 E260.48786
G1 Z13.832 X82.649 Y89.983 E260.53223
G1 Z13.834 X83.136 Y89.2 E260.56344
G1 Z13.834 X83.342 Y88.869 E260.57664
G1 Z13.836 X84.105 Y87.804 E260.62099
G1 Z13.838 X84.937 Y86.79 E260.66539
G1 Z13.840 X85.833 Y85.833 E260.70977
G1 Z13.842 X86.79 Y84.937 E260.75415
G1 Z13.845 X87.804 Y84.105 E260.79855
G1 Z13.847 X88.869 Y83.342 E260.8429
G1 Z13.849 X89.983 Y82.649 E260.88731
G1 Z13.851 X91.139 Y82.031 E260.93168
G1 Z13.853 X92.333 Y81.49 E260.97605
G1 Z13.855 X93.56 Y81.028 E261.02043
G1 Z13.857 X94.815 Y80.648 E261.06481
G1 Z13.859 X96.091 Y80.35 E261.10916
G1 Z13.861 X97.385 Y80.136 E261.15356
G1 Z13.863 X98.69 Y80.008 E261.19794
G1 Z13.865 X100 Y79.965 E261.24231
G1 Z13.867 X100.921 Y79.995 E261.2735
G1 Z13.867 X101.31 Y80.008 E261.28667
G1 Z13.870 X102.615 Y80.136 E261.33105
G1 Z13.872 X103.909 Y80.35 E261.37545
G1 Z13.874 X105.185 Y80.648 E261.4198
G1 Z13.876 X106.44 Y81.028 E261.46418
G1 Z13.878 X107.667 Y81.49 E261.50856
G1 Z13.880 X108.861 Y82.031 E261.55293
G1 Z13.882 X110.017 Y82.649 E261.5973
G1 Z13.884 X110.8 Y83.136 E261.62851
G1 Z13.884 X111.131 Y83.342 E261.64171
G1 Z13.886 X112.196 Y84.105 E261.68606
G1 Z13.888 X113.21 Y84.937 E261.73046
G1 Z13.890 X114.167 Y85.833 E261.77484
G1 Z13.892 X115.063 Y86.79 E261.81922
G1 Z13.895 X115.895 Y87.804 E261.86362
G1 Z13.897 X116.658 Y88.869 E261.90797
G1 Z13.899 X117.351 Y89.983 E261.95238
G1 Z13.901 X117.969 Y91.139 E261.99675
G1 Z13.903 X118.51 Y92.333 E262.04112
G1 Z13.905 X118.972 Y93.56 E262.0855
G1 Z13.907 X119.352 Y94.815 E262.12988
G1 Z13.909 X119.65 Y96.091 E262.17423
G1 Z13.911 X119.864 Y97.385 E262.21863
G1 Z13.913 X119.992 Y98.69 E262.26301
G1 Z13.915 X120.035 Y100 E262.30738
G1 Z13.917 X119.992 Y101.31 E262.35175
G1 Z13.920 X119.864 Y102.615 E262.39613
G1 Z13.922 X119.65 Y103.909 E262.44053
G1 Z13.924 X119.352 Y105.185 E262.48488
G1 Z13.926 X118.972 Y106.44 E262.52926
G1 Z13.928 X118.51 Y107.667 E262.57364
G1 Z13.930 X117.969 Y108.861 E262.61801
G1 Z13.932 X117.351 Y110.017 E262.66238
G1 Z13.934 X116.864 Y110.8 E262.69359
G1 Z13.934 X116.658 Y111.131 E262.70679
G1 Z13.936 X115.895 Y112.196 E262.75114
G1 Z13.938 X115.063 Y113.21 E262.79554
G1 Z13.940 X114.167 Y114.167 E262.83992
G1 Z13.942 X113.21 Y115.063 E262.8843
G1 Z13.945 X112.196 Y115.895 E262.9287
G1 Z13.947 X111.131 Y116.658 E262.97305
G1 Z13.949 X110.017 Y117.351 E263.01746
G1 Z13.951 X108.861 Y117.969 E263.06183
G1 Z13.953 X107.667 Y118.51 E263.1062
G1 Z13.955 X106.44 Y118.972 E263.15058
G1 Z13.957 X105.185 Y119.352 E263.19496
G1 Z13.959 X103.909 Y119.65 E263.23931
G1 Z13.961 X102.615 Y119.864 E263.28371
G1 Z13.963 X101.31 Y119.992 E263.32809
G1 Z13.965 X100 Y120.035 E263.37246
G1 Z13.967 X98.69 Y119.992 E263.41683
G1 Z13.970 X97.385 Y119.864 E263.46121
G1 Z13.972 X96.091 Y119.65 E263.50561
G1 Z13.974 X94.815 Y119.352 E263.54996
G1 Z13.976 X93.56 Y118.972 E263.59434
G1 Z13.978 X92.333 Y118.51 E263.63872
G1 Z13.980 X91.139 Y117.969 E263.68309
G1 Z13.982 X89.983 Y117.351 E263.72746
G1 Z13.984 X89.2 Y116.864 E263.75867
G1 Z13.984 X88.869 Y116.658 E263.77187
G1 Z13.986 X87.804 Y115.895 E263.81622
G1 Z13.988 X86.79 Y115.063 E263.86062
G1 Z13.990 X85.833 Y114.167 E263.905
G1 Z13.992 X84.937 Y113.21 E263.94938
G1 Z13.995 X84.105 Y112.196 E263.99378
G1 Z13.997 X83.342 Y111.131 E264.03813
G1 Z13.999 X82.649 Y110.017 E264.08254
G1 Z14.000 X82.269 Y109.306 E264.10983
;LAYER_CHANGE
;Z:14.2
;HEIGHT:0.2
G1 Z14.000 F7800
G1 F1510
G1 Z14.001 X82.019 Y108.867 E264.12691
G1 Z14.003 X81.477 Y107.672 E264.17133
G1 Z14.005 X81.015 Y106.444 E264.21574
G1 Z14.007 X80.634 Y105.189 E264.26013
G1 Z14.009 X80.336 Y103.911 E264.30455
G1 Z14.011 X80.123 Y102.617 E264.34894
G1 Z14.013 X79.994 Y101.311 E264.39336
G1 Z14.015 X79.951 Y100 E264.43776
G1 Z14.017 X79.994 Y98.689 E264.48216
G1 Z14.020 X80.123 Y97.383 E264.52658
G1 Z14.022 X80.336 Y96.089 E264.57097
G1 Z14.024 X80.634 Y94.811 E264.61539
G1 Z14.026 X81.015 Y93.556 E264.65978
G1 Z14.028 X81.477 Y92.328 E264.70419
G1 Z14.030 X82.019 Y91.133 E264.74861
G1 Z14.032 X82.637 Y89.976 E264.79301
G1 Z14.034 X83.33 Y88.861 E264.83745
G1 Z14.036 X84.094 Y87.795 E264.88184
G1 Z14.037 X84.342 Y87.493 E264.89507
G1 Z14.038 X84.926 Y86.781 E264.92624
G1 Z14.040 X85.823 Y85.823 E264.97066
G1 Z14.042 X86.781 Y84.926 E265.01508
G1 Z14.045 X87.795 Y84.094 E265.05948
G1 Z14.047 X88.861 Y83.33 E265.10387
G1 Z14.049 X89.976 Y82.637 E265.14831
G1 Z14.051 X91.133 Y82.019 E265.19271
G1 Z14.053 X92.328 Y81.477 E265.23713
G1 Z14.055 X93.556 Y81.015 E265.28154
G1 Z14.057 X94.811 Y80.634 E265.32593
G1 Z14.059 X96.089 Y80.336 E265.37035
G1 Z14.061 X97.383 Y80.123 E265.41474
G1 Z14.063 X98.689 Y79.994 E265.45916
G1 Z14.065 X100 Y79.951 E265.50356
G1 Z14.066 X100.391 Y79.964 E265.5168
G1 Z14.067 X101.311 Y79.994 E265.54796
G1 Z14.070 X102.617 Y80.123 E265.59238
G1 Z14.072 X103.911 Y80.336 E265.63677
G1 Z14.074 X105.189 Y80.634 E265.68119
G1 Z14.076 X106.444 Y81.015 E265.72558
G1 Z14.078 X107.672 Y81.477 E265.76999
G1 Z14.080 X108.867 Y82.019 E265.81441
G1 Z14.082 X110.024 Y82.637 E265.85881
G1 Z14.084 X111.139 Y83.33 E265.90325
G1 Z14.086 X112.205 Y84.094 E265.94764
G1 Z14.087 X112.507 Y84.342 E265.96087
G1 Z14.088 X113.219 Y84.926 E265.99204
G1 Z14.090 X114.177 Y85.823 E266.03646
G1 Z14.092 X115.074 Y86.781 E266.08088
G1 Z14.095 X115.906 Y87.795 E266.12528
G1 Z14.097 X116.67 Y88.861 E266.16967
G1 Z14.099 X117.363 Y89.976 E266.21411
G1 Z14.101 X117.981 Y91.133 E266.25851
G1 Z14.103 X118.523 Y92.328 E266.30293
G1 Z14.105 X118.985 Y93.556 E266.34734
G1 Z14.107 X119.366 Y94.811 E266.39173
G1 Z14.109 X119.664 Y96.089 E266.43615
G1 Z14.111 X119.877 Y97.383 E266.48054
G1 Z14.113 X120.006 Y98.689 E266.52496
G1 Z14.115 X120.049 Y100 E266.56936
G1 Z14.117 X120.006 Y101.311 E266.61376
G1 Z14.120 X119.877 Y102.617 E266.65818
G1 Z14.122 X119.664 Y103.911 E266.70257
G1 Z14.124 X119.366 Y105.189 E266.74699
G1 Z14.126 X118.985 Y106.444 E266.79138
G1 Z14.128 X118.523 Y107.672 E266.83579
G1 Z14.130 X117.981 Y108.867 E266.88021
G1 Z14.132 X117.363 Y110.024 E266.92461
G1 Z14.134 X116.67 Y111.139 E266.96905
G1 Z14.136 X115.906 Y112.205 E267.01344
G1 Z14.137 X115.658 Y112.507 E267.02667
G1 Z14.138 X115.074 Y113.219 E267.05784
G1 Z14.140 X114.177 Y114.177 E267.10226
G1 Z14.142 X113.219 Y115.074 E267.14668
G1 Z14.145 X112.205 Y115.906 E267.19108
G1 Z14.147 X111.139 Y116.67 E267.23547
G1 Z14.149 X110.024 Y117.363 E267.27991
G1 Z14.151 X108.867 Y117.981 E267.32431
G1 Z14.153 X107.672 Y118.523 E267.36873
G1 Z14.155 X106.444 Y118.985 E267.41314
G1 Z14.157 X105.189 Y119.366 E267.45753
G1 Z14.159 X103.911 Y119.664 E267.50195
G1 Z14.161 X102.617 Y119.877 E267.54634
G1 Z14.163 X101.311 Y120.006 E267.59076
G1 Z14.165 X100 Y120.049 E267.63516
G1 Z14.167 X98.689 Y120.006 E267.67956
G1 Z14.170 X97.383 Y119.877 E267.72398
G1 Z14.172 X96.089 Y119.664 E267.76837
G1 Z14.174 X94.811 Y119.366 E267.81279
G1 Z14.176 X93.556 Y118.985 E267.85718
G1 Z14.178 X92.328 Y118.523 E267.90159
G1 Z14.180 X91.133 Y117.981 E267.94601
G1 Z14.182 X89.976 Y117.363 E267.99041
G1 Z14.184 X88.861 Y116.67 E268.03485
G1 Z14.186 X87.795 Y115.906 E268.07924
G1 Z14.187 X87.493 Y115.658 E268.09247
G1 Z14.188 X86.781 Y115.074 E268.12364
G1 Z14.190 X85.823 Y114.177 E268.16806
G1 Z14.192 X84.926 Y113.219 E268.21248
G1 Z14.195 X84.094 Y112.205 E268.25688
G1 Z14.197 X83.33 Y111.139 E268.30127
G1 Z14.199 X82.637 Y110.024 E268.34571
G1 Z14.200 X82.257 Y109.312 E268.37303
;LAYER_CHANGE
;Z:14.4
;HEIGHT:0.2
G1 Z14.200 F7800
G1 F1510
G1 Z14.201 X82.012 Y108.871 E268.39011
G1 Z14.203 X81.47 Y107.675 E268.43456
G1 Z14.205 X81.008 Y106.447 E268.47897
G1 Z14.207 X80.627 Y105.191 E268.5234
G1 Z14.209 X80.329 Y103.913 E268.56782
G1 Z14.211 X80.115 Y102.618 E268.61225
G1 Z14.213 X79.986 Y101.312 E268.65667
G1 Z14.215 X79.948 Y100.132 E268.69663
G1 Z14.217 X79.987 Y98.688 E268.74553
G1 Z14.220 X80.115 Y97.382 E268.78995
G1 Z14.222 X80.329 Y96.087 E268.83438
G1 Z14.224 X80.627 Y94.809 E268.8788
G1 Z14.226 X81.008 Y93.553 E268.92323
G1 Z14.228 X81.47 Y92.325 E268.96764
G1 Z14.230 X82.012 Y91.129 E269.01209
G1 Z14.232 X82.631 Y89.972 E269.05651
G1 Z14.234 X83.324 Y88.857 E269.10095
G1 Z14.236 X84.088 Y87.79 E269.14537
G1 Z14.238 X84.921 Y86.776 E269.18979
G1 Z14.240 X85.818 Y85.818 E269.23421
G1 Z14.242 X86.776 Y84.921 E269.27863
G1 Z14.245 X87.79 Y84.088 E269.32305
G1 Z14.247 X88.857 Y83.324 E269.36747
G1 Z14.249 X89.972 Y82.631 E269.41191
G1 Z14.251 X91.129 Y82.012 E269.45633
G1 Z14.253 X92.325 Y81.47 E269.50078
G1 Z14.255 X93.553 Y81.008 E269.54519
G1 Z14.257 X94.809 Y80.627 E269.58962
G1 Z14.259 X96.087 Y80.329 E269.63404
G1 Z14.261 X97.382 Y80.115 E269.67847
G1 Z14.263 X98.688 Y79.986 E269.72289
G1 Z14.265 X100 Y79.944 E269.76732
G1 Z14.267 X101.18 Y79.982 E269.80728
G1 Z14.270 X102.619 Y80.115 E269.8562
G1 Z14.272 X103.913 Y80.329 E269.9006
G1 Z14.274 X105.191 Y80.627 E269.94502
G1 Z14.276 X106.447 Y81.008 E269.98945
G1 Z14.278 X107.675 Y81.47 E270.03386
G1 Z14.280 X108.871 Y82.012 E270.07831
G1 Z14.282 X110.028 Y82.631 E270.12273
G1 Z14.284 X111.143 Y83.324 E270.16717
G1 Z14.286 X112.21 Y84.088 E270.21159
G1 Z14.288 X113.224 Y84.921 E270.25601
G1 Z14.290 X114.182 Y85.818 E270.30043
G1 Z14.292 X115.079 Y86.776 E270.34485
G1 Z14.295 X115.912 Y87.79 E270.38927
G1 Z14.297 X116.676 Y88.857 E270.43369
G1 Z14.299 X117.369 Y89.972 E270.47813
G1 Z14.301 X117.988 Y91.129 E270.52255
G1 Z14.303 X118.53 Y92.325 E270.567
G1 Z14.305 X118.992 Y93.553 E270.61141
G1 Z14.307 X119.373 Y94.809 E270.65584
G1 Z14.309 X119.671 Y96.087 E270.70026
G1 Z14.311 X119.885 Y97.382 E270.74469
G1 Z14.313 X120.014 Y98.688 E270.78911
G1 Z14.315 X120.052 Y99.868 E270.82907
G1 Z14.317 X120.013 Y101.312 E270.87797
G1 Z14.320 X119.885 Y102.618 E270.92239
G1 Z14.322 X119.671 Y103.913 E270.96682
G1 Z14.324 X119.373 Y105.191 E271.01124
G1 Z14.326 X118.992 Y106.447 E271.05567
G1 Z14.328 X118.53 Y107.675 E271.10008
G1 Z14.330 X117.988 Y108.871 E271.14453
G1 Z14.332 X117.369 Y110.028 E271.18895
G1 Z14.334 X116.676 Y111.143 E271.23339
G1 Z14.336 X115.912 Y112.21 E271.27781
G1 Z14.338 X115.079 Y113.224 E271.32223
G1 Z14.340 X114.182 Y114.182 E271.36665
G1 Z14.342 X113.224 Y115.079 E271.41107
G1 Z14.345 X112.21 Y115.912 E271.45549
G1 Z14.347 X111.143 Y116.676 E271.49991
G1 Z14.349 X110.028 Y117.369 E271.54435
G1 Z14.351 X108.871 Y117.988 E271.58877
G1 Z14.353 X107.675 Y118.53 E271.63322
G1 Z14.355 X106.447 Y118.992 E271.67763
G1 Z14.357 X105.191 Y119.373 E271.72206
G1 Z14.359 X103.913 Y119.671 E271.76648
G1 Z14.361 X102.618 Y119.885 E271.81091
G1 Z14.363 X101.312 Y120.014 E271.85533
G1 Z14.365 X100.132 Y120.052 E271.89529
G1 Z14.367 X98.688 Y120.013 E271.94419
G1 Z14.370 X97.382 Y119.885 E271.98861
G1 Z14.372 X96.087 Y119.671 E272.03304
G1 Z14.374 X94.809 Y119.373 E272.07746
G1 Z14.376 X93.553 Y118.992 E272.12189
G1 Z14.378 X92.325 Y118.53 E272.1663
G1 Z14.380 X91.129 Y117.988 E272.21075
G1 Z14.382 X89.972 Y117.369 E272.25517
G1 Z14.384 X88.857 Y116.676 E272.29961
G1 Z14.386 X87.79 Y115.912 E272.34403
G1 Z14.388 X86.776 Y115.079 E272.38845
G1 Z14.390 X85.818 Y114.182 E272.43287
G1 Z14.392 X84.921 Y113.224 E272.47729
G1 Z14.395 X84.088 Y112.21 E272.52171
G1 Z14.397 X83.324 Y111.143 E272.56613
G1 Z14.399 X82.631 Y110.028 E272.61057
G1 Z14.400 X82.25 Y109.316 E272.6379
;LAYER_CHANGE
;Z:14.6
;HEIGHT:0.200001
G1 Z14.400 F7800
G1 F1510
G1 Z14.401 X82.015 Y108.869 E272.65498
G1 Z14.403 X81.473 Y107.674 E272.6994
G1 Z14.405 X81.011 Y106.446 E272.74381
G1 Z14.406 X80.821 Y105.818 E272.76602
G1 Z14.407 X80.63 Y105.19 E272.78824
G1 Z14.409 X80.332 Y103.912 E272.83266
G1 Z14.411 X80.118 Y102.617 E272.87709
G1 Z14.413 X79.99 Y101.312 E272.92147
G1 Z14.415 X79.947 Y100 E272.9659
G1 Z14.417 X79.99 Y98.688 E273.01033
G1 Z14.420 X80.118 Y97.383 E273.05471
G1 Z14.422 X80.332 Y96.088 E273.09914
G1 Z14.424 X80.63 Y94.81 E273.14356
G1 Z14.426 X81.011 Y93.554 E273.18799
G1 Z14.428 X81.473 Y92.326 E273.2324
G1 Z14.430 X82.015 Y91.131 E273.27682
G1 Z14.432 X82.633 Y89.973 E273.32125
G1 Z14.434 X83.326 Y88.859 E273.36566
G1 Z14.436 X84.091 Y87.792 E273.4101
G1 Z14.438 X84.923 Y86.778 E273.4545
G1 Z14.440 X85.82 Y85.82 E273.49892
G1 Z14.442 X86.778 Y84.923 E273.54334
G1 Z14.445 X87.792 Y84.091 E273.58774
G1 Z14.447 X88.859 Y83.326 E273.63218
G1 Z14.449 X89.973 Y82.633 E273.67659
G1 Z14.451 X91.131 Y82.015 E273.72102
G1 Z14.453 X92.326 Y81.473 E273.76544
G1 Z14.455 X93.554 Y81.011 E273.80985
G1 Z14.456 X94.182 Y80.821 E273.83206
G1 Z14.457 X94.81 Y80.63 E273.85428
G1 Z14.459 X96.088 Y80.332 E273.8987
G1 Z14.461 X97.383 Y80.118 E273.94313
G1 Z14.463 X98.688 Y79.99 E273.98751
G1 Z14.465 X100 Y79.947 E274.03194
G1 Z14.466 X100.656 Y79.968 E274.05416
G1 Z14.467 X101.312 Y79.99 E274.07638
G1 Z14.470 X102.617 Y80.118 E274.12076
G1 Z14.472 X103.912 Y80.332 E274.16519
G1 Z14.474 X105.19 Y80.63 E274.20961
G1 Z14.476 X106.446 Y81.011 E274.25404
G1 Z14.478 X107.674 Y81.473 E274.29845
G1 Z14.480 X108.869 Y82.015 E274.34287
G1 Z14.482 X110.027 Y82.633 E274.3873
G1 Z14.484 X111.141 Y83.326 E274.43171
G1 Z14.486 X112.208 Y84.091 E274.47615
G1 Z14.487 X112.715 Y84.507 E274.49835
G1 Z14.488 X113.222 Y84.923 E274.52055
G1 Z14.490 X114.18 Y85.82 E274.56497
G1 Z14.492 X115.077 Y86.778 E274.60939
G1 Z14.495 X115.909 Y87.792 E274.65379
G1 Z14.497 X116.674 Y88.859 E274.69823
G1 Z14.499 X117.367 Y89.973 E274.74264
G1 Z14.501 X117.985 Y91.131 E274.78707
G1 Z14.503 X118.527 Y92.326 E274.83149
G1 Z14.505 X118.989 Y93.554 E274.8759
G1 Z14.506 X119.179 Y94.182 E274.89811
G1 Z14.507 X119.37 Y94.81 E274.92033
G1 Z14.509 X119.668 Y96.088 E274.96475
G1 Z14.511 X119.882 Y97.383 E275.00918
G1 Z14.513 X120.01 Y98.688 E275.05356
G1 Z14.515 X120.053 Y100 E275.09799
G1 Z14.517 X120.01 Y101.312 E275.14242
G1 Z14.520 X119.882 Y102.617 E275.1868
G1 Z14.522 X119.668 Y103.912 E275.23123
G1 Z14.524 X119.37 Y105.19 E275.27565
G1 Z14.526 X118.989 Y106.446 E275.32008
G1 Z14.528 X118.527 Y107.674 E275.36449
G1 Z14.530 X117.985 Y108.869 E275.40891
G1 Z14.532 X117.367 Y110.027 E275.45334
G1 Z14.534 X116.674 Y111.141 E275.49775
G1 Z14.536 X115.909 Y112.208 E275.54219
G1 Z14.537 X115.493 Y112.715 E275.56439
G1 Z14.538 X115.077 Y113.222 E275.58659
G1 Z14.540 X114.18 Y114.18 E275.63101
G1 Z14.542 X113.222 Y115.077 E275.67543
G1 Z14.545 X112.208 Y115.909 E275.71983
G1 Z14.547 X111.141 Y116.674 E275.76427
G1 Z14.549 X110.027 Y117.367 E275.80868
G1 Z14.551 X108.869 Y117.985 E275.85311
G1 Z14.553 X107.674 Y118.527 E275.89753
G1 Z14.555 X106.446 Y118.989 E275.94194
G1 Z14.556 X105.818 Y119.179 E275.96415
G1 Z14.557 X105.19 Y119.37 E275.98637
G1 Z14.559 X103.912 Y119.668 E276.03079
G1 Z14.561 X102.617 Y119.882 E276.07522
G1 Z14.563 X101.312 Y120.01 E276.1196
G1 Z14.565 X100 Y120.053 E276.16403
G1 Z14.567 X98.688 Y120.01 E276.20846
G1 Z14.570 X97.383 Y119.882 E276.25284
G1 Z14.572 X96.088 Y119.668 E276.29727
G1 Z14.574 X94.81 Y119.37 E276.34169
G1 Z14.576 X93.554 Y118.989 E276.38612
G1 Z14.578 X92.326 Y118.527 E276.43053
G1 Z14.580 X91.131 Y117.985 E276.47495
G1 Z14.582 X89.973 Y117.367 E276.51938
G1 Z14.584 X88.859 Y116.674 E276.56379
G1 Z14.586 X87.792 Y115.909 E276.60823
G1 Z14.587 X87.285 Y115.493 E276.63043
G1 Z14.588 X86.778 Y115.077 E276.65263
G1 Z14.590 X85.82 Y114.18 E276.69705
G1 Z14.592 X84.923 Y113.222 E276.74147
G1 Z14.595 X84.091 Y112.208 E276.78587
G1 Z14.597 X83.326 Y111.141 E276.83031
G1 Z14.599 X82.633 Y110.027 E276.87472
G1 Z14.600 X82.253 Y109.314 E276.90207
;LAYER_CHANGE
;Z:14.8
;HEIGHT:0.2
G1 Z14.600 F7800
G1 F1510
G1 Z14.601 X82.022 Y108.866 E276.91915
G1 Z14.603 X81.48 Y107.671 E276.96357
G1 Z14.605 X81.018 Y106.443 E277.00798
G1 Z14.607 X80.638 Y105.188 E277.05236
G1 Z14.609 X80.34 Y103.911 E277.09675
G1 Z14.611 X80.113 Y102.485 E277.14563
G1 Z14.613 X79.998 Y101.311 E277.18556
G1 Z14.615 X79.955 Y100 E277.22996
G1 Z14.617 X79.998 Y98.689 E277.27436
G1 Z14.620 X80.126 Y97.384 E277.31874
G1 Z14.622 X80.34 Y96.089 E277.36317
G1 Z14.624 X80.638 Y94.812 E277.40756
G1 Z14.626 X81.018 Y93.557 E277.45194
G1 Z14.628 X81.48 Y92.329 E277.49635
G1 Z14.630 X82.022 Y91.134 E277.54077
G1 Z14.632 X82.64 Y89.977 E277.58517
G1 Z14.634 X83.333 Y88.863 E277.62958
G1 Z14.636 X84.097 Y87.797 E277.67397
G1 Z14.638 X84.929 Y86.783 E277.71837
G1 Z14.640 X85.826 Y85.826 E277.76277
G1 Z14.642 X86.783 Y84.929 E277.80717
G1 Z14.645 X87.797 Y84.097 E277.85157
G1 Z14.647 X88.863 Y83.333 E277.89596
G1 Z14.649 X89.977 Y82.64 E277.94037
G1 Z14.651 X91.134 Y82.022 E277.98477
G1 Z14.653 X92.329 Y81.48 E278.02919
G1 Z14.655 X93.557 Y81.018 E278.0736
G1 Z14.657 X94.812 Y80.638 E278.11798
G1 Z14.659 X96.089 Y80.34 E278.16237
G1 Z14.661 X97.384 Y80.126 E278.2068
G1 Z14.663 X98.688 Y79.998 E278.25115
G1 Z14.666 X100.132 Y79.959 E278.30005
G1 Z14.667 X101.311 Y79.998 E278.33998
G1 Z14.670 X102.616 Y80.126 E278.38436
G1 Z14.672 X103.911 Y80.34 E278.42879
G1 Z14.674 X105.188 Y80.638 E278.47318
G1 Z14.676 X106.443 Y81.018 E278.51756
G1 Z14.678 X107.671 Y81.48 E278.56197
G1 Z14.680 X108.866 Y82.022 E278.60639
G1 Z14.682 X110.023 Y82.64 E278.65079
G1 Z14.684 X111.137 Y83.333 E278.6952
G1 Z14.686 X112.203 Y84.097 E278.73959
G1 Z14.688 X113.217 Y84.929 E278.78399
G1 Z14.690 X114.174 Y85.826 E278.82839
G1 Z14.692 X115.071 Y86.783 E278.87279
G1 Z14.695 X115.903 Y87.797 E278.91719
G1 Z14.697 X116.667 Y88.863 E278.96158
G1 Z14.699 X117.36 Y89.977 E279.00599
G1 Z14.701 X117.978 Y91.134 E279.05039
G1 Z14.703 X118.52 Y92.329 E279.09481
G1 Z14.705 X118.982 Y93.557 E279.13922
G1 Z14.707 X119.362 Y94.812 E279.1836
G1 Z14.709 X119.66 Y96.089 E279.22799
G1 Z14.711 X119.887 Y97.515 E279.27687
G1 Z14.713 X120.002 Y98.689 E279.3168
G1 Z14.715 X120.045 Y100 E279.3612
G1 Z14.717 X120.002 Y101.311 E279.4056
G1 Z14.720 X119.874 Y102.616 E279.44998
G1 Z14.722 X119.66 Y103.911 E279.49441
G1 Z14.724 X119.362 Y105.188 E279.5388
G1 Z14.726 X118.982 Y106.443 E279.58318
G1 Z14.728 X118.52 Y107.671 E279.62759
G1 Z14.730 X117.978 Y108.866 E279.67201
G1 Z14.732 X117.36 Y110.023 E279.71641
G1 Z14.734 X116.667 Y111.137 E279.76082
G1 Z14.736 X115.903 Y112.203 E279.80521
G1 Z14.738 X115.071 Y113.217 E279.84961
G1 Z14.740 X114.174 Y114.174 E279.89401
G1 Z14.742 X113.217 Y115.071 E279.93841
G1 Z14.745 X112.203 Y115.903 E279.98281
G1 Z14.747 X111.137 Y116.667 E280.0272
G1 Z14.749 X110.023 Y117.36 E280.07161
G1 Z14.751 X108.866 Y117.978 E280.11601
G1 Z14.753 X107.671 Y118.52 E280.16043
G1 Z14.755 X106.443 Y118.982 E280.20484
G1 Z14.757 X105.188 Y119.362 E280.24922
G1 Z14.759 X103.911 Y119.66 E280.29361
G1 Z14.761 X102.485 Y119.887 E280.34249
G1 Z14.763 X101.311 Y120.002 E280.38242
G1 Z14.765 X100 Y120.045 E280.42682
G1 Z14.767 X98.689 Y120.002 E280.47122
G1 Z14.770 X97.384 Y119.874 E280.5156
G1 Z14.772 X96.089 Y119.66 E280.56003
G1 Z14.774 X94.812 Y119.362 E280.60442
G1 Z14.776 X93.557 Y118.982 E280.6488
G1 Z14.778 X92.329 Y118.52 E280.69321
G1 Z14.780 X91.134 Y117.978 E280.73763
G1 Z14.782 X89.977 Y117.36 E280.78203
G1 Z14.784 X88.863 Y116.667 E280.82644
G1 Z14.786 X87.797 Y115.903 E280.87083
G1 Z14.788 X86.783 Y115.071 E280.91523
G1 Z14.790 X85.826 Y114.174 E280.95963
G1 Z14.792 X84.929 Y113.217 E281.00403
G1 Z14.795 X84.097 Y112.203 E281.04843
G1 Z14.797 X83.333 Y111.137 E281.09282
G1 Z14.799 X82.64 Y110.023 E281.13723
G1 Z14.800 X82.26 Y109.311 E281.16455
;LAYER_CHANGE
;Z:15
;HEIGHT:0.2
G1 Z14.800 F7800
G1 F1508
G1 Z14.801 X82.039 Y108.857 E281.18162
G1 Z14.803 X81.498 Y107.664 E281.22596
G1 Z14.805 X81.037 Y106.437 E281.27033
G1 Z14.807 X80.656 Y105.183 E281.31469
G1 Z14.809 X80.359 Y103.907 E281.35904
G1 Z14.811 X80.145 Y102.614 E281.4034
G1 Z14.813 X80.017 Y101.31 E281.44775
G1 Z14.815 X79.974 Y100 E281.49212
G1 Z14.817 X80.017 Y98.69 E281.53649
G1 Z14.820 X80.145 Y97.386 E281.58084
G1 Z14.821 X80.295 Y96.478 E281.61199
G1 Z14.822 X80.359 Y96.093 E281.6252
G1 Z14.824 X80.656 Y94.817 E281.66955
G1 Z14.826 X81.037 Y93.563 E281.71391
G1 Z14.827 X81.361 Y92.702 E281.74505
G1 Z14.828 X81.498 Y92.336 E281.75828
G1 Z14.830 X82.039 Y91.143 E281.80262
G1 Z14.832 X82.657 Y89.987 E281.84699
G1 Z14.834 X83.349 Y88.874 E281.89135
G1 Z14.836 X84.112 Y87.809 E281.9357
G1 Z14.838 X84.943 Y86.796 E281.98005
G1 Z14.840 X85.839 Y85.839 E282.02443
G1 Z14.842 X86.796 Y84.943 E282.06881
G1 Z14.845 X87.809 Y84.112 E282.11316
G1 Z14.846 X88.556 Y83.576 E282.14428
G1 Z14.847 X88.874 Y83.349 E282.15751
G1 Z14.849 X89.987 Y82.657 E282.20187
G1 Z14.851 X91.143 Y82.039 E282.24624
G1 Z14.853 X92.336 Y81.498 E282.29058
G1 Z14.855 X93.563 Y81.037 E282.33495
G1 Z14.857 X94.817 Y80.656 E282.37931
G1 Z14.859 X96.093 Y80.359 E282.42366
G1 Z14.861 X97.386 Y80.145 E282.46802
G1 Z14.863 X98.69 Y80.017 E282.51237
G1 Z14.865 X100 Y79.974 E282.55674
G1 Z14.867 X100.919 Y80.004 E282.58786
G1 Z14.867 X101.31 Y80.017 E282.6011
G1 Z14.870 X102.614 Y80.145 E282.64545
G1 Z14.872 X103.907 Y80.359 E282.68981
G1 Z14.874 X105.183 Y80.656 E282.73416
G1 Z14.876 X106.437 Y81.037 E282.77852
G1 Z14.877 X107.298 Y81.361 E282.80966
G1 Z14.878 X107.664 Y81.498 E282.82289
G1 Z14.880 X108.857 Y82.039 E282.86723
G1 Z14.882 X110.013 Y82.657 E282.9116
G1 Z14.884 X111.126 Y83.349 E282.95596
G1 Z14.886 X112.191 Y84.112 E283.00031
G1 Z14.888 X113.204 Y84.943 E283.04466
G1 Z14.890 X114.161 Y85.839 E283.08904
G1 Z14.892 X115.057 Y86.796 E283.13342
G1 Z14.895 X115.888 Y87.809 E283.17777
G1 Z14.896 X116.424 Y88.556 E283.20889
G1 Z14.897 X116.651 Y88.874 E283.22212
G1 Z14.899 X117.343 Y89.987 E283.26648
G1 Z14.901 X117.961 Y91.143 E283.31085
G1 Z14.903 X118.502 Y92.336 E283.35519
G1 Z14.905 X118.963 Y93.563 E283.39956
G1 Z14.907 X119.344 Y94.817 E283.44392
G1 Z14.909 X119.641 Y96.093 E283.48827
G1 Z14.911 X119.855 Y97.386 E283.53263
G1 Z14.913 X119.983 Y98.69 E283.57698
G1 Z14.915 X120.026 Y100 E283.62135
G1 Z14.917 X119.983 Y101.31 E283.66572
G1 Z14.920 X119.855 Y102.614 E283.71007
G1 Z14.921 X119.705 Y103.522 E283.74122
G1 Z14.922 X119.641 Y103.907 E283.75443
G1 Z14.924 X119.344 Y105.183 E283.79878
G1 Z14.926 X118.963 Y106.437 E283.84314
G1 Z14.927 X118.639 Y107.298 E283.87428
G1 Z14.928 X118.502 Y107.664 E283.88751
G1 Z14.930 X117.961 Y108.857 E283.93185
G1 Z14.932 X117.343 Y110.013 E283.97622
G1 Z14.934 X116.651 Y111.126 E284.02058
G1 Z14.936 X115.888 Y112.191 E284.06493
G1 Z14.938 X115.057 Y113.204 E284.10928
G1 Z14.940 X114.161 Y114.161 E284.15366
G1 Z14.942 X113.204 Y115.057 E284.19804
G1 Z14.945 X112.191 Y115.888 E284.24239
G1 Z14.946 X111.444 Y116.424 E284.27351
G1 Z14.947 X111.126 Y116.651 E284.28674
G1 Z14.949 X110.013 Y117.343 E284.3311
G1 Z14.951 X108.857 Y117.961 E284.37547
G1 Z14.953 X107.664 Y118.502 E284.41981
G1 Z14.955 X106.437 Y118.963 E284.46418
G1 Z14.957 X105.183 Y119.344 E284.50854
G1 Z14.959 X103.907 Y119.641 E284.55289
G1 Z14.961 X102.614 Y119.855 E284.59725
G1 Z14.963 X101.31 Y119.983 E284.6416
G1 Z14.965 X100 Y120.026 E284.68597
G1 Z14.967 X98.69 Y119.983 E284.73034
G1 Z14.970 X97.386 Y119.855 E284.77469
G1 Z14.971 X96.478 Y119.705 E284.80584
G1 Z14.972 X96.093 Y119.641 E284.81905
G1 Z14.974 X94.817 Y119.344 E284.8634
G1 Z14.976 X93.563 Y118.963 E284.90776
G1 Z14.977 X92.702 Y118.639 E284.9389
G1 Z14.978 X92.336 Y118.502 E284.95213
G1 Z14.980 X91.143 Y117.961 E284.99647
G1 Z14.982 X89.987 Y117.343 E285.04084
G1 Z14.984 X88.874 Y116.651 E285.0852
G1 Z14.986 X87.809 Y115.888 E285.12955
G1 Z14.988 X86.796 Y115.057 E285.1739
G1 Z14.990 X85.839 Y114.161 E285.21828
G1 Z14.992 X84.943 Y113.204 E285.26266
G1 Z14.995 X84.112 Y112.191 E285.30701
G1 Z14.996 X83.576 Y111.444 E285.33813
G1 Z14.997 X83.349 Y111.126 E285.35136
G1 Z14.999 X82.657 Y110.013 E285.39572
G1 Z15.000 X82.276 Y109.302 E285.42302
;LAYER_CHANGE
;Z:15.2
;HEIGHT:0.2
G1 Z15.000 F7800
G1 F1506
G1 Z15.001 X82.063 Y108.846 E285.44003
G1 Z15.003 X81.522 Y107.654 E285.48434
G1 Z15.005 X81.061 Y106.429 E285.52864
G1 Z15.007 X80.681 Y105.176 E285.57296
G1 Z15.009 X80.384 Y103.902 E285.61724
G1 Z15.011 X80.171 Y102.611 E285.66153
G1 Z15.013 X80.043 Y101.308 E285.70585
G1 Z15.015 X80 Y100 E285.75015
G1 Z15.017 X80.043 Y98.692 E285.79445
G1 Z15.020 X80.171 Y97.389 E285.83877
G1 Z15.022 X80.384 Y96.098 E285.88306
G1 Z15.024 X80.681 Y94.824 E285.92734
G1 Z15.026 X81.061 Y93.571 E285.97166
G1 Z15.028 X81.522 Y92.346 E286.01596
G1 Z15.030 X82.063 Y91.154 E286.06027
G1 Z15.032 X82.679 Y90 E286.10455
G1 Z15.034 X83.371 Y88.889 E286.14885
G1 Z15.036 X84.133 Y87.825 E286.19315
G1 Z15.038 X84.963 Y86.813 E286.23745
G1 Z15.040 X85.858 Y85.858 E286.28175
G1 Z15.042 X86.813 Y84.963 E286.32605
G1 Z15.045 X87.825 Y84.133 E286.37035
G1 Z15.047 X88.889 Y83.371 E286.41465
G1 Z15.049 X90 Y82.679 E286.45895
G1 Z15.051 X91.154 Y82.063 E286.50323
G1 Z15.053 X92.346 Y81.522 E286.54754
G1 Z15.055 X93.571 Y81.061 E286.59184
G1 Z15.057 X94.824 Y80.681 E286.63616
G1 Z15.059 X96.098 Y80.384 E286.68044
G1 Z15.061 X97.389 Y80.171 E286.72473
G1 Z15.063 X98.692 Y80.043 E286.76905
G1 Z15.065 X100 Y80 E286.81335
G1 Z15.066 X100.389 Y80.013 E286.82652
G1 Z15.067 X101.308 Y80.043 E286.85764
G1 Z15.070 X102.611 Y80.171 E286.90196
G1 Z15.072 X103.902 Y80.384 E286.94625
G1 Z15.074 X105.176 Y80.681 E286.99053
G1 Z15.076 X106.429 Y81.061 E287.03485
G1 Z15.078 X107.654 Y81.522 E287.07915
G1 Z15.080 X108.846 Y82.063 E287.12346
G1 Z15.082 X110 Y82.679 E287.16774
G1 Z15.084 X111.111 Y83.371 E287.21204
G1 Z15.086 X112.175 Y84.133 E287.25634
G1 Z15.088 X113.187 Y84.963 E287.30064
G1 Z15.090 X114.142 Y85.858 E287.34494
G1 Z15.092 X115.037 Y86.813 E287.38924
G1 Z15.095 X115.867 Y87.825 E287.43354
G1 Z15.097 X116.629 Y88.889 E287.47784
G1 Z15.099 X117.321 Y90 E287.52214
G1 Z15.101 X117.937 Y91.154 E287.56642
G1 Z15.103 X118.478 Y92.346 E287.61073
G1 Z15.105 X118.939 Y93.571 E287.65503
G1 Z15.107 X119.319 Y94.824 E287.69935
G1 Z15.109 X119.616 Y96.098 E287.74363
G1 Z15.111 X119.829 Y97.389 E287.78792
G1 Z15.113 X119.957 Y98.692 E287.83224
G1 Z15.115 X120 Y100 E287.87654
G1 Z15.117 X119.957 Y101.308 E287.92084
G1 Z15.120 X119.829 Y102.611 E287.96516
G1 Z15.122 X119.616 Y103.902 E288.00945
G1 Z15.124 X119.319 Y105.176 E288.05373
G1 Z15.126 X118.939 Y106.429 E288.09805
G1 Z15.128 X118.478 Y107.654 E288.14235
G1 Z15.130 X117.937 Y108.846 E288.18666
G1 Z15.132 X117.321 Y110 E288.23094
G1 Z15.134 X116.629 Y111.111 E288.27524
G1 Z15.136 X115.867 Y112.175 E288.31954
G1 Z15.138 X115.037 Y113.187 E288.36384
G1 Z15.140 X114.142 Y114.142 E288.40814
G1 Z15.142 X113.187 Y115.037 E288.45244
G1 Z15.145 X112.175 Y115.867 E288.49674
G1 Z15.147 X111.111 Y116.629 E288.54104
G1 Z15.149 X110 Y117.321 E288.58534
G1 Z15.151 X108.846 Y117.937 E288.62962
G1 Z15.153 X107.654 Y118.478 E288.67393
G1 Z15.155 X106.429 Y118.939 E288.71823
G1 Z15.157 X105.176 Y119.319 E288.76255
G1 Z15.159 X103.902 Y119.616 E288.80683
G1 Z15.161 X102.611 Y119.829 E288.85112
G1 Z15.163 X101.308 Y119.957 E288.89544
G1 Z15.165 X100 Y120 E288.93974
G1 Z15.167 X98.692 Y119.957 E288.98404
G1 Z15.170 X97.389 Y119.829 E289.02836
G1 Z15.172 X96.098 Y119.616 E289.07265
G1 Z15.174 X94.824 Y119.319 E289.11693
G1 Z15.176 X93.571 Y118.939 E289.16125
G1 Z15.178 X92.346 Y118.478 E289.20555
G1 Z15.180 X91.154 Y117.937 E289.24986
G1 Z15.182 X90 Y117.321 E289.29414
G1 Z15.184 X88.889 Y116.629 E289.33844
G1 Z15.186 X87.825 Y115.867 E289.38274
G1 Z15.188 X86.813 Y115.037 E289.42704
G1 Z15.190 X85.858 Y114.142 E289.47134
G1 Z15.192 X84.963 Y113.187 E289.51564
G1 Z15.195 X84.133 Y112.175 E289.55994
G1 Z15.197 X83.371 Y111.111 E289.60424
G1 Z15.199 X82.679 Y110 E289.64854
G1 Z15.200 X82.3 Y109.289 E289.67581
;LAYER_CHANGE
;Z:15.4
;HEIGHT:0.2
G1 Z15.200 F7800
G1 F1504
G1 Z15.201 X82.092 Y108.831 E289.69282
G1 Z15.203 X81.553 Y107.641 E289.73704
G1 Z15.205 X81.093 Y106.418 E289.78127
G1 Z15.207 X80.714 Y105.168 E289.82548
G1 Z15.209 X80.417 Y103.895 E289.86973
G1 Z15.211 X80.204 Y102.606 E289.91395
G1 Z15.213 X80.076 Y101.306 E289.95817
G1 Z15.215 X80.038 Y100.132 E289.99793
G1 Z15.217 X80.076 Y98.693 E290.04666
G1 Z15.220 X80.204 Y97.394 E290.09084
G1 Z15.222 X80.417 Y96.105 E290.13506
G1 Z15.224 X80.714 Y94.832 E290.17931
G1 Z15.226 X81.093 Y93.582 E290.22352
G1 Z15.228 X81.507 Y92.482 E290.2633
G1 Z15.230 X82.093 Y91.168 E290.312
G1 Z15.232 X82.708 Y90.017 E290.35617
G1 Z15.234 X83.398 Y88.907 E290.40041
G1 Z15.236 X84.159 Y87.845 E290.44463
G1 Z15.238 X84.988 Y86.835 E290.48886
G1 Z15.240 X85.881 Y85.881 E290.53309
G1 Z15.242 X86.835 Y84.988 E290.57732
G1 Z15.245 X87.845 Y84.159 E290.62155
G1 Z15.247 X88.907 Y83.398 E290.66577
G1 Z15.249 X90.017 Y82.708 E290.71001
G1 Z15.251 X91.169 Y82.092 E290.75423
G1 Z15.253 X92.359 Y81.553 E290.79845
G1 Z15.255 X93.582 Y81.093 E290.84268
G1 Z15.257 X94.832 Y80.714 E290.88689
G1 Z15.259 X96.105 Y80.417 E290.93114
G1 Z15.261 X97.394 Y80.204 E290.97536
G1 Z15.263 X98.694 Y80.076 E291.01958
G1 Z15.265 X100 Y80.033 E291.06381
G1 Z15.267 X101.174 Y80.072 E291.10357
G1 Z15.270 X102.607 Y80.204 E291.15228
G1 Z15.272 X103.895 Y80.417 E291.19647
G1 Z15.274 X105.168 Y80.714 E291.24072
G1 Z15.276 X106.418 Y81.093 E291.28493
G1 Z15.278 X107.518 Y81.507 E291.32471
G1 Z15.280 X108.832 Y82.093 E291.37341
G1 Z15.282 X109.983 Y82.708 E291.41758
G1 Z15.284 X111.093 Y83.398 E291.46182
G1 Z15.286 X112.155 Y84.159 E291.50604
G1 Z15.288 X113.165 Y84.988 E291.55027
G1 Z15.290 X114.119 Y85.881 E291.5945
G1 Z15.292 X115.012 Y86.835 E291.63873
G1 Z15.295 X115.841 Y87.845 E291.68296
G1 Z15.297 X116.602 Y88.907 E291.72718
G1 Z15.299 X117.292 Y90.017 E291.77142
G1 Z15.301 X117.908 Y91.169 E291.81564
G1 Z15.303 X118.447 Y92.359 E291.85986
G1 Z15.305 X118.907 Y93.582 E291.90409
G1 Z15.307 X119.286 Y94.832 E291.9483
G1 Z15.309 X119.583 Y96.105 E291.99255
G1 Z15.311 X119.796 Y97.394 E292.03677
G1 Z15.313 X119.924 Y98.694 E292.08099
G1 Z15.315 X119.962 Y99.868 E292.12075
G1 Z15.317 X119.924 Y101.307 E292.16948
G1 Z15.320 X119.796 Y102.606 E292.21366
G1 Z15.322 X119.583 Y103.895 E292.25788
G1 Z15.324 X119.286 Y105.168 E292.30213
G1 Z15.326 X118.907 Y106.418 E292.34634
G1 Z15.328 X118.493 Y107.518 E292.38612
G1 Z15.330 X117.907 Y108.832 E292.43482
G1 Z15.332 X117.292 Y109.983 E292.47899
G1 Z15.334 X116.602 Y111.093 E292.52323
G1 Z15.336 X115.841 Y112.155 E292.56745
G1 Z15.338 X115.012 Y113.165 E292.61168
G1 Z15.340 X114.119 Y114.119 E292.65591
G1 Z15.342 X113.165 Y115.012 E292.70014
G1 Z15.345 X112.155 Y115.841 E292.74437
G1 Z15.347 X111.093 Y116.602 E292.78859
G1 Z15.349 X109.983 Y117.292 E292.83283
G1 Z15.351 X108.831 Y117.908 E292.87705
G1 Z15.353 X107.641 Y118.447 E292.92127
G1 Z15.355 X106.418 Y118.907 E292.9655
G1 Z15.357 X105.168 Y119.286 E293.00971
G1 Z15.359 X103.895 Y119.583 E293.05396
G1 Z15.361 X102.606 Y119.796 E293.09818
G1 Z15.363 X101.306 Y119.924 E293.1424
G1 Z15.365 X100.132 Y119.962 E293.18216
G1 Z15.367 X98.693 Y119.924 E293.23089
G1 Z15.370 X97.394 Y119.796 E293.27507
G1 Z15.372 X96.105 Y119.583 E293.31929
G1 Z15.374 X94.832 Y119.286 E293.36354
G1 Z15.376 X93.582 Y118.907 E293.40775
G1 Z15.378 X92.482 Y118.493 E293.44753
G1 Z15.380 X91.168 Y117.907 E293.49623
G1 Z15.382 X90.017 Y117.292 E293.5404
G1 Z15.384 X88.907 Y116.602 E293.58464
G1 Z15.386 X87.845 Y115.841 E293.62886
G1 Z15.388 X86.835 Y115.012 E293.67309
G1 Z15.390 X85.881 Y114.119 E293.71732
G1 Z15.392 X84.988 Y113.165 E293.76155
G1 Z15.395 X84.159 Y112.155 E293.80578
G1 Z15.397 X83.398 Y111.093 E293.85
G1 Z15.399 X82.708 Y109.983 E293.89424
G1 Z15.400 X82.329 Y109.274 E293.92145
;LAYER_CHANGE
;Z:15.6
;HEIGHT:0.200001
G1 Z15.400 F7800
G1 F1500
G1 Z15.401 X82.133 Y108.811 E293.93838
G1 Z15.403 X81.595 Y107.623 E293.98252
G1 Z15.405 X81.136 Y106.403 E294.02664
G1 Z15.407 X80.758 Y105.156 E294.07075
G1 Z15.409 X80.462 Y103.886 E294.11489
G1 Z15.411 X80.249 Y102.6 E294.15901
G1 Z15.413 X80.122 Y101.303 E294.20312
G1 Z15.415 X80.079 Y100 E294.24725
G1 Z15.417 X80.122 Y98.697 E294.29138
G1 Z15.420 X80.249 Y97.4 E294.33549
G1 Z15.422 X80.462 Y96.114 E294.37961
G1 Z15.424 X80.758 Y94.844 E294.42375
G1 Z15.426 X81.136 Y93.597 E294.46786
G1 Z15.428 X81.595 Y92.377 E294.51198
G1 Z15.430 X82.133 Y91.189 E294.55612
G1 Z15.432 X82.748 Y90.04 E294.60023
G1 Z15.434 X83.436 Y88.933 E294.64435
G1 Z15.436 X84.196 Y87.873 E294.6885
G1 Z15.437 X84.608 Y87.37 E294.71051
G1 Z15.438 X85.023 Y86.865 E294.73264
G1 Z15.440 X85.914 Y85.914 E294.77675
G1 Z15.442 X86.865 Y85.023 E294.82086
G1 Z15.445 X87.873 Y84.196 E294.86499
G1 Z15.447 X88.933 Y83.436 E294.90914
G1 Z15.449 X90.04 Y82.748 E294.95326
G1 Z15.451 X91.189 Y82.133 E294.99737
G1 Z15.453 X92.377 Y81.595 E295.04151
G1 Z15.455 X93.597 Y81.136 E295.08563
G1 Z15.457 X94.844 Y80.758 E295.12974
G1 Z15.459 X96.114 Y80.462 E295.17388
G1 Z15.461 X97.4 Y80.249 E295.218
G1 Z15.463 X98.697 Y80.122 E295.26211
G1 Z15.465 X100 Y80.079 E295.30624
G1 Z15.466 X100.65 Y80.1 E295.32825
G1 Z15.467 X101.303 Y80.122 E295.35037
G1 Z15.470 X102.6 Y80.249 E295.39448
G1 Z15.472 X103.886 Y80.462 E295.4386
G1 Z15.474 X105.156 Y80.758 E295.48274
G1 Z15.476 X106.403 Y81.136 E295.52685
G1 Z15.478 X107.623 Y81.595 E295.57097
G1 Z15.480 X108.811 Y82.133 E295.61511
G1 Z15.482 X109.96 Y82.748 E295.65922
G1 Z15.484 X111.067 Y83.436 E295.70334
G1 Z15.486 X112.127 Y84.196 E295.74749
G1 Z15.488 X113.135 Y85.023 E295.79162
G1 Z15.490 X114.086 Y85.914 E295.83573
G1 Z15.492 X114.977 Y86.865 E295.87984
G1 Z15.495 X115.804 Y87.873 E295.92397
G1 Z15.497 X116.564 Y88.933 E295.96812
G1 Z15.499 X117.252 Y90.04 E296.01224
G1 Z15.501 X117.867 Y91.189 E296.05635
G1 Z15.503 X118.405 Y92.377 E296.10049
G1 Z15.505 X118.864 Y93.597 E296.14461
G1 Z15.507 X119.242 Y94.844 E296.18872
G1 Z15.509 X119.538 Y96.114 E296.23286
G1 Z15.511 X119.751 Y97.4 E296.27698
G1 Z15.513 X119.878 Y98.697 E296.32109
G1 Z15.515 X119.921 Y100 E296.36522
G1 Z15.517 X119.878 Y101.303 E296.40935
G1 Z15.520 X119.751 Y102.6 E296.45346
G1 Z15.522 X119.538 Y103.886 E296.49758
G1 Z15.524 X119.242 Y105.156 E296.54172
G1 Z15.526 X118.864 Y106.403 E296.58583
G1 Z15.528 X118.405 Y107.623 E296.62995
G1 Z15.530 X117.867 Y108.811 E296.67409
G1 Z15.532 X117.252 Y109.96 E296.7182
G1 Z15.534 X116.564 Y111.067 E296.76232
G1 Z15.536 X115.804 Y112.127 E296.80647
G1 Z15.538 X114.977 Y113.135 E296.8506
G1 Z15.540 X114.086 Y114.086 E296.89471
G1 Z15.542 X113.135 Y114.977 E296.93882
G1 Z15.545 X112.127 Y115.804 E296.98295
G1 Z15.547 X111.067 Y116.564 E297.0271
G1 Z15.549 X109.96 Y117.252 E297.07122
G1 Z15.551 X108.811 Y117.867 E297.11533
G1 Z15.553 X107.623 Y118.405 E297.15947
G1 Z15.555 X106.403 Y118.864 E297.20359
G1 Z15.557 X105.156 Y119.242 E297.2477
G1 Z15.559 X103.886 Y119.538 E297.29184
G1 Z15.561 X102.6 Y119.751 E297.33596
G1 Z15.563 X101.303 Y119.878 E297.38007
G1 Z15.565 X100 Y119.921 E297.4242
G1 Z15.567 X98.697 Y119.878 E297.46833
G1 Z15.570 X97.4 Y119.751 E297.51244
G1 Z15.572 X96.114 Y119.538 E297.55656
G1 Z15.574 X94.844 Y119.242 E297.6007
G1 Z15.576 X93.597 Y118.864 E297.64481
G1 Z15.578 X92.377 Y118.405 E297.68893
G1 Z15.580 X91.189 Y117.867 E297.73307
G1 Z15.582 X90.04 Y117.252 E297.77718
G1 Z15.584 X88.933 Y116.564 E297.8213
G1 Z15.586 X87.873 Y115.804 E297.86545
G1 Z15.587 X87.37 Y115.392 E297.88746
G1 Z15.588 X86.865 Y114.977 E297.90959
G1 Z15.590 X85.914 Y114.086 E297.9537
G1 Z15.592 X85.023 Y113.135 E297.99781
G1 Z15.595 X84.196 Y112.127 E298.04194
G1 Z15.597 X83.436 Y111.067 E298.08609
G1 Z15.599 X82.748 Y109.96 E298.13021
G1 Z15.600 X82.369 Y109.252 E298.15739
;LAYER_CHANGE
;Z:15.8
;HEIGHT:0.2
G1 Z15.600 F7800
G1 F1496
G1 Z15.601 X82.179 Y108.788 E298.17427
G1 Z15.603 X81.642 Y107.604 E298.21828
G1 Z15.605 X81.184 Y106.387 E298.26229
G1 Z15.607 X80.807 Y105.143 E298.30629
G1 Z15.609 X80.512 Y103.876 E298.35032
G1 Z15.611 X80.3 Y102.594 E298.3943
G1 Z15.613 X80.172 Y101.3 E298.43831
G1 Z15.615 X80.13 Y100.001 E298.4823
G1 Z15.618 X80.185 Y98.571 E298.53074
G1 Z15.620 X80.3 Y97.406 E298.57037
G1 Z15.622 X80.512 Y96.124 E298.61435
G1 Z15.624 X80.807 Y94.857 E298.65838
G1 Z15.626 X81.184 Y93.613 E298.70238
G1 Z15.628 X81.642 Y92.396 E298.74639
G1 Z15.630 X82.179 Y91.212 E298.7904
G1 Z15.632 X82.792 Y90.065 E298.83442
G1 Z15.634 X83.478 Y88.961 E298.87842
G1 Z15.636 X84.319 Y87.803 E298.92686
G1 Z15.638 X85.061 Y86.899 E298.96645
G1 Z15.640 X85.95 Y85.95 E299.01047
G1 Z15.642 X86.899 Y85.061 E299.05449
G1 Z15.645 X87.904 Y84.236 E299.0985
G1 Z15.647 X88.961 Y83.479 E299.14251
G1 Z15.649 X90.065 Y82.792 E299.18652
G1 Z15.651 X91.212 Y82.179 E299.23054
G1 Z15.653 X92.396 Y81.642 E299.27455
G1 Z15.655 X93.613 Y81.184 E299.31856
G1 Z15.657 X94.857 Y80.807 E299.36256
G1 Z15.659 X96.124 Y80.512 E299.40659
G1 Z15.661 X97.406 Y80.3 E299.45057
G1 Z15.663 X98.7 Y80.172 E299.49458
G1 Z15.666 X100.13 Y80.134 E299.543
G1 Z15.667 X101.3 Y80.172 E299.58262
G1 Z15.670 X102.594 Y80.3 E299.62663
G1 Z15.672 X103.876 Y80.512 E299.67061
G1 Z15.674 X105.143 Y80.807 E299.71464
G1 Z15.676 X106.387 Y81.184 E299.75864
G1 Z15.678 X107.604 Y81.642 E299.80265
G1 Z15.680 X108.788 Y82.179 E299.84666
G1 Z15.682 X109.935 Y82.792 E299.89068
G1 Z15.684 X111.039 Y83.478 E299.93468
G1 Z15.686 X112.197 Y84.319 E299.98312
G1 Z15.688 X113.101 Y85.061 E300.02271
G1 Z15.690 X114.05 Y85.95 E300.06673
G1 Z15.692 X114.939 Y86.899 E300.11075
G1 Z15.695 X115.764 Y87.904 E300.15476
G1 Z15.697 X116.521 Y88.961 E300.19877
G1 Z15.699 X117.208 Y90.065 E300.24278
G1 Z15.701 X117.821 Y91.212 E300.2868
G1 Z15.703 X118.358 Y92.396 E300.33081
G1 Z15.705 X118.816 Y93.613 E300.37482
G1 Z15.707 X119.193 Y94.857 E300.41882
G1 Z15.709 X119.488 Y96.124 E300.46285
G1 Z15.711 X119.7 Y97.406 E300.50683
G1 Z15.713 X119.828 Y98.7 E300.55084
G1 Z15.715 X119.87 Y99.999 E300.59483
G1 Z15.718 X119.815 Y101.429 E300.64327
G1 Z15.720 X119.7 Y102.594 E300.6829
G1 Z15.722 X119.488 Y103.876 E300.72688
G1 Z15.724 X119.193 Y105.143 E300.77091
G1 Z15.726 X118.816 Y106.387 E300.81491
G1 Z15.728 X118.358 Y107.604 E300.85892
G1 Z15.730 X117.821 Y108.788 E300.90293
G1 Z15.732 X117.208 Y109.935 E300.94695
G1 Z15.734 X116.522 Y111.039 E300.99095
G1 Z15.736 X115.681 Y112.197 E301.03939
G1 Z15.738 X114.939 Y113.101 E301.07898
G1 Z15.740 X114.05 Y114.05 E301.123
G1 Z15.742 X113.101 Y114.939 E301.16702
G1 Z15.745 X112.096 Y115.764 E301.21103
G1 Z15.747 X111.039 Y116.521 E301.25504
G1 Z15.749 X109.935 Y117.208 E301.29905
G1 Z15.751 X108.788 Y117.821 E301.34307
G1 Z15.753 X107.604 Y118.358 E301.38708
G1 Z15.755 X106.387 Y118.816 E301.43109
G1 Z15.757 X105.143 Y119.193 E301.47509
G1 Z15.759 X103.876 Y119.488 E301.51912
G1 Z15.761 X102.594 Y119.7 E301.5631
G1 Z15.763 X101.3 Y119.828 E301.60711
G1 Z15.765 X100.001 Y119.87 E301.6511
G1 Z15.768 X98.571 Y119.815 E301.69954
G1 Z15.770 X97.406 Y119.7 E301.73917
G1 Z15.772 X96.124 Y119.488 E301.78315
G1 Z15.774 X94.857 Y119.193 E301.82718
G1 Z15.776 X93.613 Y118.816 E301.87118
G1 Z15.778 X92.396 Y118.358 E301.91519
G1 Z15.780 X91.212 Y117.821 E301.9592
G1 Z15.782 X90.065 Y117.208 E302.00322
G1 Z15.784 X88.961 Y116.522 E302.04722
G1 Z15.786 X87.803 Y115.681 E302.09566
G1 Z15.788 X86.899 Y114.939 E302.13525
G1 Z15.790 X85.95 Y114.05 E302.17927
G1 Z15.792 X85.061 Y113.101 E302.22329
G1 Z15.795 X84.236 Y112.096 E302.2673
G1 Z15.797 X83.479 Y111.039 E302.31131
G1 Z15.799 X82.792 Y109.935 E302.35532
G1 Z15.800 X82.414 Y109.228 E302.38246
;LAYER_CHANGE
;Z:16
;HEIGHT:0.2
G1 Z15.800 F7800
G1 F1492
G1 Z15.801 X82.236 Y108.76 E302.39927
G1 Z15.803 X81.701 Y107.58 E302.44313
G1 Z15.805 X81.244 Y106.367 E302.48701
G1 Z15.807 X80.868 Y105.126 E302.5309
G1 Z15.809 X80.574 Y103.864 E302.57476
G1 Z15.811 X80.363 Y102.585 E302.61864
G1 Z15.813 X80.236 Y101.295 E302.66252
G1 Z15.815 X80.206 Y100.387 E302.69327
G1 Z15.815 X80.193 Y100 E302.70638
G1 Z15.817 X80.236 Y98.705 E302.75024
G1 Z15.820 X80.363 Y97.415 E302.79412
G1 Z15.822 X80.574 Y96.136 E302.838
G1 Z15.824 X80.868 Y94.874 E302.88186
G1 Z15.826 X81.244 Y93.633 E302.92575
G1 Z15.828 X81.701 Y92.42 E302.96963
G1 Z15.830 X82.236 Y91.24 E303.01349
G1 Z15.832 X82.847 Y90.097 E303.05736
G1 Z15.834 X83.531 Y88.996 E303.10123
G1 Z15.836 X84.286 Y87.942 E303.14512
G1 Z15.838 X85.109 Y86.941 E303.18898
G1 Z15.840 X85.995 Y85.995 E303.23285
G1 Z15.842 X86.941 Y85.109 E303.27672
G1 Z15.845 X87.942 Y84.286 E303.32058
G1 Z15.847 X88.996 Y83.531 E303.36447
G1 Z15.849 X90.097 Y82.847 E303.40834
G1 Z15.851 X91.24 Y82.236 E303.45221
G1 Z15.853 X92.42 Y81.701 E303.49607
G1 Z15.855 X93.633 Y81.244 E303.53995
G1 Z15.857 X94.874 Y80.868 E303.58384
G1 Z15.859 X96.136 Y80.574 E303.6277
G1 Z15.861 X97.415 Y80.363 E303.67158
G1 Z15.863 X98.705 Y80.236 E303.71546
G1 Z15.865 X100 Y80.193 E303.75932
G1 Z15.867 X100.908 Y80.223 E303.79007
G1 Z15.867 X101.295 Y80.236 E303.80318
G1 Z15.870 X102.585 Y80.363 E303.84706
G1 Z15.872 X103.864 Y80.574 E303.89094
G1 Z15.874 X105.126 Y80.868 E303.9348
G1 Z15.876 X106.367 Y81.244 E303.97869
G1 Z15.878 X107.58 Y81.701 E304.02257
G1 Z15.880 X108.76 Y82.236 E304.06643
G1 Z15.882 X109.903 Y82.847 E304.1103
G1 Z15.884 X111.004 Y83.531 E304.15417
G1 Z15.886 X112.058 Y84.286 E304.19806
G1 Z15.888 X113.059 Y85.109 E304.24192
G1 Z15.890 X114.005 Y85.995 E304.28579
G1 Z15.892 X114.891 Y86.941 E304.32966
G1 Z15.895 X115.714 Y87.942 E304.37352
G1 Z15.897 X116.469 Y88.996 E304.41741
G1 Z15.899 X117.153 Y90.097 E304.46128
G1 Z15.901 X117.764 Y91.24 E304.50515
G1 Z15.903 X118.299 Y92.42 E304.54901
G1 Z15.905 X118.756 Y93.633 E304.59289
G1 Z15.907 X119.132 Y94.874 E304.63678
G1 Z15.909 X119.426 Y96.136 E304.68064
G1 Z15.911 X119.637 Y97.415 E304.72452
G1 Z15.913 X119.764 Y98.705 E304.7684
G1 Z15.915 X119.794 Y99.613 E304.79915
G1 Z15.915 X119.807 Y100 E304.81226
G1 Z15.917 X119.764 Y101.295 E304.85612
G1 Z15.920 X119.637 Y102.585 E304.9
G1 Z15.922 X119.426 Y103.864 E304.94388
G1 Z15.924 X119.132 Y105.126 E304.98774
G1 Z15.926 X118.756 Y106.367 E305.03163
G1 Z15.928 X118.299 Y107.58 E305.07551
G1 Z15.930 X117.764 Y108.76 E305.11937
G1 Z15.932 X117.153 Y109.903 E305.16324
G1 Z15.934 X116.469 Y111.004 E305.20711
G1 Z15.936 X115.714 Y112.058 E305.251
G1 Z15.938 X114.891 Y113.059 E305.29486
G1 Z15.940 X114.005 Y114.005 E305.33873
G1 Z15.942 X113.059 Y114.891 E305.3826
G1 Z15.945 X112.058 Y115.714 E305.42646
G1 Z15.947 X111.004 Y116.469 E305.47035
G1 Z15.949 X109.903 Y117.153 E305.51422
G1 Z15.951 X108.76 Y117.764 E305.55809
G1 Z15.953 X107.58 Y118.299 E305.60195
G1 Z15.955 X106.367 Y118.756 E305.64583
G1 Z15.957 X105.126 Y119.132 E305.68972
G1 Z15.959 X103.864 Y119.426 E305.73358
G1 Z15.961 X102.585 Y119.637 E305.77746
G1 Z15.963 X101.295 Y119.764 E305.82134
G1 Z15.965 X100.387 Y119.794 E305.85209
G1 Z15.965 X100 Y119.807 E305.8652
G1 Z15.967 X98.705 Y119.764 E305.90906
G1 Z15.970 X97.415 Y119.637 E305.95294
G1 Z15.972 X96.136 Y119.426 E305.99682
G1 Z15.974 X94.874 Y119.132 E306.04068
G1 Z15.976 X93.633 Y118.756 E306.08457
G1 Z15.978 X92.42 Y118.299 E306.12845
G1 Z15.980 X91.24 Y117.764 E306.17231
G1 Z15.982 X90.097 Y117.153 E306.21618
G1 Z15.984 X88.996 Y116.469 E306.26005
G1 Z15.986 X87.942 Y115.714 E306.30394
G1 Z15.988 X86.941 Y114.891 E306.3478
G1 Z15.990 X85.995 Y114.005 E306.39167
G1 Z15.992 X85.109 Y113.059 E306.43554
G1 Z15.995 X84.286 Y112.058 E306.4794
G1 Z15.997 X83.531 Y111.004 E306.52329
G1 Z15.999 X82.847 Y109.903 E306.56716
G1 Z16.000 X82.47 Y109.198 E306.59422
;LAYER_CHANGE
;Z:16.2
;HEIGHT:0.200001
G1 Z16.000 F7800
G1 F1487
G1 Z16.001 X82.289 Y108.734 E306.61097
G1 Z16.003 X81.756 Y107.557 E306.6547
G1 Z16.005 X81.301 Y106.347 E306.69846
G1 Z16.007 X80.926 Y105.111 E306.74218
G1 Z16.009 X80.632 Y103.852 E306.78594
G1 Z16.011 X80.422 Y102.578 E306.82965
G1 Z16.013 X80.295 Y101.292 E306.87339
G1 Z16.015 X80.253 Y100 E306.91715
G1 Z16.017 X80.295 Y98.708 E306.96091
G1 Z16.020 X80.422 Y97.422 E307.00465
G1 Z16.022 X80.632 Y96.148 E307.04836
G1 Z16.024 X80.926 Y94.889 E307.09212
G1 Z16.026 X81.301 Y93.653 E307.13584
G1 Z16.028 X81.756 Y92.443 E307.1796
G1 Z16.030 X82.289 Y91.266 E307.22333
G1 Z16.032 X82.899 Y90.126 E307.26709
G1 Z16.034 X83.581 Y89.029 E307.31081
G1 Z16.036 X84.334 Y87.979 E307.35455
G1 Z16.038 X85.153 Y86.98 E307.39828
G1 Z16.040 X86.037 Y86.037 E307.44203
G1 Z16.042 X86.98 Y85.153 E307.48578
G1 Z16.045 X87.979 Y84.334 E307.52951
G1 Z16.047 X89.029 Y83.581 E307.57325
G1 Z16.049 X90.126 Y82.899 E307.61697
G1 Z16.051 X91.266 Y82.289 E307.66073
G1 Z16.053 X92.443 Y81.756 E307.70446
G1 Z16.055 X93.653 Y81.301 E307.74822
G1 Z16.057 X94.889 Y80.926 E307.79194
G1 Z16.059 X96.148 Y80.632 E307.8357
G1 Z16.061 X97.422 Y80.422 E307.87941
G1 Z16.063 X98.708 Y80.295 E307.92315
G1 Z16.065 X100 Y80.253 E307.96691
G1 Z16.066 X100.383 Y80.265 E307.97988
G1 Z16.067 X101.292 Y80.295 E308.01067
G1 Z16.070 X102.578 Y80.422 E308.05441
G1 Z16.072 X103.852 Y80.632 E308.09812
G1 Z16.074 X105.111 Y80.926 E308.14188
G1 Z16.076 X106.347 Y81.301 E308.1856
G1 Z16.078 X107.557 Y81.756 E308.22936
G1 Z16.080 X108.734 Y82.289 E308.27309
G1 Z16.082 X109.874 Y82.899 E308.31685
G1 Z16.084 X110.971 Y83.581 E308.36057
G1 Z16.086 X112.021 Y84.334 E308.40431
G1 Z16.088 X113.02 Y85.153 E308.44804
G1 Z16.090 X113.963 Y86.037 E308.49179
G1 Z16.092 X114.847 Y86.98 E308.53554
G1 Z16.095 X115.666 Y87.979 E308.57927
G1 Z16.097 X116.419 Y89.029 E308.62301
G1 Z16.099 X117.101 Y90.126 E308.66673
G1 Z16.101 X117.711 Y91.266 E308.71049
G1 Z16.103 X118.244 Y92.443 E308.75422
G1 Z16.105 X118.699 Y93.653 E308.79798
G1 Z16.107 X119.074 Y94.889 E308.8417
G1 Z16.109 X119.368 Y96.148 E308.88546
G1 Z16.111 X119.578 Y97.422 E308.92917
G1 Z16.113 X119.705 Y98.708 E308.97291
G1 Z16.115 X119.747 Y100 E309.01667
G1 Z16.117 X119.705 Y101.292 E309.06043
G1 Z16.120 X119.578 Y102.578 E309.10417
G1 Z16.122 X119.368 Y103.852 E309.14788
G1 Z16.124 X119.074 Y105.111 E309.19164
G1 Z16.126 X118.699 Y106.347 E309.23536
G1 Z16.128 X118.244 Y107.557 E309.27912
G1 Z16.130 X117.711 Y108.734 E309.32285
G1 Z16.132 X117.101 Y109.874 E309.36661
G1 Z16.134 X116.419 Y110.971 E309.41033
G1 Z16.136 X115.666 Y112.021 E309.45407
G1 Z16.138 X114.847 Y113.02 E309.4978
G1 Z16.140 X113.963 Y113.963 E309.54155
G1 Z16.142 X113.02 Y114.847 E309.5853
G1 Z16.145 X112.021 Y115.666 E309.62903
G1 Z16.147 X110.971 Y116.419 E309.67277
G1 Z16.149 X109.874 Y117.101 E309.71649
G1 Z16.151 X108.734 Y117.711 E309.76025
G1 Z16.153 X107.557 Y118.244 E309.80398
G1 Z16.155 X106.347 Y118.699 E309.84774
G1 Z16.157 X105.111 Y119.074 E309.89146
G1 Z16.159 X103.852 Y119.368 E309.93522
G1 Z16.161 X102.578 Y119.578 E309.97893
G1 Z16.163 X101.292 Y119.705 E310.02267
G1 Z16.165 X100 Y119.747 E310.06643
G1 Z16.167 X98.708 Y119.705 E310.11019
G1 Z16.170 X97.422 Y119.578 E310.15393
G1 Z16.172 X96.148 Y119.368 E310.19764
G1 Z16.174 X94.889 Y119.074 E310.2414
G1 Z16.176 X93.653 Y118.699 E310.28512
G1 Z16.178 X92.443 Y118.244 E310.32888
G1 Z16.180 X91.266 Y117.711 E310.37261
G1 Z16.182 X90.126 Y117.101 E310.41637
G1 Z16.184 X89.029 Y116.419 E310.46009
G1 Z16.186 X87.979 Y115.666 E310.50383
G1 Z16.188 X86.98 Y114.847 E310.54756
G1 Z16.190 X86.037 Y113.963 E310.59131
G1 Z16.192 X85.153 Y113.02 E310.63506
G1 Z16.195 X84.334 Y112.021 E310.67879
G1 Z16.197 X83.581 Y110.971 E310.72253
G1 Z16.199 X82.899 Y109.874 E310.76625
G1 Z16.200 X82.523 Y109.17 E310.79327
;LAYER_CHANGE
;Z:16.4
;HEIGHT:0.199999
G1 Z16.200 F7800
G1 F1483
G1 Z16.201 X82.339 Y108.709 E310.80997
G1 Z16.203 X81.807 Y107.536 E310.85357
G1 Z16.205 X81.354 Y106.33 E310.89718
G1 Z16.207 X80.98 Y105.097 E310.94079
G1 Z16.209 X80.687 Y103.842 E310.98441
G1 Z16.211 X80.477 Y102.57 E311.02805
G1 Z16.213 X80.351 Y101.288 E311.07165
G1 Z16.215 X80.309 Y100 E311.11527
G1 Z16.217 X80.351 Y98.712 E311.15889
G1 Z16.220 X80.477 Y97.43 E311.20249
G1 Z16.222 X80.687 Y96.158 E311.24613
G1 Z16.224 X80.98 Y94.903 E311.28975
G1 Z16.226 X81.354 Y93.67 E311.33336
G1 Z16.228 X81.762 Y92.586 E311.37257
G1 Z16.230 X82.34 Y91.29 E311.4206
G1 Z16.232 X82.947 Y90.154 E311.4642
G1 Z16.234 X83.627 Y89.06 E311.5078
G1 Z16.236 X84.378 Y88.013 E311.55141
G1 Z16.238 X85.195 Y87.017 E311.59501
G1 Z16.240 X86.076 Y86.076 E311.63864
G1 Z16.242 X87.017 Y85.195 E311.68227
G1 Z16.245 X88.013 Y84.378 E311.72587
G1 Z16.247 X89.06 Y83.627 E311.76948
G1 Z16.249 X90.154 Y82.947 E311.81308
G1 Z16.251 X91.291 Y82.339 E311.85672
G1 Z16.253 X92.464 Y81.807 E311.90032
G1 Z16.255 X93.67 Y81.354 E311.94393
G1 Z16.257 X94.903 Y80.98 E311.98754
G1 Z16.259 X96.158 Y80.687 E312.03116
G1 Z16.261 X97.43 Y80.477 E312.0748
G1 Z16.263 X98.712 Y80.351 E312.1184
G1 Z16.265 X100 Y80.309 E312.16202
G1 Z16.267 X101.158 Y80.346 E312.20124
G1 Z16.270 X102.571 Y80.477 E312.24927
G1 Z16.272 X103.842 Y80.687 E312.29288
G1 Z16.274 X105.097 Y80.98 E312.3365
G1 Z16.276 X106.33 Y81.354 E312.38011
G1 Z16.278 X107.414 Y81.762 E312.41932
G1 Z16.280 X108.71 Y82.34 E312.46735
G1 Z16.282 X109.846 Y82.947 E312.51095
G1 Z16.284 X110.94 Y83.627 E312.55455
G1 Z16.286 X111.987 Y84.378 E312.59816
G1 Z16.288 X112.983 Y85.195 E312.64176
G1 Z16.290 X113.924 Y86.076 E312.68539
G1 Z16.292 X114.805 Y87.017 E312.72902
G1 Z16.295 X115.622 Y88.013 E312.77262
G1 Z16.297 X116.373 Y89.06 E312.81623
G1 Z16.299 X117.053 Y90.154 E312.85983
G1 Z16.301 X117.661 Y91.291 E312.90347
G1 Z16.303 X118.193 Y92.464 E312.94707
G1 Z16.305 X118.646 Y93.67 E312.99068
G1 Z16.307 X119.02 Y94.903 E313.03429
G1 Z16.309 X119.313 Y96.158 E313.07791
G1 Z16.311 X119.523 Y97.43 E313.12155
G1 Z16.313 X119.649 Y98.712 E313.16515
G1 Z16.315 X119.691 Y100 E313.20877
G1 Z16.317 X119.649 Y101.288 E313.25239
G1 Z16.320 X119.523 Y102.57 E313.29599
G1 Z16.322 X119.313 Y103.842 E313.33963
G1 Z16.324 X119.02 Y105.097 E313.38325
G1 Z16.326 X118.646 Y106.33 E313.42686
G1 Z16.328 X118.238 Y107.414 E313.46607
G1 Z16.330 X117.66 Y108.71 E313.5141
G1 Z16.332 X117.053 Y109.846 E313.5577
G1 Z16.334 X116.373 Y110.94 E313.6013
G1 Z16.336 X115.622 Y111.987 E313.64491
G1 Z16.338 X114.805 Y112.983 E313.68851
G1 Z16.340 X113.924 Y113.924 E313.73214
G1 Z16.342 X112.983 Y114.805 E313.77577
G1 Z16.345 X111.987 Y115.622 E313.81937
G1 Z16.347 X110.94 Y116.373 E313.86298
G1 Z16.349 X109.846 Y117.053 E313.90658
G1 Z16.351 X108.709 Y117.661 E313.95022
G1 Z16.353 X107.536 Y118.193 E313.99382
G1 Z16.355 X106.33 Y118.646 E314.03743
G1 Z16.357 X105.097 Y119.02 E314.08104
G1 Z16.359 X103.842 Y119.313 E314.12466
G1 Z16.361 X102.57 Y119.523 E314.1683
G1 Z16.363 X101.288 Y119.649 E314.2119
G1 Z16.365 X100 Y119.691 E314.25552
G1 Z16.367 X98.712 Y119.649 E314.29914
G1 Z16.370 X97.43 Y119.523 E314.34274
G1 Z16.372 X96.158 Y119.313 E314.38638
G1 Z16.374 X94.903 Y119.02 E314.43
G1 Z16.376 X93.67 Y118.646 E314.47361
G1 Z16.378 X92.586 Y118.238 E314.51282
G1 Z16.380 X91.29 Y117.66 E314.56085
G1 Z16.382 X90.154 Y117.053 E314.60445
G1 Z16.384 X89.06 Y116.373 E314.64805
G1 Z16.386 X88.013 Y115.622 E314.69166
G1 Z16.388 X87.017 Y114.805 E314.73526
G1 Z16.390 X86.076 Y113.924 E314.77889
G1 Z16.392 X85.195 Y112.983 E314.82252
G1 Z16.395 X84.378 Y111.987 E314.86612
G1 Z16.397 X83.627 Y110.94 E314.90973
G1 Z16.399 X82.947 Y109.846 E314.95333
G1 Z16.400 X82.572 Y109.144 E314.98027
;LAYER_CHANGE
;Z:16.6
;HEIGHT:0.200001
G1 Z16.400 F7800
G1 F1478
G1 Z16.401 X82.397 Y108.681 E314.99687
G1 Z16.403 X81.867 Y107.511 E315.04035
G1 Z16.405 X81.415 Y106.309 E315.08382
G1 Z16.407 X81.042 Y105.08 E315.12729
G1 Z16.409 X80.75 Y103.829 E315.17077
G1 Z16.411 X80.541 Y102.562 E315.21424
G1 Z16.413 X80.415 Y101.284 E315.25771
G1 Z16.415 X80.373 Y100 E315.3012
G1 Z16.417 X80.415 Y98.716 E315.34469
G1 Z16.420 X80.541 Y97.438 E315.38816
G1 Z16.422 X80.75 Y96.171 E315.43163
G1 Z16.424 X81.042 Y94.92 E315.47511
G1 Z16.426 X81.415 Y93.691 E315.51858
G1 Z16.428 X81.867 Y92.489 E315.56205
G1 Z16.430 X82.397 Y91.319 E315.60553
G1 Z16.432 X83.003 Y90.187 E315.64899
G1 Z16.434 X83.681 Y89.096 E315.69247
G1 Z16.436 X84.429 Y88.052 E315.73594
G1 Z16.437 X84.835 Y87.557 E315.75761
G1 Z16.438 X85.244 Y87.059 E315.77942
G1 Z16.440 X86.122 Y86.122 E315.82288
G1 Z16.442 X87.059 Y85.244 E315.86634
G1 Z16.445 X88.052 Y84.429 E315.90982
G1 Z16.447 X89.096 Y83.681 E315.95329
G1 Z16.449 X90.187 Y83.003 E315.99677
G1 Z16.451 X91.319 Y82.397 E316.04023
G1 Z16.453 X92.489 Y81.867 E316.08371
G1 Z16.455 X93.691 Y81.415 E316.12718
G1 Z16.457 X94.92 Y81.042 E316.17065
G1 Z16.459 X96.171 Y80.75 E316.21413
G1 Z16.461 X97.438 Y80.541 E316.2576
G1 Z16.463 X98.716 Y80.415 E316.30107
G1 Z16.465 X100 Y80.373 E316.34456
G1 Z16.466 X100.64 Y80.394 E316.36623
G1 Z16.467 X101.284 Y80.415 E316.38804
G1 Z16.470 X102.562 Y80.541 E316.43151
G1 Z16.472 X103.829 Y80.75 E316.47498
G1 Z16.474 X105.08 Y81.042 E316.51846
G1 Z16.476 X106.309 Y81.415 E316.56193
G1 Z16.478 X107.511 Y81.867 E316.6054
G1 Z16.480 X108.681 Y82.397 E316.64888
G1 Z16.482 X109.813 Y83.003 E316.69234
G1 Z16.484 X110.904 Y83.681 E316.73582
G1 Z16.486 X111.948 Y84.429 E316.77929
G1 Z16.487 X112.443 Y84.835 E316.80096
G1 Z16.488 X112.941 Y85.244 E316.82277
G1 Z16.490 X113.878 Y86.122 E316.86623
G1 Z16.492 X114.756 Y87.059 E316.90969
G1 Z16.493 X115.162 Y87.554 E316.93136
G1 Z16.495 X115.571 Y88.052 E316.95317
G1 Z16.497 X116.319 Y89.096 E316.99664
G1 Z16.499 X116.997 Y90.187 E317.04012
G1 Z16.501 X117.603 Y91.319 E317.08358
G1 Z16.503 X118.133 Y92.489 E317.12706
G1 Z16.505 X118.585 Y93.691 E317.17053
G1 Z16.507 X118.958 Y94.92 E317.214
G1 Z16.509 X119.25 Y96.171 E317.25748
G1 Z16.511 X119.459 Y97.438 E317.30095
G1 Z16.513 X119.585 Y98.716 E317.34442
G1 Z16.515 X119.627 Y100 E317.38791
G1 Z16.517 X119.585 Y101.284 E317.4314
G1 Z16.520 X119.459 Y102.562 E317.47487
G1 Z16.522 X119.25 Y103.829 E317.51834
G1 Z16.524 X118.958 Y105.08 E317.56182
G1 Z16.526 X118.585 Y106.309 E317.60529
G1 Z16.528 X118.133 Y107.511 E317.64876
G1 Z16.530 X117.603 Y108.681 E317.69224
G1 Z16.532 X116.997 Y109.813 E317.7357
G1 Z16.534 X116.319 Y110.904 E317.77918
G1 Z16.536 X115.571 Y111.948 E317.82265
G1 Z16.538 X114.756 Y112.941 E317.86613
G1 Z16.540 X113.878 Y113.878 E317.90959
G1 Z16.542 X112.941 Y114.756 E317.95305
G1 Z16.545 X111.948 Y115.571 E317.99653
G1 Z16.547 X110.904 Y116.319 E318.04
G1 Z16.549 X109.813 Y116.997 E318.08348
G1 Z16.551 X108.681 Y117.603 E318.12694
G1 Z16.553 X107.511 Y118.133 E318.17042
G1 Z16.555 X106.309 Y118.585 E318.21389
G1 Z16.557 X105.08 Y118.958 E318.25736
G1 Z16.559 X103.829 Y119.25 E318.30084
G1 Z16.561 X102.562 Y119.459 E318.34431
G1 Z16.563 X101.284 Y119.585 E318.38778
G1 Z16.565 X100 Y119.627 E318.43127
G1 Z16.567 X98.716 Y119.585 E318.47476
G1 Z16.570 X97.438 Y119.459 E318.51823
G1 Z16.572 X96.171 Y119.25 E318.5617
G1 Z16.574 X94.92 Y118.958 E318.60518
G1 Z16.576 X93.691 Y118.585 E318.64865
G1 Z16.578 X92.489 Y118.133 E318.69212
G1 Z16.580 X91.319 Y117.603 E318.7356
G1 Z16.582 X90.187 Y116.997 E318.77906
G1 Z16.584 X89.096 Y116.319 E318.82254
G1 Z16.586 X88.052 Y115.571 E318.86601
G1 Z16.587 X87.557 Y115.165 E318.88768
G1 Z16.588 X87.059 Y114.756 E318.90949
G1 Z16.590 X86.122 Y113.878 E318.95295
G1 Z16.592 X85.244 Y112.941 E318.99641
G1 Z16.595 X84.429 Y111.948 E319.03989
G1 Z16.597 X83.681 Y110.904 E319.08336
G1 Z16.599 X83.003 Y109.813 E319.12684
G1 Z16.600 X82.629 Y109.113 E319.1537
;LAYER_CHANGE
;Z:16.8
;HEIGHT:0.199999
G1 Z16.600 F7800
G1 F1473
G1 Z16.601 X82.458 Y108.651 E319.17022
G1 Z16.603 X81.93 Y107.485 E319.21355
G1 Z16.605 X81.442 Y106.164 E319.26122
G1 Z16.607 X81.108 Y105.062 E319.3002
G1 Z16.609 X80.817 Y103.816 E319.34351
G1 Z16.611 X80.609 Y102.553 E319.38684
G1 Z16.613 X80.483 Y101.279 E319.43017
G1 Z16.615 X80.441 Y100 E319.47349
G1 Z16.617 X80.483 Y98.721 E319.51681
G1 Z16.620 X80.609 Y97.447 E319.56014
G1 Z16.622 X80.817 Y96.184 E319.60347
G1 Z16.624 X81.108 Y94.938 E319.64678
G1 Z16.626 X81.479 Y93.713 E319.6901
G1 Z16.628 X81.93 Y92.515 E319.73343
G1 Z16.630 X82.458 Y91.349 E319.77676
G1 Z16.632 X83.062 Y90.221 E319.82007
G1 Z16.634 X83.738 Y89.134 E319.8634
G1 Z16.636 X84.483 Y88.093 E319.90673
G1 Z16.638 X85.295 Y87.104 E319.95004
G1 Z16.640 X86.17 Y86.17 E319.99336
G1 Z16.642 X87.104 Y85.295 E320.03668
G1 Z16.645 X88.093 Y84.483 E320.07999
G1 Z16.647 X89.133 Y83.738 E320.12329
G1 Z16.649 X90.334 Y83.001 E320.17099
G1 Z16.651 X91.349 Y82.458 E320.20995
G1 Z16.653 X92.515 Y81.93 E320.25328
G1 Z16.655 X93.836 Y81.442 E320.30095
G1 Z16.657 X94.938 Y81.108 E320.33993
G1 Z16.659 X96.184 Y80.817 E320.38324
G1 Z16.661 X97.447 Y80.609 E320.42657
G1 Z16.663 X98.72 Y80.483 E320.46987
G1 Z16.666 X100.128 Y80.445 E320.51755
G1 Z16.667 X101.279 Y80.483 E320.55653
G1 Z16.670 X102.553 Y80.609 E320.59986
G1 Z16.672 X103.816 Y80.817 E320.64319
G1 Z16.674 X105.062 Y81.108 E320.6865
G1 Z16.676 X106.287 Y81.479 E320.72982
G1 Z16.678 X107.485 Y81.93 E320.77315
G1 Z16.680 X108.651 Y82.458 E320.81648
G1 Z16.682 X109.779 Y83.062 E320.85979
G1 Z16.684 X110.866 Y83.738 E320.90312
G1 Z16.686 X111.907 Y84.483 E320.94645
G1 Z16.688 X112.896 Y85.295 E320.98976
G1 Z16.690 X113.83 Y86.17 E321.03308
G1 Z16.692 X114.705 Y87.104 E321.0764
G1 Z16.695 X115.517 Y88.093 E321.11971
G1 Z16.697 X116.262 Y89.133 E321.16301
G1 Z16.699 X116.999 Y90.334 E321.21071
G1 Z16.701 X117.542 Y91.349 E321.24967
G1 Z16.703 X118.07 Y92.515 E321.293
G1 Z16.705 X118.558 Y93.836 E321.34067
G1 Z16.707 X118.892 Y94.938 E321.37965
G1 Z16.709 X119.183 Y96.184 E321.42296
G1 Z16.711 X119.391 Y97.447 E321.46629
G1 Z16.713 X119.517 Y98.721 E321.50962
G1 Z16.715 X119.559 Y100 E321.55294
G1 Z16.717 X119.517 Y101.279 E321.59626
G1 Z16.720 X119.391 Y102.553 E321.63959
G1 Z16.722 X119.183 Y103.816 E321.68292
G1 Z16.724 X118.892 Y105.062 E321.72623
G1 Z16.726 X118.521 Y106.287 E321.76955
G1 Z16.728 X118.07 Y107.485 E321.81288
G1 Z16.730 X117.542 Y108.651 E321.85621
G1 Z16.732 X116.938 Y109.779 E321.89952
G1 Z16.734 X116.262 Y110.866 E321.94285
G1 Z16.736 X115.517 Y111.907 E321.98618
G1 Z16.738 X114.705 Y112.896 E322.02949
G1 Z16.740 X113.83 Y113.83 E322.07281
G1 Z16.742 X112.896 Y114.705 E322.11613
G1 Z16.745 X111.907 Y115.517 E322.15944
G1 Z16.747 X110.867 Y116.262 E322.20274
G1 Z16.749 X109.666 Y116.999 E322.25044
G1 Z16.751 X108.651 Y117.542 E322.2894
G1 Z16.753 X107.485 Y118.07 E322.33273
G1 Z16.755 X106.164 Y118.558 E322.3804
G1 Z16.757 X105.062 Y118.892 E322.41938
G1 Z16.759 X103.816 Y119.183 E322.46269
G1 Z16.761 X102.553 Y119.391 E322.50602
G1 Z16.763 X101.279 Y119.517 E322.54935
G1 Z16.765 X100 Y119.559 E322.59267
G1 Z16.767 X98.721 Y119.517 E322.63599
G1 Z16.770 X97.447 Y119.391 E322.67932
G1 Z16.772 X96.184 Y119.183 E322.72265
G1 Z16.774 X94.938 Y118.892 E322.76596
G1 Z16.776 X93.713 Y118.521 E322.80928
G1 Z16.778 X92.515 Y118.07 E322.85261
G1 Z16.780 X91.349 Y117.542 E322.89594
G1 Z16.782 X90.221 Y116.938 E322.93925
G1 Z16.784 X89.134 Y116.262 E322.98258
G1 Z16.786 X88.093 Y115.517 E323.02591
G1 Z16.788 X87.104 Y114.705 E323.06922
G1 Z16.790 X86.17 Y113.83 E323.11254
G1 Z16.792 X85.295 Y112.896 E323.15586
G1 Z16.795 X84.483 Y111.907 E323.19917
G1 Z16.797 X83.738 Y110.867 E323.24247
G1 Z16.799 X83.001 Y109.666 E323.29017
G1 Z16.800 X82.689 Y109.081 E323.31261
;LAYER_CHANGE
;Z:17
;HEIGHT:0.200001
G1 Z16.800 F7800
G1 F1467
G1 Z16.801 X82.527 Y108.617 E323.32904
G1 Z16.803 X82.001 Y107.455 E323.37221
G1 Z16.805 X81.552 Y106.262 E323.41536
G1 Z16.807 X81.182 Y105.042 E323.45851
G1 Z16.809 X80.892 Y103.801 E323.50165
G1 Z16.811 X80.685 Y102.543 E323.5448
G1 Z16.813 X80.56 Y101.274 E323.58796
G1 Z16.815 X80.518 Y100 E323.63111
G1 Z16.817 X80.56 Y98.726 E323.67426
G1 Z16.820 X80.685 Y97.457 E323.71742
G1 Z16.822 X80.892 Y96.199 E323.76057
G1 Z16.824 X81.182 Y94.958 E323.80371
G1 Z16.826 X81.552 Y93.738 E323.84686
G1 Z16.828 X82.001 Y92.545 E323.89001
G1 Z16.830 X82.527 Y91.383 E323.93318
G1 Z16.832 X83.128 Y90.259 E323.97632
G1 Z16.834 X83.801 Y89.176 E324.01948
G1 Z16.836 X84.544 Y88.14 E324.06263
G1 Z16.838 X85.353 Y87.155 E324.10578
G1 Z16.840 X86.224 Y86.224 E324.14893
G1 Z16.842 X87.155 Y85.353 E324.19208
G1 Z16.845 X88.14 Y84.544 E324.23523
G1 Z16.847 X89.176 Y83.801 E324.27838
G1 Z16.849 X90.259 Y83.128 E324.32154
G1 Z16.851 X91.383 Y82.527 E324.36468
G1 Z16.853 X92.545 Y82.001 E324.40785
G1 Z16.855 X93.738 Y81.552 E324.451
G1 Z16.857 X94.958 Y81.182 E324.49415
G1 Z16.859 X96.199 Y80.892 E324.53729
G1 Z16.861 X97.457 Y80.685 E324.58044
G1 Z16.863 X98.726 Y80.56 E324.6236
G1 Z16.865 X100 Y80.518 E324.66675
G1 Z16.867 X100.893 Y80.547 E324.69699
G1 Z16.867 X101.274 Y80.56 E324.70989
G1 Z16.870 X102.543 Y80.685 E324.75305
G1 Z16.872 X103.801 Y80.892 E324.7962
G1 Z16.874 X105.042 Y81.182 E324.83934
G1 Z16.876 X106.262 Y81.552 E324.88249
G1 Z16.878 X107.455 Y82.001 E324.92564
G1 Z16.880 X108.617 Y82.527 E324.96881
G1 Z16.882 X109.741 Y83.128 E325.01195
G1 Z16.884 X110.824 Y83.801 E325.05511
G1 Z16.886 X111.86 Y84.544 E325.09826
G1 Z16.888 X112.845 Y85.353 E325.14141
G1 Z16.890 X113.776 Y86.224 E325.18456
G1 Z16.892 X114.647 Y87.155 E325.22771
G1 Z16.895 X115.456 Y88.14 E325.27086
G1 Z16.897 X116.199 Y89.176 E325.31401
G1 Z16.899 X116.872 Y90.259 E325.35717
G1 Z16.901 X117.473 Y91.383 E325.40031
G1 Z16.903 X117.999 Y92.545 E325.44348
G1 Z16.905 X118.448 Y93.738 E325.48663
G1 Z16.907 X118.818 Y94.958 E325.52978
G1 Z16.909 X119.108 Y96.199 E325.57292
G1 Z16.911 X119.315 Y97.457 E325.61607
G1 Z16.913 X119.44 Y98.726 E325.65923
G1 Z16.915 X119.482 Y100 E325.70238
G1 Z16.917 X119.44 Y101.274 E325.74553
G1 Z16.920 X119.315 Y102.543 E325.78869
G1 Z16.922 X119.108 Y103.801 E325.83184
G1 Z16.924 X118.818 Y105.042 E325.87498
G1 Z16.926 X118.448 Y106.262 E325.91813
G1 Z16.928 X117.999 Y107.455 E325.96128
G1 Z16.930 X117.473 Y108.617 E326.00445
G1 Z16.932 X116.872 Y109.741 E326.04759
G1 Z16.934 X116.199 Y110.824 E326.09075
G1 Z16.936 X115.456 Y111.86 E326.1339
G1 Z16.938 X114.647 Y112.845 E326.17705
G1 Z16.940 X113.776 Y113.776 E326.2202
G1 Z16.942 X112.845 Y114.647 E326.26335
G1 Z16.945 X111.86 Y115.456 E326.3065
G1 Z16.947 X110.824 Y116.199 E326.34965
G1 Z16.949 X109.741 Y116.872 E326.39281
G1 Z16.951 X108.617 Y117.473 E326.43595
G1 Z16.953 X107.455 Y117.999 E326.47912
G1 Z16.955 X106.262 Y118.448 E326.52227
G1 Z16.957 X105.042 Y118.818 E326.56542
G1 Z16.959 X103.801 Y119.108 E326.60856
G1 Z16.961 X102.543 Y119.315 E326.65171
G1 Z16.963 X101.274 Y119.44 E326.69487
G1 Z16.965 X100 Y119.482 E326.73802
G1 Z16.967 X98.726 Y119.44 E326.78117
G1 Z16.970 X97.457 Y119.315 E326.82433
G1 Z16.972 X96.199 Y119.108 E326.86748
G1 Z16.974 X94.958 Y118.818 E326.91062
G1 Z16.976 X93.738 Y118.448 E326.95377
G1 Z16.978 X92.545 Y117.999 E326.99692
G1 Z16.980 X91.383 Y117.473 E327.04009
G1 Z16.982 X90.259 Y116.872 E327.08323
G1 Z16.984 X89.176 Y116.199 E327.12639
G1 Z16.986 X88.14 Y115.456 E327.16954
G1 Z16.988 X87.155 Y114.647 E327.21269
G1 Z16.990 X86.224 Y113.776 E327.25584
G1 Z16.992 X85.353 Y112.845 E327.29899
G1 Z16.995 X84.544 Y111.86 E327.34214
G1 Z16.997 X83.801 Y110.824 E327.38529
G1 Z16.999 X83.128 Y109.741 E327.42845
G1 Z17.000 X82.756 Y109.045 E327.45516
;LAYER_CHANGE
;Z:17.2
;HEIGHT:0.200001
G1 Z17.000 F7800
G1 F1461
G1 Z17.001 X82.6 Y108.581 E327.47151
G1 Z17.003 X82.076 Y107.424 E327.5145
G1 Z17.005 X81.629 Y106.236 E327.55746
G1 Z17.007 X81.26 Y105.021 E327.60044
G1 Z17.009 X80.972 Y103.785 E327.6434
G1 Z17.011 X80.765 Y102.532 E327.68639
G1 Z17.013 X80.641 Y101.269 E327.72935
G1 Z17.015 X80.599 Y100 E327.77233
G1 Z17.017 X80.641 Y98.731 E327.81531
G1 Z17.020 X80.765 Y97.468 E327.85827
G1 Z17.022 X80.972 Y96.215 E327.90126
G1 Z17.024 X81.26 Y94.979 E327.94422
G1 Z17.026 X81.629 Y93.764 E327.9872
G1 Z17.028 X82.076 Y92.576 E328.03016
G1 Z17.030 X82.6 Y91.419 E328.07315
G1 Z17.032 X83.198 Y90.3 E328.1161
G1 Z17.034 X83.869 Y89.222 E328.15908
G1 Z17.036 X84.608 Y88.19 E328.20204
G1 Z17.038 X85.414 Y87.208 E328.24504
G1 Z17.040 X86.282 Y86.282 E328.288
G1 Z17.042 X87.208 Y85.414 E328.33096
G1 Z17.045 X88.19 Y84.608 E328.37396
G1 Z17.047 X89.222 Y83.869 E328.41692
G1 Z17.049 X90.3 Y83.198 E328.4599
G1 Z17.051 X91.419 Y82.6 E328.50285
G1 Z17.053 X92.576 Y82.076 E328.54584
G1 Z17.055 X93.764 Y81.629 E328.5888
G1 Z17.057 X94.979 Y81.26 E328.63178
G1 Z17.059 X96.215 Y80.972 E328.67474
G1 Z17.061 X97.468 Y80.765 E328.71773
G1 Z17.063 X98.731 Y80.641 E328.76069
G1 Z17.065 X100 Y80.599 E328.80367
G1 Z17.066 X100.376 Y80.612 E328.8164
G1 Z17.067 X101.269 Y80.641 E328.84664
G1 Z17.070 X102.532 Y80.765 E328.8896
G1 Z17.072 X103.785 Y80.972 E328.93259
G1 Z17.074 X105.021 Y81.26 E328.97555
G1 Z17.076 X106.236 Y81.629 E329.01853
G1 Z17.078 X107.424 Y82.076 E329.06149
G1 Z17.080 X108.581 Y82.6 E329.10448
G1 Z17.082 X109.7 Y83.198 E329.14743
G1 Z17.084 X110.778 Y83.869 E329.19041
G1 Z17.086 X111.81 Y84.608 E329.23337
G1 Z17.088 X112.792 Y85.414 E329.27637
G1 Z17.090 X113.718 Y86.282 E329.31933
G1 Z17.092 X114.586 Y87.208 E329.36229
G1 Z17.095 X115.392 Y88.19 E329.40529
G1 Z17.097 X116.131 Y89.222 E329.44825
G1 Z17.099 X116.802 Y90.3 E329.49123
G1 Z17.101 X117.4 Y91.419 E329.53418
G1 Z17.103 X117.924 Y92.576 E329.57717
G1 Z17.105 X118.371 Y93.764 E329.62013
G1 Z17.107 X118.74 Y94.979 E329.66311
G1 Z17.109 X119.028 Y96.215 E329.70607
G1 Z17.111 X119.235 Y97.468 E329.74906
G1 Z17.113 X119.359 Y98.731 E329.79202
G1 Z17.115 X119.401 Y100 E329.835
G1 Z17.117 X119.359 Y101.269 E329.87798
G1 Z17.120 X119.235 Y102.532 E329.92094
G1 Z17.122 X119.028 Y103.785 E329.96393
G1 Z17.124 X118.74 Y105.021 E330.00689
G1 Z17.126 X118.371 Y106.236 E330.04987
G1 Z17.128 X117.924 Y107.424 E330.09283
G1 Z17.130 X117.4 Y108.581 E330.13582
G1 Z17.132 X116.802 Y109.7 E330.17877
G1 Z17.134 X116.131 Y110.778 E330.22175
G1 Z17.136 X115.392 Y111.81 E330.26471
G1 Z17.138 X114.586 Y112.792 E330.30771
G1 Z17.140 X113.718 Y113.718 E330.35067
G1 Z17.142 X112.792 Y114.586 E330.39363
G1 Z17.145 X111.81 Y115.392 E330.43663
G1 Z17.147 X110.778 Y116.131 E330.47959
G1 Z17.149 X109.7 Y116.802 E330.52257
G1 Z17.151 X108.581 Y117.4 E330.56552
G1 Z17.153 X107.424 Y117.924 E330.60851
G1 Z17.155 X106.236 Y118.371 E330.65147
G1 Z17.157 X105.021 Y118.74 E330.69445
G1 Z17.159 X103.785 Y119.028 E330.73741
G1 Z17.161 X102.532 Y119.235 E330.7804
G1 Z17.163 X101.269 Y119.359 E330.82336
G1 Z17.165 X100 Y119.401 E330.86634
G1 Z17.167 X98.731 Y119.359 E330.90932
G1 Z17.170 X97.468 Y119.235 E330.95228
G1 Z17.172 X96.215 Y119.028 E330.99527
G1 Z17.174 X94.979 Y118.74 E331.03823
G1 Z17.176 X93.764 Y118.371 E331.08121
G1 Z17.178 X92.576 Y117.924 E331.12417
G1 Z17.180 X91.419 Y117.4 E331.16716
G1 Z17.182 X90.3 Y116.802 E331.21011
G1 Z17.184 X89.222 Y116.131 E331.25309
G1 Z17.186 X88.19 Y115.392 E331.29605
G1 Z17.188 X87.208 Y114.586 E331.33905
G1 Z17.190 X86.282 Y113.718 E331.38201
G1 Z17.192 X85.414 Y112.792 E331.42497
G1 Z17.195 X84.608 Y111.81 E331.46797
G1 Z17.197 X83.869 Y110.778 E331.51093
G1 Z17.199 X83.198 Y109.7 E331.55391
G1 Z17.200 X82.828 Y109.007 E331.5805
;LAYER_CHANGE
;Z:17.4
;HEIGHT:0.199999
G1 Z17.200 F7800
G1 F1455
G1 Z17.201 X82.677 Y108.543 E331.59675
G1 Z17.203 X82.156 Y107.391 E331.63955
G1 Z17.205 X81.71 Y106.209 E331.68231
G1 Z17.207 X81.343 Y104.999 E331.72511
G1 Z17.209 X81.056 Y103.768 E331.7679
G1 Z17.211 X80.851 Y102.521 E331.81068
G1 Z17.213 X80.727 Y101.263 E331.85347
G1 Z17.215 X80.689 Y100.128 E331.89191
G1 Z17.217 X80.727 Y98.736 E331.93905
G1 Z17.220 X80.851 Y97.479 E331.9818
G1 Z17.222 X81.056 Y96.232 E332.02458
G1 Z17.224 X81.343 Y95.001 E332.06737
G1 Z17.226 X81.71 Y93.791 E332.11017
G1 Z17.228 X82.156 Y92.609 E332.15293
G1 Z17.230 X82.677 Y91.457 E332.19573
G1 Z17.232 X83.273 Y90.343 E332.2385
G1 Z17.234 X83.94 Y89.269 E332.28129
G1 Z17.236 X84.677 Y88.242 E332.32408
G1 Z17.238 X85.478 Y87.265 E332.36684
G1 Z17.240 X86.342 Y86.342 E332.40963
G1 Z17.242 X87.265 Y85.478 E332.45242
G1 Z17.245 X88.242 Y84.677 E332.49518
G1 Z17.247 X89.269 Y83.94 E332.53797
G1 Z17.249 X90.343 Y83.273 E332.58076
G1 Z17.251 X91.457 Y82.677 E332.62353
G1 Z17.253 X92.609 Y82.156 E332.66633
G1 Z17.255 X93.791 Y81.71 E332.70909
G1 Z17.257 X95.001 Y81.343 E332.75189
G1 Z17.259 X96.232 Y81.056 E332.79468
G1 Z17.261 X97.479 Y80.851 E332.83746
G1 Z17.263 X98.737 Y80.727 E332.88025
G1 Z17.265 X100 Y80.685 E332.92302
G1 Z17.267 X101.135 Y80.722 E332.96146
G1 Z17.270 X102.522 Y80.851 E333.00861
G1 Z17.272 X103.768 Y81.056 E333.05135
G1 Z17.274 X104.999 Y81.343 E333.09414
G1 Z17.276 X106.209 Y81.71 E333.13694
G1 Z17.278 X107.391 Y82.156 E333.1797
G1 Z17.280 X108.543 Y82.677 E333.2225
G1 Z17.282 X109.657 Y83.273 E333.26527
G1 Z17.284 X110.731 Y83.94 E333.30806
G1 Z17.286 X111.758 Y84.677 E333.35085
G1 Z17.288 X112.735 Y85.478 E333.39361
G1 Z17.290 X113.658 Y86.342 E333.4364
G1 Z17.292 X114.522 Y87.265 E333.47919
G1 Z17.295 X115.323 Y88.242 E333.52195
G1 Z17.297 X116.06 Y89.269 E333.56474
G1 Z17.299 X116.727 Y90.343 E333.60753
G1 Z17.301 X117.323 Y91.457 E333.6503
G1 Z17.303 X117.844 Y92.609 E333.6931
G1 Z17.305 X118.29 Y93.791 E333.73586
G1 Z17.307 X118.657 Y95.001 E333.77866
G1 Z17.309 X118.944 Y96.232 E333.82145
G1 Z17.311 X119.149 Y97.479 E333.86423
G1 Z17.313 X119.273 Y98.737 E333.90702
G1 Z17.315 X119.311 Y99.872 E333.94546
G1 Z17.317 X119.273 Y101.264 E333.9926
G1 Z17.320 X119.149 Y102.521 E334.03535
G1 Z17.322 X118.944 Y103.768 E334.07813
G1 Z17.324 X118.657 Y104.999 E334.12092
G1 Z17.326 X118.29 Y106.209 E334.16372
G1 Z17.328 X117.844 Y107.391 E334.20648
G1 Z17.330 X117.323 Y108.543 E334.24928
G1 Z17.332 X116.727 Y109.657 E334.29205
G1 Z17.334 X116.06 Y110.731 E334.33484
G1 Z17.336 X115.323 Y111.758 E334.37763
G1 Z17.338 X114.522 Y112.735 E334.42039
G1 Z17.340 X113.658 Y113.658 E334.46318
G1 Z17.342 X112.735 Y114.522 E334.50597
G1 Z17.345 X111.758 Y115.323 E334.54873
G1 Z17.347 X110.731 Y116.06 E334.59152
G1 Z17.349 X109.657 Y116.727 E334.63431
G1 Z17.351 X108.543 Y117.323 E334.67708
G1 Z17.353 X107.391 Y117.844 E334.71988
G1 Z17.355 X106.209 Y118.29 E334.76264
G1 Z17.357 X104.999 Y118.657 E334.80544
G1 Z17.359 X103.768 Y118.944 E334.84823
G1 Z17.361 X102.521 Y119.149 E334.89101
G1 Z17.363 X101.263 Y119.273 E334.9338
G1 Z17.365 X100.128 Y119.311 E334.97224
G1 Z17.367 X98.736 Y119.273 E335.01938
G1 Z17.370 X97.479 Y119.149 E335.06213
G1 Z17.372 X96.232 Y118.944 E335.10491
G1 Z17.374 X95.001 Y118.657 E335.1477
G1 Z17.376 X93.791 Y118.29 E335.1905
G1 Z17.378 X92.609 Y117.844 E335.23326
G1 Z17.380 X91.457 Y117.323 E335.27606
G1 Z17.382 X90.343 Y116.727 E335.31883
G1 Z17.384 X89.269 Y116.06 E335.36162
G1 Z17.386 X88.242 Y115.323 E335.40441
G1 Z17.388 X87.265 Y114.522 E335.44717
G1 Z17.390 X86.342 Y113.658 E335.48996
G1 Z17.392 X85.478 Y112.735 E335.53275
G1 Z17.395 X84.677 Y111.758 E335.57551
G1 Z17.397 X83.94 Y110.731 E335.6183
G1 Z17.399 X83.273 Y109.657 E335.66109
G1 Z17.400 X82.904 Y108.966 E335.68761
;LAYER_CHANGE
;Z:17.6
;HEIGHT:0.200001
G1 Z17.400 F7800
G1 F1448
G1 Z17.401 X82.761 Y108.501 E335.70377
G1 Z17.403 X82.242 Y107.356 E335.74632
G1 Z17.405 X81.799 Y106.178 E335.78892
G1 Z17.407 X81.434 Y104.975 E335.83147
G1 Z17.409 X81.148 Y103.75 E335.87405
G1 Z17.411 X80.943 Y102.509 E335.91663
G1 Z17.413 X80.82 Y101.257 E335.95921
G1 Z17.415 X80.779 Y100 E336.00178
G1 Z17.417 X80.82 Y98.743 E336.04435
G1 Z17.420 X80.943 Y97.491 E336.08693
G1 Z17.422 X81.148 Y96.25 E336.12951
G1 Z17.424 X81.434 Y95.025 E336.17209
G1 Z17.426 X81.799 Y93.822 E336.21464
G1 Z17.428 X82.242 Y92.644 E336.25724
G1 Z17.430 X82.761 Y91.499 E336.29979
G1 Z17.431 X83.056 Y90.946 E336.32101
G1 Z17.432 X83.354 Y90.389 E336.34239
G1 Z17.434 X84.018 Y89.321 E336.38496
G1 Z17.436 X84.751 Y88.299 E336.42753
G1 Z17.437 X85.148 Y87.815 E336.44872
G1 Z17.438 X85.549 Y87.327 E336.4701
G1 Z17.440 X86.409 Y86.409 E336.51268
G1 Z17.442 X87.327 Y85.549 E336.55526
G1 Z17.445 X88.299 Y84.751 E336.59783
G1 Z17.447 X89.321 Y84.018 E336.6404
G1 Z17.449 X90.389 Y83.354 E336.68297
G1 Z17.451 X91.499 Y82.761 E336.72557
G1 Z17.453 X92.644 Y82.242 E336.76812
G1 Z17.455 X93.822 Y81.799 E336.81072
G1 Z17.457 X95.025 Y81.434 E336.85327
G1 Z17.459 X96.25 Y81.148 E336.89585
G1 Z17.461 X97.491 Y80.943 E336.93843
G1 Z17.463 X98.743 Y80.82 E336.98101
G1 Z17.465 X100 Y80.779 E337.02358
G1 Z17.466 X100.626 Y80.799 E337.04478
G1 Z17.467 X101.257 Y80.82 E337.06615
G1 Z17.470 X102.509 Y80.943 E337.10873
G1 Z17.472 X103.75 Y81.148 E337.15131
G1 Z17.474 X104.975 Y81.434 E337.19389
G1 Z17.476 X106.178 Y81.799 E337.23644
G1 Z17.478 X107.356 Y82.242 E337.27904
G1 Z17.480 X108.501 Y82.761 E337.32159
G1 Z17.482 X109.611 Y83.354 E337.36419
G1 Z17.484 X110.679 Y84.018 E337.40676
G1 Z17.486 X111.701 Y84.751 E337.44933
G1 Z17.488 X112.673 Y85.549 E337.4919
G1 Z17.490 X113.591 Y86.409 E337.53448
G1 Z17.492 X114.451 Y87.327 E337.57706
G1 Z17.495 X115.249 Y88.299 E337.61963
G1 Z17.497 X115.982 Y89.321 E337.6622
G1 Z17.499 X116.646 Y90.389 E337.70477
G1 Z17.501 X117.239 Y91.499 E337.74737
G1 Z17.503 X117.758 Y92.644 E337.78992
G1 Z17.505 X118.201 Y93.822 E337.83252
G1 Z17.507 X118.566 Y95.025 E337.87507
G1 Z17.509 X118.852 Y96.25 E337.91765
G1 Z17.511 X119.057 Y97.491 E337.96023
G1 Z17.513 X119.18 Y98.743 E338.00281
G1 Z17.515 X119.221 Y100 E338.04538
G1 Z17.517 X119.18 Y101.257 E338.08795
G1 Z17.520 X119.057 Y102.509 E338.13053
G1 Z17.522 X118.852 Y103.75 E338.17311
G1 Z17.524 X118.566 Y104.975 E338.21569
G1 Z17.526 X118.201 Y106.178 E338.25824
G1 Z17.528 X117.758 Y107.356 E338.30084
G1 Z17.530 X117.239 Y108.501 E338.34339
G1 Z17.532 X116.646 Y109.611 E338.38599
G1 Z17.534 X115.982 Y110.679 E338.42856
G1 Z17.536 X115.249 Y111.701 E338.47113
G1 Z17.538 X114.451 Y112.673 E338.5137
G1 Z17.540 X113.591 Y113.591 E338.55628
G1 Z17.542 X112.673 Y114.451 E338.59886
G1 Z17.545 X111.701 Y115.249 E338.64143
G1 Z17.547 X110.679 Y115.982 E338.684
G1 Z17.549 X109.611 Y116.646 E338.72657
G1 Z17.551 X108.501 Y117.239 E338.76917
G1 Z17.553 X107.356 Y117.758 E338.81172
G1 Z17.555 X106.178 Y118.201 E338.85432
G1 Z17.557 X104.975 Y118.566 E338.89687
G1 Z17.559 X103.75 Y118.852 E338.93945
G1 Z17.561 X102.509 Y119.057 E338.98203
G1 Z17.563 X101.257 Y119.18 E339.02461
G1 Z17.565 X100 Y119.221 E339.06718
G1 Z17.567 X98.743 Y119.18 E339.10975
G1 Z17.570 X97.491 Y119.057 E339.15233
G1 Z17.572 X96.25 Y118.852 E339.19491
G1 Z17.574 X95.025 Y118.566 E339.23749
G1 Z17.576 X93.822 Y118.201 E339.28004
G1 Z17.578 X92.644 Y117.758 E339.32264
G1 Z17.580 X91.499 Y117.239 E339.36519
G1 Z17.582 X90.389 Y116.646 E339.40779
G1 Z17.584 X89.321 Y115.982 E339.45036
G1 Z17.586 X88.299 Y115.249 E339.49293
G1 Z17.587 X87.815 Y114.852 E339.51412
G1 Z17.588 X87.327 Y114.451 E339.5355
G1 Z17.590 X86.409 Y113.591 E339.57808
G1 Z17.592 X85.549 Y112.673 E339.62066
G1 Z17.595 X84.751 Y111.701 E339.66323
G1 Z17.597 X84.018 Y110.679 E339.7058
G1 Z17.599 X83.354 Y109.611 E339.74837
G1 Z17.600 X82.986 Y108.922 E339.77481
;LAYER_CHANGE
;Z:17.8
;HEIGHT:0.199999
G1 Z17.600 F7800
G1 F1440
G1 Z17.601 X82.847 Y108.459 E339.79086
G1 Z17.603 X82.331 Y107.319 E339.83322
G1 Z17.605 X81.89 Y106.148 E339.87557
G1 Z17.607 X81.527 Y104.95 E339.91794
G1 Z17.609 X81.243 Y103.731 E339.96031
G1 Z17.611 X81.039 Y102.496 E340.00268
G1 Z17.613 X80.916 Y101.251 E340.04503
G1 Z17.615 X80.875 Y100 E340.0874
G1 Z17.617 X80.916 Y98.749 E340.12977
G1 Z17.620 X81.039 Y97.504 E340.17212
G1 Z17.622 X81.243 Y96.269 E340.21449
G1 Z17.624 X81.527 Y95.05 E340.25686
G1 Z17.626 X81.89 Y93.852 E340.29923
G1 Z17.628 X82.331 Y92.681 E340.34158
G1 Z17.630 X82.847 Y91.541 E340.38394
G1 Z17.632 X83.437 Y90.438 E340.42628
G1 Z17.634 X84.098 Y89.375 E340.46865
G1 Z17.636 X84.906 Y88.261 E340.51523
G1 Z17.638 X85.621 Y87.39 E340.55337
G1 Z17.640 X86.476 Y86.477 E340.59571
G1 Z17.643 X87.487 Y85.542 E340.64232
G1 Z17.645 X88.357 Y84.827 E340.68044
G1 Z17.647 X89.374 Y84.099 E340.72278
G1 Z17.649 X90.548 Y83.378 E340.76941
G1 Z17.651 X91.541 Y82.847 E340.80753
G1 Z17.653 X92.681 Y82.331 E340.84989
G1 Z17.655 X93.852 Y81.89 E340.89224
G1 Z17.657 X95.05 Y81.527 E340.93461
G1 Z17.659 X96.269 Y81.243 E340.97698
G1 Z17.661 X97.504 Y81.039 E341.01935
G1 Z17.663 X98.749 Y80.916 E341.0617
G1 Z17.666 X100.125 Y80.879 E341.10829
G1 Z17.667 X101.251 Y80.916 E341.14642
G1 Z17.670 X102.496 Y81.039 E341.18877
G1 Z17.672 X103.731 Y81.243 E341.23114
G1 Z17.674 X104.95 Y81.527 E341.27351
G1 Z17.676 X106.148 Y81.89 E341.31588
G1 Z17.678 X107.319 Y82.331 E341.35823
G1 Z17.680 X108.459 Y82.847 E341.40059
G1 Z17.682 X109.562 Y83.437 E341.44293
G1 Z17.684 X110.625 Y84.098 E341.4853
G1 Z17.686 X111.739 Y84.906 E341.53188
G1 Z17.688 X112.61 Y85.621 E341.57002
G1 Z17.690 X113.523 Y86.476 E341.61236
G1 Z17.693 X114.458 Y87.487 E341.65897
G1 Z17.695 X115.173 Y88.357 E341.69709
G1 Z17.697 X115.901 Y89.374 E341.73943
G1 Z17.699 X116.622 Y90.548 E341.78606
G1 Z17.701 X117.153 Y91.541 E341.82418
G1 Z17.703 X117.669 Y92.681 E341.86654
G1 Z17.705 X118.11 Y93.852 E341.90889
G1 Z17.707 X118.473 Y95.05 E341.95126
G1 Z17.709 X118.757 Y96.269 E341.99363
G1 Z17.711 X118.961 Y97.504 E342.036
G1 Z17.713 X119.084 Y98.749 E342.07835
G1 Z17.715 X119.125 Y100 E342.12072
G1 Z17.717 X119.084 Y101.251 E342.16309
G1 Z17.720 X118.961 Y102.496 E342.20544
G1 Z17.722 X118.757 Y103.731 E342.24781
G1 Z17.724 X118.473 Y104.95 E342.29018
G1 Z17.726 X118.11 Y106.148 E342.33255
G1 Z17.728 X117.669 Y107.319 E342.3749
G1 Z17.730 X117.153 Y108.459 E342.41726
G1 Z17.732 X116.563 Y109.562 E342.4596
G1 Z17.734 X115.902 Y110.625 E342.50197
G1 Z17.736 X115.094 Y111.739 E342.54855
G1 Z17.738 X114.379 Y112.61 E342.58669
G1 Z17.740 X113.524 Y113.523 E342.62903
G1 Z17.743 X112.513 Y114.458 E342.67564
G1 Z17.745 X111.643 Y115.173 E342.71376
G1 Z17.747 X110.626 Y115.901 E342.7561
G1 Z17.749 X109.452 Y116.622 E342.80273
G1 Z17.751 X108.459 Y117.153 E342.84085
G1 Z17.753 X107.319 Y117.669 E342.88321
G1 Z17.755 X106.148 Y118.11 E342.92556
G1 Z17.757 X104.95 Y118.473 E342.96793
G1 Z17.759 X103.731 Y118.757 E343.0103
G1 Z17.761 X102.496 Y118.961 E343.05267
G1 Z17.763 X101.251 Y119.084 E343.09502
G1 Z17.765 X100 Y119.125 E343.13739
G1 Z17.767 X98.749 Y119.084 E343.17976
G1 Z17.770 X97.504 Y118.961 E343.22211
G1 Z17.772 X96.269 Y118.757 E343.26448
G1 Z17.774 X95.05 Y118.473 E343.30685
G1 Z17.776 X93.852 Y118.11 E343.34922
G1 Z17.778 X92.681 Y117.669 E343.39157
G1 Z17.780 X91.541 Y117.153 E343.43393
G1 Z17.782 X90.438 Y116.563 E343.47627
G1 Z17.784 X89.375 Y115.902 E343.51864
G1 Z17.786 X88.261 Y115.094 E343.56522
G1 Z17.788 X87.39 Y114.379 E343.60336
G1 Z17.790 X86.477 Y113.524 E343.6457
G1 Z17.793 X85.542 Y112.513 E343.69231
G1 Z17.795 X84.827 Y111.643 E343.73043
G1 Z17.797 X84.099 Y110.626 E343.77277
G1 Z17.799 X83.378 Y109.452 E343.8194
G1 Z17.800 X83.071 Y108.877 E343.84146
;LAYER_CHANGE
;Z:18
;HEIGHT:0.200001
G1 Z17.800 F7800
G1 F1433
G1 Z17.801 X82.94 Y108.413 E343.85739
G1 Z17.803 X82.426 Y107.279 E343.89953
G1 Z17.805 X81.988 Y106.114 E343.94166
G1 Z17.807 X81.626 Y104.923 E343.98379
G1 Z17.809 X81.344 Y103.711 E344.02591
G1 Z17.811 X81.141 Y102.483 E344.06804
G1 Z17.813 X81.019 Y101.244 E344.11018
G1 Z17.815 X80.99 Y100.373 E344.13968
G1 Z17.815 X80.978 Y100 E344.15231
G1 Z17.817 X81.019 Y98.756 E344.19444
G1 Z17.820 X81.141 Y97.517 E344.23658
G1 Z17.822 X81.344 Y96.289 E344.27871
G1 Z17.824 X81.626 Y95.077 E344.32083
G1 Z17.826 X81.988 Y93.886 E344.36296
G1 Z17.828 X82.426 Y92.721 E344.40509
G1 Z17.830 X82.94 Y91.587 E344.44723
G1 Z17.832 X83.527 Y90.489 E344.48937
G1 Z17.834 X84.184 Y89.432 E344.5315
G1 Z17.836 X84.909 Y88.42 E344.57364
G1 Z17.838 X85.699 Y87.458 E344.61578
G1 Z17.840 X86.55 Y86.55 E344.6579
G1 Z17.842 X87.458 Y85.699 E344.70002
G1 Z17.845 X88.42 Y84.909 E344.74216
G1 Z17.847 X89.432 Y84.184 E344.7843
G1 Z17.849 X90.489 Y83.527 E344.82643
G1 Z17.851 X91.587 Y82.94 E344.86857
G1 Z17.853 X92.721 Y82.426 E344.91071
G1 Z17.855 X93.886 Y81.988 E344.95284
G1 Z17.857 X95.077 Y81.626 E344.99497
G1 Z17.859 X96.289 Y81.344 E345.03709
G1 Z17.861 X97.517 Y81.141 E345.07922
G1 Z17.863 X98.756 Y81.019 E345.12136
G1 Z17.865 X100 Y80.978 E345.16349
G1 Z17.867 X100.871 Y81.007 E345.19299
G1 Z17.867 X101.244 Y81.019 E345.20562
G1 Z17.870 X102.483 Y81.141 E345.24776
G1 Z17.872 X103.711 Y81.344 E345.28989
G1 Z17.874 X104.923 Y81.626 E345.33201
G1 Z17.876 X106.114 Y81.988 E345.37414
G1 Z17.878 X107.279 Y82.426 E345.41627
G1 Z17.880 X108.413 Y82.94 E345.45841
G1 Z17.882 X109.511 Y83.527 E345.50055
G1 Z17.884 X110.568 Y84.184 E345.54268
G1 Z17.886 X111.58 Y84.909 E345.58482
G1 Z17.888 X112.542 Y85.699 E345.62696
G1 Z17.890 X113.45 Y86.55 E345.66908
G1 Z17.892 X114.301 Y87.458 E345.7112
G1 Z17.895 X115.091 Y88.42 E345.75334
G1 Z17.897 X115.816 Y89.432 E345.79548
G1 Z17.899 X116.473 Y90.489 E345.83761
G1 Z17.901 X117.06 Y91.587 E345.87975
G1 Z17.903 X117.574 Y92.721 E345.92189
G1 Z17.905 X118.012 Y93.886 E345.96402
G1 Z17.907 X118.374 Y95.077 E346.00615
G1 Z17.909 X118.656 Y96.289 E346.04827
G1 Z17.911 X118.859 Y97.517 E346.0904
G1 Z17.913 X118.981 Y98.756 E346.13254
G1 Z17.915 X119.01 Y99.627 E346.16204
G1 Z17.915 X119.022 Y100 E346.17467
G1 Z17.917 X118.981 Y101.244 E346.2168
G1 Z17.920 X118.859 Y102.483 E346.25894
G1 Z17.922 X118.656 Y103.711 E346.30107
G1 Z17.924 X118.374 Y104.923 E346.34319
G1 Z17.926 X118.012 Y106.114 E346.38532
G1 Z17.928 X117.574 Y107.279 E346.42745
G1 Z17.930 X117.06 Y108.413 E346.46959
G1 Z17.932 X116.473 Y109.511 E346.51173
G1 Z17.934 X115.816 Y110.568 E346.55386
G1 Z17.936 X115.091 Y111.58 E346.596
G1 Z17.938 X114.301 Y112.542 E346.63814
G1 Z17.940 X113.45 Y113.45 E346.68026
G1 Z17.942 X112.542 Y114.301 E346.72238
G1 Z17.945 X111.58 Y115.091 E346.76452
G1 Z17.947 X110.568 Y115.816 E346.80666
G1 Z17.949 X109.511 Y116.473 E346.84879
G1 Z17.951 X108.413 Y117.06 E346.89093
G1 Z17.953 X107.279 Y117.574 E346.93307
G1 Z17.955 X106.114 Y118.012 E346.9752
G1 Z17.957 X104.923 Y118.374 E347.01733
G1 Z17.959 X103.711 Y118.656 E347.05945
G1 Z17.961 X102.483 Y118.859 E347.10158
G1 Z17.963 X101.244 Y118.981 E347.14372
G1 Z17.965 X100.373 Y119.01 E347.17322
G1 Z17.965 X100 Y119.022 E347.18585
G1 Z17.967 X98.756 Y118.981 E347.22798
G1 Z17.970 X97.517 Y118.859 E347.27012
G1 Z17.972 X96.289 Y118.656 E347.31225
G1 Z17.974 X95.077 Y118.374 E347.35437
G1 Z17.976 X93.886 Y118.012 E347.3965
G1 Z17.978 X92.721 Y117.574 E347.43863
G1 Z17.980 X91.587 Y117.06 E347.48077
G1 Z17.982 X90.489 Y116.473 E347.52291
G1 Z17.984 X89.432 Y115.816 E347.56504
G1 Z17.986 X88.42 Y115.091 E347.60718
G1 Z17.988 X87.458 Y114.301 E347.64932
G1 Z17.990 X86.55 Y113.45 E347.69144
G1 Z17.992 X85.699 Y112.542 E347.73356
G1 Z17.995 X84.909 Y111.58 E347.7757
G1 Z17.997 X84.184 Y110.568 E347.81784
G1 Z17.999 X83.527 Y109.511 E347.85997
G1 Z18.000 X83.162 Y108.828 E347.88618
;LAYER_CHANGE
;Z:18.2
;HEIGHT:0.200001
G1 Z18.000 F7800
G1 F1425
G1 Z18.001 X83.036 Y108.366 E347.90199
G1 Z18.003 X82.525 Y107.238 E347.94391
G1 Z18.005 X82.089 Y106.08 E347.98579
G1 Z18.007 X81.73 Y104.896 E348.02767
G1 Z18.009 X81.449 Y103.69 E348.06959
G1 Z18.011 X81.247 Y102.469 E348.11148
G1 Z18.013 X81.126 Y101.237 E348.15338
G1 Z18.015 X81.085 Y100 E348.19527
G1 Z18.017 X81.126 Y98.763 E348.23716
G1 Z18.020 X81.247 Y97.531 E348.27906
G1 Z18.022 X81.449 Y96.31 E348.32095
G1 Z18.024 X81.73 Y95.104 E348.36287
G1 Z18.026 X82.089 Y93.92 E348.40475
G1 Z18.028 X82.525 Y92.762 E348.44663
G1 Z18.030 X83.036 Y91.634 E348.48855
G1 Z18.032 X83.619 Y90.543 E348.53042
G1 Z18.034 X84.273 Y89.491 E348.57235
G1 Z18.036 X84.994 Y88.485 E348.61424
G1 Z18.038 X85.779 Y87.529 E348.65611
G1 Z18.040 X86.625 Y86.625 E348.69802
G1 Z18.042 X87.529 Y85.779 E348.73993
G1 Z18.045 X88.485 Y84.994 E348.7818
G1 Z18.047 X89.491 Y84.273 E348.82369
G1 Z18.049 X90.543 Y83.619 E348.86562
G1 Z18.051 X91.634 Y83.036 E348.90749
G1 Z18.053 X92.762 Y82.525 E348.94941
G1 Z18.055 X93.92 Y82.089 E348.99129
G1 Z18.057 X95.104 Y81.73 E349.03317
G1 Z18.059 X96.31 Y81.449 E349.07509
G1 Z18.061 X97.531 Y81.247 E349.11698
G1 Z18.063 X98.763 Y81.126 E349.15888
G1 Z18.065 X100 Y81.085 E349.20077
G1 Z18.066 X100.366 Y81.097 E349.21317
G1 Z18.067 X101.237 Y81.126 E349.24267
G1 Z18.070 X102.469 Y81.247 E349.28457
G1 Z18.072 X103.69 Y81.449 E349.32646
G1 Z18.074 X104.896 Y81.73 E349.36838
G1 Z18.076 X106.08 Y82.089 E349.41026
G1 Z18.078 X107.238 Y82.525 E349.45214
G1 Z18.080 X108.366 Y83.036 E349.49406
G1 Z18.082 X109.457 Y83.619 E349.53593
G1 Z18.084 X110.509 Y84.273 E349.57786
G1 Z18.086 X111.515 Y84.994 E349.61975
G1 Z18.088 X112.471 Y85.779 E349.66162
G1 Z18.090 X113.375 Y86.625 E349.70353
G1 Z18.092 X114.221 Y87.529 E349.74544
G1 Z18.095 X115.006 Y88.485 E349.78731
G1 Z18.097 X115.727 Y89.491 E349.8292
G1 Z18.099 X116.381 Y90.543 E349.87113
G1 Z18.101 X116.964 Y91.634 E349.913
G1 Z18.103 X117.475 Y92.762 E349.95492
G1 Z18.105 X117.911 Y93.92 E349.9968
G1 Z18.107 X118.27 Y95.104 E350.03868
G1 Z18.109 X118.551 Y96.31 E350.0806
G1 Z18.111 X118.753 Y97.531 E350.12249
G1 Z18.113 X118.874 Y98.763 E350.16439
G1 Z18.115 X118.915 Y100 E350.20628
G1 Z18.117 X118.874 Y101.237 E350.24817
G1 Z18.120 X118.753 Y102.469 E350.29007
G1 Z18.122 X118.551 Y103.69 E350.33196
G1 Z18.124 X118.27 Y104.896 E350.37388
G1 Z18.126 X117.911 Y106.08 E350.41576
G1 Z18.128 X117.475 Y107.238 E350.45764
G1 Z18.130 X116.964 Y108.366 E350.49956
G1 Z18.132 X116.381 Y109.457 E350.54143
G1 Z18.134 X115.727 Y110.509 E350.58336
G1 Z18.136 X115.006 Y111.515 E350.62525
G1 Z18.138 X114.221 Y112.471 E350.66712
G1 Z18.140 X113.375 Y113.375 E350.70903
G1 Z18.142 X112.471 Y114.221 E350.75094
G1 Z18.145 X111.515 Y115.006 E350.79281
G1 Z18.147 X110.509 Y115.727 E350.8347
G1 Z18.149 X109.457 Y116.381 E350.87663
G1 Z18.151 X108.366 Y116.964 E350.9185
G1 Z18.153 X107.238 Y117.475 E350.96042
G1 Z18.155 X106.08 Y117.911 E351.0023
G1 Z18.157 X104.896 Y118.27 E351.04418
G1 Z18.159 X103.69 Y118.551 E351.0861
G1 Z18.161 X102.469 Y118.753 E351.12799
G1 Z18.163 X101.237 Y118.874 E351.16989
G1 Z18.165 X100 Y118.915 E351.21178
G1 Z18.167 X98.763 Y118.874 E351.25367
G1 Z18.170 X97.531 Y118.753 E351.29557
G1 Z18.172 X96.31 Y118.551 E351.33746
G1 Z18.174 X95.104 Y118.27 E351.37938
G1 Z18.176 X93.92 Y117.911 E351.42126
G1 Z18.178 X92.762 Y117.475 E351.46314
G1 Z18.180 X91.634 Y116.964 E351.50506
G1 Z18.182 X90.543 Y116.381 E351.54693
G1 Z18.184 X89.491 Y115.727 E351.58886
G1 Z18.186 X88.485 Y115.006 E351.63075
G1 Z18.188 X87.529 Y114.221 E351.67262
G1 Z18.190 X86.625 Y113.375 E351.71453
G1 Z18.192 X85.779 Y112.471 E351.75644
G1 Z18.195 X84.994 Y111.515 E351.79831
G1 Z18.197 X84.273 Y110.509 E351.8402
G1 Z18.199 X83.619 Y109.457 E351.88213
G1 Z18.200 X83.256 Y108.778 E351.90819
;LAYER_CHANGE
;Z:18.4
;HEIGHT:0.199999
G1 Z18.200 F7800
G1 F1416
G1 Z18.201 X83.135 Y108.317 E351.92389
G1 Z18.203 X82.627 Y107.196 E351.96555
G1 Z18.205 X82.194 Y106.044 E352.00721
G1 Z18.207 X81.837 Y104.867 E352.04884
G1 Z18.209 X81.557 Y103.669 E352.09048
G1 Z18.211 X81.357 Y102.454 E352.13216
G1 Z18.213 X81.236 Y101.23 E352.17379
G1 Z18.215 X81.2 Y100.125 E352.21121
G1 Z18.217 X81.236 Y98.769 E352.25713
G1 Z18.220 X81.357 Y97.546 E352.29873
G1 Z18.222 X81.557 Y96.331 E352.34041
G1 Z18.224 X81.837 Y95.133 E352.38205
G1 Z18.226 X82.194 Y93.956 E352.42368
G1 Z18.228 X82.627 Y92.804 E352.46534
G1 Z18.230 X83.135 Y91.683 E352.507
G1 Z18.232 X83.715 Y90.598 E352.54864
G1 Z18.234 X84.365 Y89.553 E352.5903
G1 Z18.236 X85.082 Y88.553 E352.63195
G1 Z18.238 X85.862 Y87.602 E352.67358
G1 Z18.240 X86.618 Y86.795 E352.71101
G1 Z18.242 X87.602 Y85.862 E352.75691
G1 Z18.245 X88.553 Y85.082 E352.79854
G1 Z18.247 X89.553 Y84.365 E352.84019
G1 Z18.249 X90.598 Y83.715 E352.88185
G1 Z18.251 X91.683 Y83.135 E352.92349
G1 Z18.253 X92.804 Y82.627 E352.96515
G1 Z18.255 X93.956 Y82.194 E353.00681
G1 Z18.257 X95.133 Y81.837 E353.04844
G1 Z18.259 X96.331 Y81.557 E353.09008
G1 Z18.261 X97.546 Y81.357 E353.13176
G1 Z18.263 X98.77 Y81.236 E353.17339
G1 Z18.265 X100 Y81.196 E353.21505
G1 Z18.267 X101.105 Y81.232 E353.25247
G1 Z18.270 X102.455 Y81.357 E353.29836
G1 Z18.272 X103.669 Y81.557 E353.34001
G1 Z18.274 X104.867 Y81.837 E353.38165
G1 Z18.276 X106.044 Y82.194 E353.42328
G1 Z18.278 X107.196 Y82.627 E353.46494
G1 Z18.280 X108.317 Y83.135 E353.5066
G1 Z18.282 X109.402 Y83.715 E353.54824
G1 Z18.284 X110.447 Y84.365 E353.5899
G1 Z18.286 X111.447 Y85.082 E353.63155
G1 Z18.288 X112.398 Y85.862 E353.67318
G1 Z18.290 X113.205 Y86.618 E353.71061
G1 Z18.292 X114.138 Y87.602 E353.75651
G1 Z18.295 X114.918 Y88.553 E353.79814
G1 Z18.297 X115.635 Y89.553 E353.83979
G1 Z18.299 X116.285 Y90.598 E353.88145
G1 Z18.301 X116.865 Y91.683 E353.92309
G1 Z18.303 X117.373 Y92.804 E353.96475
G1 Z18.305 X117.806 Y93.956 E354.00641
G1 Z18.307 X118.163 Y95.133 E354.04804
G1 Z18.309 X118.443 Y96.331 E354.08968
G1 Z18.311 X118.643 Y97.546 E354.13136
G1 Z18.313 X118.764 Y98.77 E354.17299
G1 Z18.315 X118.8 Y99.875 E354.21041
G1 Z18.317 X118.764 Y101.231 E354.25633
G1 Z18.320 X118.643 Y102.454 E354.29793
G1 Z18.322 X118.443 Y103.669 E354.33961
G1 Z18.324 X118.163 Y104.867 E354.38125
G1 Z18.326 X117.806 Y106.044 E354.42288
G1 Z18.328 X117.373 Y107.196 E354.46454
G1 Z18.330 X116.865 Y108.317 E354.5062
G1 Z18.332 X116.285 Y109.402 E354.54784
G1 Z18.334 X115.635 Y110.447 E354.5895
G1 Z18.336 X114.918 Y111.447 E354.63115
G1 Z18.338 X114.138 Y112.398 E354.67278
G1 Z18.340 X113.382 Y113.205 E354.71021
G1 Z18.342 X112.398 Y114.138 E354.75611
G1 Z18.345 X111.447 Y114.918 E354.79774
G1 Z18.347 X110.447 Y115.635 E354.83939
G1 Z18.349 X109.402 Y116.285 E354.88105
G1 Z18.351 X108.317 Y116.865 E354.92269
G1 Z18.353 X107.196 Y117.373 E354.96435
G1 Z18.355 X106.044 Y117.806 E355.00601
G1 Z18.357 X104.867 Y118.163 E355.04764
G1 Z18.359 X103.669 Y118.443 E355.08928
G1 Z18.361 X102.454 Y118.643 E355.13096
G1 Z18.363 X101.23 Y118.764 E355.17259
G1 Z18.365 X100.125 Y118.8 E355.21001
G1 Z18.367 X98.769 Y118.764 E355.25593
G1 Z18.370 X97.546 Y118.643 E355.29753
G1 Z18.372 X96.331 Y118.443 E355.33921
G1 Z18.374 X95.133 Y118.163 E355.38085
G1 Z18.376 X93.956 Y117.806 E355.42248
G1 Z18.378 X92.804 Y117.373 E355.46414
G1 Z18.380 X91.683 Y116.865 E355.5058
G1 Z18.382 X90.598 Y116.285 E355.54744
G1 Z18.384 X89.553 Y115.635 E355.5891
G1 Z18.386 X88.553 Y114.918 E355.63075
G1 Z18.388 X87.602 Y114.138 E355.67238
G1 Z18.390 X86.795 Y113.382 E355.70981
G1 Z18.392 X85.862 Y112.398 E355.75571
G1 Z18.395 X85.082 Y111.447 E355.79734
G1 Z18.397 X84.365 Y110.447 E355.83899
G1 Z18.399 X83.715 Y109.402 E355.88065
G1 Z18.400 X83.354 Y108.726 E355.90659
;LAYER_CHANGE
;Z:18.6
;HEIGHT:0.200001
G1 Z18.400 F7800
G1 F1408
G1 Z18.401 X83.24 Y108.265 E355.92216
G1 Z18.403 X82.735 Y107.151 E355.96356
G1 Z18.405 X82.304 Y106.007 E356.00494
G1 Z18.407 X81.949 Y104.837 E356.04633
G1 Z18.409 X81.671 Y103.646 E356.08773
G1 Z18.411 X81.472 Y102.439 E356.12914
G1 Z18.413 X81.352 Y101.222 E356.17053
G1 Z18.415 X81.312 Y100 E356.21192
G1 Z18.417 X81.352 Y98.778 E356.25331
G1 Z18.420 X81.472 Y97.561 E356.2947
G1 Z18.422 X81.671 Y96.354 E356.33611
G1 Z18.424 X81.949 Y95.163 E356.37751
G1 Z18.426 X82.304 Y93.993 E356.4189
G1 Z18.428 X82.735 Y92.849 E356.46028
G1 Z18.430 X83.24 Y91.735 E356.50168
G1 Z18.432 X83.816 Y90.656 E356.54308
G1 Z18.434 X84.462 Y89.618 E356.58446
G1 Z18.436 X85.174 Y88.624 E356.62585
G1 Z18.437 X85.56 Y88.153 E356.64646
G1 Z18.438 X85.95 Y87.678 E356.66726
G1 Z18.440 X86.786 Y86.786 E356.70864
G1 Z18.442 X87.678 Y85.95 E356.75002
G1 Z18.445 X88.624 Y85.174 E356.79144
G1 Z18.447 X89.618 Y84.462 E356.83283
G1 Z18.449 X90.656 Y83.816 E356.87421
G1 Z18.451 X91.735 Y83.24 E356.91561
G1 Z18.453 X92.849 Y82.735 E356.95701
G1 Z18.455 X93.993 Y82.304 E356.99839
G1 Z18.457 X95.163 Y81.949 E357.03978
G1 Z18.459 X96.354 Y81.671 E357.08118
G1 Z18.461 X97.561 Y81.472 E357.12259
G1 Z18.463 X98.778 Y81.352 E357.16398
G1 Z18.465 X100 Y81.312 E357.20537
G1 Z18.466 X100.608 Y81.332 E357.22596
G1 Z18.467 X101.222 Y81.352 E357.24675
G1 Z18.470 X102.439 Y81.472 E357.28814
G1 Z18.472 X103.646 Y81.671 E357.32955
G1 Z18.474 X104.837 Y81.949 E357.37095
G1 Z18.476 X106.007 Y82.304 E357.41234
G1 Z18.478 X107.151 Y82.735 E357.45372
G1 Z18.480 X108.265 Y83.24 E357.49512
G1 Z18.482 X109.344 Y83.816 E357.53652
G1 Z18.484 X110.382 Y84.462 E357.5779
G1 Z18.486 X111.376 Y85.174 E357.61929
G1 Z18.487 X111.847 Y85.56 E357.6399
G1 Z18.488 X112.322 Y85.95 E357.6607
G1 Z18.490 X113.214 Y86.786 E357.70208
G1 Z18.492 X114.05 Y87.678 E357.74346
G1 Z18.495 X114.826 Y88.624 E357.78488
G1 Z18.497 X115.538 Y89.618 E357.82627
G1 Z18.499 X116.184 Y90.656 E357.86765
G1 Z18.501 X116.76 Y91.735 E357.90905
G1 Z18.503 X117.265 Y92.849 E357.95045
G1 Z18.505 X117.696 Y93.993 E357.99183
G1 Z18.507 X118.051 Y95.163 E358.03322
G1 Z18.509 X118.329 Y96.354 E358.07462
G1 Z18.511 X118.528 Y97.561 E358.11603
G1 Z18.513 X118.648 Y98.778 E358.15742
G1 Z18.515 X118.688 Y100 E358.19881
G1 Z18.517 X118.648 Y101.222 E358.2402
G1 Z18.520 X118.528 Y102.439 E358.28159
G1 Z18.522 X118.329 Y103.646 E358.323
G1 Z18.524 X118.051 Y104.837 E358.3644
G1 Z18.526 X117.696 Y106.007 E358.40579
G1 Z18.528 X117.265 Y107.151 E358.44717
G1 Z18.530 X116.76 Y108.265 E358.48857
G1 Z18.532 X116.184 Y109.344 E358.52997
G1 Z18.534 X115.538 Y110.382 E358.57135
G1 Z18.536 X114.826 Y111.376 E358.61274
G1 Z18.538 X114.05 Y112.322 E358.65416
G1 Z18.540 X113.214 Y113.214 E358.69554
G1 Z18.542 X112.322 Y114.05 E358.73692
G1 Z18.545 X111.376 Y114.826 E358.77834
G1 Z18.547 X110.382 Y115.538 E358.81973
G1 Z18.549 X109.344 Y116.184 E358.86111
G1 Z18.551 X108.265 Y116.76 E358.90251
G1 Z18.553 X107.151 Y117.265 E358.94391
G1 Z18.555 X106.007 Y117.696 E358.98529
G1 Z18.557 X104.837 Y118.051 E359.02668
G1 Z18.559 X103.646 Y118.329 E359.06808
G1 Z18.561 X102.439 Y118.528 E359.10949
G1 Z18.563 X101.222 Y118.648 E359.15088
G1 Z18.565 X100 Y118.688 E359.19227
G1 Z18.567 X98.778 Y118.648 E359.23366
G1 Z18.570 X97.561 Y118.528 E359.27505
G1 Z18.572 X96.354 Y118.329 E359.31646
G1 Z18.574 X95.163 Y118.051 E359.35786
G1 Z18.576 X93.993 Y117.696 E359.39925
G1 Z18.578 X92.849 Y117.265 E359.44063
G1 Z18.580 X91.735 Y116.76 E359.48203
G1 Z18.582 X90.656 Y116.184 E359.52343
G1 Z18.584 X89.618 Y115.538 E359.56481
G1 Z18.586 X88.624 Y114.826 E359.6062
G1 Z18.587 X88.153 Y114.44 E359.62681
G1 Z18.588 X87.678 Y114.05 E359.64761
G1 Z18.590 X86.786 Y113.214 E359.68899
G1 Z18.592 X85.95 Y112.322 E359.73037
G1 Z18.595 X85.174 Y111.376 E359.77179
G1 Z18.597 X84.462 Y110.382 E359.81318
G1 Z18.599 X83.816 Y109.344 E359.85456
G1 Z18.600 X83.456 Y108.671 E359.88039
;LAYER_CHANGE
;Z:18.8
;HEIGHT:0.199999
G1 Z18.600 F7800
G1 F1399
G1 Z18.601 X83.346 Y108.213 E359.89582
G1 Z18.603 X82.844 Y107.106 E359.93696
G1 Z18.605 X82.416 Y105.969 E359.97808
G1 Z18.607 X82.064 Y104.806 E360.01921
G1 Z18.609 X81.788 Y103.623 E360.06033
G1 Z18.611 X81.59 Y102.424 E360.10146
G1 Z18.613 X81.471 Y101.214 E360.14261
G1 Z18.615 X81.431 Y100 E360.18372
G1 Z18.617 X81.471 Y98.786 E360.22483
G1 Z18.620 X81.59 Y97.576 E360.26598
G1 Z18.622 X81.788 Y96.377 E360.30711
G1 Z18.624 X82.064 Y95.194 E360.34823
G1 Z18.626 X82.416 Y94.031 E360.38936
G1 Z18.628 X82.844 Y92.894 E360.43048
G1 Z18.630 X83.346 Y91.787 E360.47162
G1 Z18.632 X83.919 Y90.715 E360.51276
G1 Z18.634 X84.56 Y89.684 E360.55385
G1 Z18.636 X85.345 Y88.602 E360.5991
G1 Z18.638 X86.039 Y87.757 E360.63611
G1 Z18.640 X86.87 Y86.87 E360.67725
G1 Z18.642 X87.757 Y86.039 E360.71839
G1 Z18.645 X88.696 Y85.268 E360.75952
G1 Z18.647 X89.684 Y84.56 E360.80066
G1 Z18.649 X90.715 Y83.919 E360.84175
G1 Z18.651 X91.787 Y83.346 E360.88289
G1 Z18.653 X92.894 Y82.844 E360.92403
G1 Z18.655 X94.031 Y82.416 E360.96515
G1 Z18.657 X95.194 Y82.064 E361.00628
G1 Z18.659 X96.377 Y81.788 E361.0474
G1 Z18.661 X97.576 Y81.59 E361.08853
G1 Z18.663 X98.785 Y81.471 E361.12965
G1 Z18.666 X100.121 Y81.435 E361.17489
G1 Z18.667 X101.214 Y81.471 E361.21191
G1 Z18.670 X102.424 Y81.59 E361.25306
G1 Z18.672 X103.623 Y81.788 E361.29419
G1 Z18.674 X104.806 Y82.064 E361.33531
G1 Z18.676 X105.969 Y82.416 E361.37644
G1 Z18.678 X107.106 Y82.844 E361.41756
G1 Z18.680 X108.213 Y83.346 E361.4587
G1 Z18.682 X109.285 Y83.919 E361.49984
G1 Z18.684 X110.316 Y84.56 E361.54093
G1 Z18.686 X111.398 Y85.345 E361.58618
G1 Z18.688 X112.243 Y86.039 E361.62319
G1 Z18.690 X113.13 Y86.87 E361.66433
G1 Z18.692 X113.961 Y87.757 E361.70547
G1 Z18.695 X114.732 Y88.696 E361.7466
G1 Z18.697 X115.44 Y89.684 E361.78774
G1 Z18.699 X116.081 Y90.715 E361.82883
G1 Z18.701 X116.654 Y91.787 E361.86997
G1 Z18.703 X117.156 Y92.894 E361.91111
G1 Z18.705 X117.584 Y94.031 E361.95223
G1 Z18.707 X117.936 Y95.194 E361.99336
G1 Z18.709 X118.212 Y96.377 E362.03448
G1 Z18.711 X118.41 Y97.576 E362.07561
G1 Z18.713 X118.529 Y98.786 E362.11676
G1 Z18.715 X118.569 Y100 E362.15787
G1 Z18.717 X118.529 Y101.214 E362.19898
G1 Z18.720 X118.41 Y102.424 E362.24013
G1 Z18.722 X118.212 Y103.623 E362.28126
G1 Z18.724 X117.936 Y104.806 E362.32238
G1 Z18.726 X117.584 Y105.969 E362.36351
G1 Z18.728 X117.156 Y107.106 E362.40463
G1 Z18.730 X116.654 Y108.213 E362.44577
G1 Z18.732 X116.081 Y109.285 E362.48691
G1 Z18.734 X115.44 Y110.316 E362.528
G1 Z18.736 X114.655 Y111.398 E362.57325
G1 Z18.738 X113.961 Y112.243 E362.61026
G1 Z18.740 X113.13 Y113.13 E362.6514
G1 Z18.742 X112.243 Y113.961 E362.69254
G1 Z18.745 X111.304 Y114.732 E362.73367
G1 Z18.747 X110.316 Y115.44 E362.77481
G1 Z18.749 X109.285 Y116.081 E362.8159
G1 Z18.751 X108.213 Y116.654 E362.85704
G1 Z18.753 X107.106 Y117.156 E362.89818
G1 Z18.755 X105.969 Y117.584 E362.9393
G1 Z18.757 X104.806 Y117.936 E362.98043
G1 Z18.759 X103.623 Y118.212 E363.02155
G1 Z18.761 X102.424 Y118.41 E363.06268
G1 Z18.763 X101.214 Y118.529 E363.10383
G1 Z18.765 X100 Y118.569 E363.14494
G1 Z18.767 X98.786 Y118.529 E363.18605
G1 Z18.770 X97.576 Y118.41 E363.2272
G1 Z18.772 X96.377 Y118.212 E363.26833
G1 Z18.774 X95.194 Y117.936 E363.30945
G1 Z18.776 X94.031 Y117.584 E363.35058
G1 Z18.778 X92.894 Y117.156 E363.3917
G1 Z18.780 X91.787 Y116.654 E363.43284
G1 Z18.782 X90.715 Y116.081 E363.47398
G1 Z18.784 X89.684 Y115.44 E363.51507
G1 Z18.786 X88.602 Y114.655 E363.56032
G1 Z18.788 X87.757 Y113.961 E363.59733
G1 Z18.790 X86.87 Y113.13 E363.63847
G1 Z18.792 X86.039 Y112.243 E363.67961
G1 Z18.795 X85.268 Y111.304 E363.72074
G1 Z18.797 X84.56 Y110.316 E363.76188
G1 Z18.799 X83.919 Y109.285 E363.80297
G1 Z18.800 X83.561 Y108.615 E363.82868
;LAYER_CHANGE
;Z:19
;HEIGHT:0.200001
G1 Z18.800 F7800
G1 F1389
G1 Z18.801 X83.457 Y108.158 E363.84399
G1 Z18.802 X83.108 Y107.388 E363.87261
G1 Z18.803 X82.959 Y107.059 E363.88484
G1 Z18.805 X82.534 Y105.929 E363.9257
G1 Z18.807 X82.183 Y104.774 E363.96656
G1 Z18.809 X81.909 Y103.598 E364.00743
G1 Z18.811 X81.713 Y102.408 E364.04825
G1 Z18.813 X81.594 Y101.206 E364.08914
G1 Z18.815 X81.555 Y100 E364.12998
G1 Z18.817 X81.594 Y98.794 E364.17082
G1 Z18.820 X81.713 Y97.592 E364.21171
G1 Z18.822 X81.909 Y96.402 E364.25253
G1 Z18.824 X82.183 Y95.226 E364.2934
G1 Z18.826 X82.534 Y94.071 E364.33426
G1 Z18.828 X82.959 Y92.941 E364.37512
G1 Z18.830 X83.457 Y91.842 E364.41596
G1 Z18.832 X84.026 Y90.777 E364.45683
G1 Z18.833 X84.472 Y90.06 E364.48541
G1 Z18.834 X84.663 Y89.752 E364.49768
G1 Z18.836 X85.366 Y88.771 E364.53853
G1 Z18.838 X86.132 Y87.838 E364.57939
G1 Z18.840 X86.957 Y86.957 E364.62024
G1 Z18.842 X87.838 Y86.132 E364.66109
G1 Z18.845 X88.771 Y85.366 E364.70195
G1 Z18.847 X89.752 Y84.663 E364.7428
G1 Z18.849 X90.777 Y84.026 E364.78365
G1 Z18.851 X91.842 Y83.457 E364.82452
G1 Z18.852 X92.612 Y83.108 E364.85314
G1 Z18.853 X92.941 Y82.959 E364.86537
G1 Z18.855 X94.071 Y82.534 E364.90623
G1 Z18.857 X95.226 Y82.183 E364.94709
G1 Z18.859 X96.402 Y81.909 E364.98796
G1 Z18.861 X97.592 Y81.713 E365.02878
G1 Z18.863 X98.794 Y81.594 E365.06967
G1 Z18.865 X100 Y81.555 E365.11051
G1 Z18.867 X100.845 Y81.582 E365.13913
G1 Z18.867 X101.206 Y81.594 E365.15136
G1 Z18.870 X102.408 Y81.713 E365.19225
G1 Z18.872 X103.598 Y81.909 E365.23307
G1 Z18.874 X104.774 Y82.183 E365.27394
G1 Z18.876 X105.929 Y82.534 E365.3148
G1 Z18.878 X107.059 Y82.959 E365.35566
G1 Z18.880 X108.158 Y83.457 E365.3965
G1 Z18.882 X109.223 Y84.026 E365.43737
G1 Z18.883 X109.94 Y84.472 E365.46595
G1 Z18.884 X110.248 Y84.663 E365.47822
G1 Z18.886 X111.229 Y85.366 E365.51907
G1 Z18.888 X112.162 Y86.132 E365.55993
G1 Z18.890 X113.043 Y86.957 E365.60078
G1 Z18.892 X113.868 Y87.838 E365.64163
G1 Z18.895 X114.634 Y88.771 E365.68249
G1 Z18.897 X115.337 Y89.752 E365.72334
G1 Z18.899 X115.974 Y90.777 E365.76419
G1 Z18.901 X116.543 Y91.842 E365.80506
G1 Z18.902 X116.892 Y92.612 E365.83368
G1 Z18.903 X117.041 Y92.941 E365.84591
G1 Z18.905 X117.466 Y94.071 E365.88677
G1 Z18.907 X117.817 Y95.226 E365.92763
G1 Z18.909 X118.091 Y96.402 E365.9685
G1 Z18.911 X118.287 Y97.592 E366.00932
G1 Z18.913 X118.406 Y98.794 E366.05021
G1 Z18.915 X118.445 Y100 E366.09105
G1 Z18.917 X118.406 Y101.206 E366.13189
G1 Z18.920 X118.287 Y102.408 E366.17278
G1 Z18.922 X118.091 Y103.598 E366.2136
G1 Z18.924 X117.817 Y104.774 E366.25447
G1 Z18.926 X117.466 Y105.929 E366.29533
G1 Z18.928 X117.041 Y107.059 E366.33619
G1 Z18.930 X116.543 Y108.158 E366.37703
G1 Z18.932 X115.974 Y109.223 E366.4179
G1 Z18.933 X115.528 Y109.94 E366.44648
G1 Z18.934 X115.337 Y110.248 E366.45875
G1 Z18.936 X114.634 Y111.229 E366.4996
G1 Z18.938 X113.868 Y112.162 E366.54046
G1 Z18.940 X113.043 Y113.043 E366.58131
G1 Z18.942 X112.162 Y113.868 E366.62216
G1 Z18.945 X111.229 Y114.634 E366.66302
G1 Z18.947 X110.248 Y115.337 E366.70387
G1 Z18.949 X109.223 Y115.974 E366.74472
G1 Z18.951 X108.158 Y116.543 E366.78559
G1 Z18.952 X107.388 Y116.892 E366.81421
G1 Z18.953 X107.059 Y117.041 E366.82644
G1 Z18.955 X105.929 Y117.466 E366.8673
G1 Z18.957 X104.774 Y117.817 E366.90816
G1 Z18.959 X103.598 Y118.091 E366.94903
G1 Z18.961 X102.408 Y118.287 E366.98985
G1 Z18.963 X101.206 Y118.406 E367.03074
G1 Z18.965 X100 Y118.445 E367.07158
G1 Z18.967 X98.794 Y118.406 E367.11242
G1 Z18.970 X97.592 Y118.287 E367.15331
G1 Z18.972 X96.402 Y118.091 E367.19413
G1 Z18.974 X95.226 Y117.817 E367.235
G1 Z18.976 X94.071 Y117.466 E367.27586
G1 Z18.978 X92.941 Y117.041 E367.31672
G1 Z18.980 X91.842 Y116.543 E367.35756
G1 Z18.982 X90.777 Y115.974 E367.39843
G1 Z18.983 X90.06 Y115.528 E367.42701
G1 Z18.984 X89.752 Y115.337 E367.43928
G1 Z18.986 X88.771 Y114.634 E367.48013
G1 Z18.988 X87.838 Y113.868 E367.52099
G1 Z18.990 X86.957 Y113.043 E367.56184
G1 Z18.992 X86.132 Y112.162 E367.60269
G1 Z18.995 X85.366 Y111.229 E367.64355
G1 Z18.997 X84.663 Y110.248 E367.6844
G1 Z18.999 X84.026 Y109.223 E367.72525
G1 Z19.000 X83.67 Y108.557 E367.75081
;LAYER_CHANGE
;Z:19.2
;HEIGHT:0.200001
G1 Z19.000 F7800
G1 F1380
G1 Z19.001 X83.571 Y108.102 E367.76597
G1 Z19.003 X83.076 Y107.01 E367.80655
G1 Z19.005 X82.654 Y105.888 E367.84713
G1 Z19.007 X82.306 Y104.741 E367.8877
G1 Z19.009 X82.033 Y103.574 E367.92827
G1 Z19.011 X81.838 Y102.391 E367.96885
G1 Z19.013 X81.721 Y101.198 E368.00943
G1 Z19.015 X81.681 Y100 E368.05
G1 Z19.017 X81.721 Y98.802 E368.09057
G1 Z19.020 X81.838 Y97.609 E368.13115
G1 Z19.022 X82.033 Y96.426 E368.17173
G1 Z19.024 X82.306 Y95.259 E368.2123
G1 Z19.026 X82.654 Y94.112 E368.25287
G1 Z19.028 X83.076 Y92.99 E368.29345
G1 Z19.030 X83.571 Y91.898 E368.33403
G1 Z19.032 X84.136 Y90.841 E368.3746
G1 Z19.034 X84.769 Y89.823 E368.41518
G1 Z19.036 X85.467 Y88.848 E368.45577
G1 Z19.037 X85.691 Y88.575 E368.46772
G1 Z19.038 X86.227 Y87.922 E368.49632
G1 Z19.040 X87.047 Y87.047 E368.53691
G1 Z19.042 X87.922 Y86.227 E368.5775
G1 Z19.045 X88.848 Y85.467 E368.61805
G1 Z19.047 X89.823 Y84.769 E368.65864
G1 Z19.049 X90.841 Y84.136 E368.69922
G1 Z19.051 X91.898 Y83.571 E368.73979
G1 Z19.053 X92.99 Y83.076 E368.78037
G1 Z19.055 X94.112 Y82.654 E368.82095
G1 Z19.057 X95.259 Y82.306 E368.86152
G1 Z19.059 X96.426 Y82.033 E368.90209
G1 Z19.061 X97.609 Y81.838 E368.94267
G1 Z19.063 X98.802 Y81.721 E368.98325
G1 Z19.065 X100 Y81.681 E369.02382
G1 Z19.066 X100.354 Y81.693 E369.03581
G1 Z19.067 X101.198 Y81.721 E369.06439
G1 Z19.070 X102.391 Y81.838 E369.10497
G1 Z19.072 X103.574 Y82.033 E369.14555
G1 Z19.074 X104.741 Y82.306 E369.18612
G1 Z19.076 X105.888 Y82.654 E369.22669
G1 Z19.078 X107.01 Y83.076 E369.26727
G1 Z19.080 X108.102 Y83.571 E369.30785
G1 Z19.082 X109.159 Y84.136 E369.34842
G1 Z19.084 X110.177 Y84.769 E369.389
G1 Z19.086 X111.152 Y85.467 E369.42959
G1 Z19.087 X111.425 Y85.691 E369.44154
G1 Z19.088 X112.078 Y86.227 E369.47014
G1 Z19.090 X112.953 Y87.047 E369.51073
G1 Z19.092 X113.773 Y87.922 E369.55132
G1 Z19.095 X114.533 Y88.848 E369.59187
G1 Z19.097 X115.231 Y89.823 E369.63246
G1 Z19.099 X115.864 Y90.841 E369.67304
G1 Z19.101 X116.429 Y91.898 E369.71361
G1 Z19.103 X116.924 Y92.99 E369.75419
G1 Z19.105 X117.346 Y94.112 E369.79477
G1 Z19.107 X117.694 Y95.259 E369.83534
G1 Z19.109 X117.967 Y96.426 E369.87591
G1 Z19.111 X118.162 Y97.609 E369.91649
G1 Z19.113 X118.279 Y98.802 E369.95707
G1 Z19.115 X118.319 Y100 E369.99764
G1 Z19.117 X118.279 Y101.198 E370.03821
G1 Z19.120 X118.162 Y102.391 E370.07879
G1 Z19.122 X117.967 Y103.574 E370.11937
G1 Z19.124 X117.694 Y104.741 E370.15994
G1 Z19.126 X117.346 Y105.888 E370.20051
G1 Z19.128 X116.924 Y107.01 E370.24109
G1 Z19.130 X116.429 Y108.102 E370.28167
G1 Z19.132 X115.864 Y109.159 E370.32224
G1 Z19.134 X115.231 Y110.177 E370.36282
G1 Z19.136 X114.533 Y111.152 E370.40341
G1 Z19.137 X114.309 Y111.425 E370.41536
G1 Z19.138 X113.773 Y112.078 E370.44396
G1 Z19.140 X112.953 Y112.953 E370.48455
G1 Z19.142 X112.078 Y113.773 E370.52514
G1 Z19.145 X111.152 Y114.533 E370.56569
G1 Z19.147 X110.177 Y115.231 E370.60628
G1 Z19.149 X109.159 Y115.864 E370.64686
G1 Z19.151 X108.102 Y116.429 E370.68743
G1 Z19.153 X107.01 Y116.924 E370.72801
G1 Z19.155 X105.888 Y117.346 E370.76859
G1 Z19.157 X104.741 Y117.694 E370.80916
G1 Z19.159 X103.574 Y117.967 E370.84973
G1 Z19.161 X102.391 Y118.162 E370.89031
G1 Z19.163 X101.198 Y118.279 E370.93089
G1 Z19.165 X100 Y118.319 E370.97146
G1 Z19.167 X98.802 Y118.279 E371.01203
G1 Z19.170 X97.609 Y118.162 E371.05261
G1 Z19.172 X96.426 Y117.967 E371.09319
G1 Z19.174 X95.259 Y117.694 E371.13376
G1 Z19.176 X94.112 Y117.346 E371.17433
G1 Z19.178 X92.99 Y116.924 E371.21491
G1 Z19.180 X91.898 Y116.429 E371.25549
G1 Z19.182 X90.841 Y115.864 E371.29606
G1 Z19.184 X89.823 Y115.231 E371.33664
G1 Z19.186 X88.848 Y114.533 E371.37723
G1 Z19.187 X88.575 Y114.309 E371.38918
G1 Z19.188 X87.922 Y113.773 E371.41778
G1 Z19.190 X87.047 Y112.953 E371.45837
G1 Z19.192 X86.227 Y112.078 E371.49896
G1 Z19.195 X85.467 Y111.152 E371.53951
G1 Z19.197 X84.769 Y110.177 E371.5801
G1 Z19.199 X84.136 Y109.159 E371.62068
G1 Z19.200 X83.782 Y108.497 E371.64609
;LAYER_CHANGE
;Z:19.4
;HEIGHT:0.199999
G1 Z19.200 F7800
G1 F1370
G1 Z19.201 X83.687 Y108.045 E371.6611
G1 Z19.203 X83.195 Y106.961 E371.70139
G1 Z19.205 X82.776 Y105.847 E371.74168
G1 Z19.207 X82.431 Y104.708 E371.78196
G1 Z19.209 X82.16 Y103.549 E371.82225
G1 Z19.211 X81.967 Y102.374 E371.86256
G1 Z19.213 X81.85 Y101.19 E371.90283
G1 Z19.215 X81.815 Y100.121 E371.93903
G1 Z19.217 X81.85 Y98.81 E371.98342
G1 Z19.220 X81.967 Y97.626 E372.02369
G1 Z19.221 X82.141 Y96.571 E372.05988
G1 Z19.224 X82.431 Y95.292 E372.10427
G1 Z19.226 X82.776 Y94.153 E372.14455
G1 Z19.228 X83.195 Y93.039 E372.18484
G1 Z19.230 X83.687 Y91.955 E372.22513
G1 Z19.232 X84.248 Y90.905 E372.26543
G1 Z19.234 X84.876 Y89.895 E372.30569
G1 Z19.236 X85.57 Y88.927 E372.34601
G1 Z19.238 X86.325 Y88.007 E372.38629
G1 Z19.240 X87.138 Y87.138 E372.42657
G1 Z19.242 X88.007 Y86.325 E372.46685
G1 Z19.245 X88.927 Y85.57 E372.50713
G1 Z19.247 X89.895 Y84.876 E372.54745
G1 Z19.249 X90.905 Y84.248 E372.58771
G1 Z19.251 X91.955 Y83.687 E372.62801
G1 Z19.253 X93.039 Y83.195 E372.6683
G1 Z19.255 X94.153 Y82.776 E372.70859
G1 Z19.257 X95.292 Y82.431 E372.74887
G1 Z19.259 X96.451 Y82.16 E372.78916
G1 Z19.261 X97.626 Y81.967 E372.82947
G1 Z19.263 X98.81 Y81.85 E372.86974
G1 Z19.265 X100 Y81.811 E372.91004
G1 Z19.267 X101.069 Y81.846 E372.94624
G1 Z19.270 X102.375 Y81.967 E372.99064
G1 Z19.272 X103.549 Y82.16 E373.03091
G1 Z19.274 X104.708 Y82.431 E373.0712
G1 Z19.276 X105.847 Y82.776 E373.11148
G1 Z19.278 X106.961 Y83.195 E373.15177
G1 Z19.280 X108.045 Y83.687 E373.19206
G1 Z19.282 X109.095 Y84.248 E373.23236
G1 Z19.284 X110.105 Y84.876 E373.27262
G1 Z19.286 X111.073 Y85.57 E373.31294
G1 Z19.288 X111.993 Y86.325 E373.35322
G1 Z19.290 X112.862 Y87.138 E373.3935
G1 Z19.292 X113.675 Y88.007 E373.43378
G1 Z19.295 X114.43 Y88.927 E373.47406
G1 Z19.297 X115.124 Y89.895 E373.51438
G1 Z19.299 X115.752 Y90.905 E373.55464
G1 Z19.301 X116.313 Y91.955 E373.59494
G1 Z19.303 X116.805 Y93.039 E373.63523
G1 Z19.305 X117.224 Y94.153 E373.67552
G1 Z19.307 X117.569 Y95.292 E373.7158
G1 Z19.309 X117.84 Y96.451 E373.75609
G1 Z19.311 X118.033 Y97.626 E373.7964
G1 Z19.313 X118.15 Y98.81 E373.83667
G1 Z19.315 X118.185 Y99.879 E373.87287
G1 Z19.317 X118.15 Y101.19 E373.91726
G1 Z19.320 X118.033 Y102.374 E373.95753
G1 Z19.321 X117.859 Y103.429 E373.99372
G1 Z19.324 X117.569 Y104.708 E374.03811
G1 Z19.326 X117.224 Y105.847 E374.07839
G1 Z19.328 X116.805 Y106.961 E374.11868
G1 Z19.330 X116.313 Y108.045 E374.15897
G1 Z19.332 X115.752 Y109.095 E374.19927
G1 Z19.334 X115.124 Y110.105 E374.23953
G1 Z19.336 X114.43 Y111.073 E374.27985
G1 Z19.338 X113.675 Y111.993 E374.32013
G1 Z19.340 X112.862 Y112.862 E374.36041
G1 Z19.342 X111.993 Y113.675 E374.40069
G1 Z19.345 X111.073 Y114.43 E374.44097
G1 Z19.347 X110.105 Y115.124 E374.48129
G1 Z19.349 X109.095 Y115.752 E374.52155
G1 Z19.351 X108.045 Y116.313 E374.56185
G1 Z19.353 X106.961 Y116.805 E374.60214
G1 Z19.355 X105.847 Y117.224 E374.64243
G1 Z19.357 X104.708 Y117.569 E374.68271
G1 Z19.359 X103.549 Y117.84 E374.723
G1 Z19.361 X102.374 Y118.033 E374.76331
G1 Z19.363 X101.19 Y118.15 E374.80358
G1 Z19.365 X100.121 Y118.185 E374.83978
G1 Z19.367 X98.81 Y118.15 E374.88417
G1 Z19.370 X97.626 Y118.033 E374.92444
G1 Z19.371 X96.571 Y117.859 E374.96063
G1 Z19.374 X95.292 Y117.569 E375.00502
G1 Z19.376 X94.153 Y117.224 E375.0453
G1 Z19.378 X93.039 Y116.805 E375.08559
G1 Z19.380 X91.955 Y116.313 E375.12588
G1 Z19.382 X90.905 Y115.752 E375.16618
G1 Z19.384 X89.895 Y115.124 E375.20644
G1 Z19.386 X88.927 Y114.43 E375.24676
G1 Z19.388 X88.007 Y113.675 E375.28704
G1 Z19.390 X87.138 Y112.862 E375.32732
G1 Z19.392 X86.325 Y111.993 E375.3676
G1 Z19.395 X85.57 Y111.073 E375.40788
G1 Z19.397 X84.876 Y110.105 E375.4482
G1 Z19.399 X84.248 Y109.095 E375.48846
G1 Z19.400 X83.896 Y108.436 E375.51375
;LAYER_CHANGE
;Z:19.6
;HEIGHT:0.200001
G1 Z19.400 F7800
G1 F1360
G1 Z19.401 X83.806 Y107.986 E375.52862
G1 Z19.403 X83.319 Y106.91 E375.5686
G1 Z19.405 X82.903 Y105.804 E375.6086
G1 Z19.406 X82.732 Y105.242 E375.62848
G1 Z19.407 X82.56 Y104.673 E375.6486
G1 Z19.409 X82.291 Y103.522 E375.68861
G1 Z19.411 X82.099 Y102.357 E375.72858
G1 Z19.413 X81.983 Y101.181 E375.76858
G1 Z19.415 X81.944 Y100 E375.80858
G1 Z19.417 X81.983 Y98.819 E375.84858
G1 Z19.420 X82.099 Y97.643 E375.88858
G1 Z19.422 X82.291 Y96.478 E375.92855
G1 Z19.424 X82.56 Y95.327 E375.96856
G1 Z19.426 X82.903 Y94.196 E376.00856
G1 Z19.428 X83.319 Y93.09 E376.04856
G1 Z19.430 X83.806 Y92.014 E376.08854
G1 Z19.432 X84.363 Y90.972 E376.12853
G1 Z19.434 X84.987 Y89.969 E376.16851
G1 Z19.436 X85.676 Y89.008 E376.20854
G1 Z19.438 X86.425 Y88.095 E376.24851
G1 Z19.440 X87.233 Y87.233 E376.2885
G1 Z19.442 X88.095 Y86.425 E376.32849
G1 Z19.445 X89.008 Y85.676 E376.36846
G1 Z19.447 X89.969 Y84.987 E376.40849
G1 Z19.449 X90.972 Y84.363 E376.44847
G1 Z19.451 X92.014 Y83.806 E376.48846
G1 Z19.453 X93.09 Y83.319 E376.52844
G1 Z19.455 X94.196 Y82.903 E376.56844
G1 Z19.456 X94.758 Y82.732 E376.58832
G1 Z19.457 X95.327 Y82.56 E376.60844
G1 Z19.459 X96.478 Y82.291 E376.64845
G1 Z19.461 X97.643 Y82.099 E376.68842
G1 Z19.463 X98.819 Y81.983 E376.72842
G1 Z19.465 X100 Y81.944 E376.76842
G1 Z19.466 X100.587 Y81.964 E376.7883
G1 Z19.467 X101.181 Y81.983 E376.80842
G1 Z19.470 X102.357 Y82.099 E376.84842
G1 Z19.472 X103.522 Y82.291 E376.88839
G1 Z19.474 X104.673 Y82.56 E376.9284
G1 Z19.476 X105.804 Y82.903 E376.9684
G1 Z19.478 X106.91 Y83.319 E377.0084
G1 Z19.480 X107.986 Y83.806 E377.04838
G1 Z19.482 X109.028 Y84.363 E377.08837
G1 Z19.484 X110.031 Y84.987 E377.12835
G1 Z19.486 X110.992 Y85.676 E377.16838
G1 Z19.488 X111.905 Y86.425 E377.20835
G1 Z19.490 X112.767 Y87.233 E377.24834
G1 Z19.492 X113.575 Y88.095 E377.28833
G1 Z19.495 X114.324 Y89.008 E377.3283
G1 Z19.497 X115.013 Y89.969 E377.36833
G1 Z19.499 X115.637 Y90.972 E377.40831
G1 Z19.501 X116.194 Y92.014 E377.4483
G1 Z19.503 X116.681 Y93.09 E377.48828
G1 Z19.505 X117.097 Y94.196 E377.52828
G1 Z19.506 X117.268 Y94.758 E377.54816
G1 Z19.507 X117.44 Y95.327 E377.56828
G1 Z19.509 X117.709 Y96.478 E377.60829
G1 Z19.511 X117.901 Y97.643 E377.64826
G1 Z19.513 X118.017 Y98.819 E377.68826
G1 Z19.515 X118.056 Y100 E377.72826
G1 Z19.517 X118.017 Y101.181 E377.76826
G1 Z19.520 X117.901 Y102.357 E377.80826
G1 Z19.522 X117.709 Y103.522 E377.84823
G1 Z19.524 X117.44 Y104.673 E377.88824
G1 Z19.526 X117.097 Y105.804 E377.92824
G1 Z19.528 X116.681 Y106.91 E377.96824
G1 Z19.530 X116.194 Y107.986 E378.00822
G1 Z19.532 X115.637 Y109.028 E378.04821
G1 Z19.534 X115.013 Y110.031 E378.08819
G1 Z19.536 X114.324 Y110.992 E378.12822
G1 Z19.538 X113.575 Y111.905 E378.16819
G1 Z19.540 X112.767 Y112.767 E378.20818
G1 Z19.542 X111.905 Y113.575 E378.24817
G1 Z19.545 X110.992 Y114.324 E378.28814
G1 Z19.547 X110.031 Y115.013 E378.32817
G1 Z19.549 X109.028 Y115.637 E378.36815
G1 Z19.551 X107.986 Y116.194 E378.40814
G1 Z19.553 X106.91 Y116.681 E378.44812
G1 Z19.555 X105.804 Y117.097 E378.48812
G1 Z19.556 X105.242 Y117.268 E378.508
G1 Z19.557 X104.673 Y117.44 E378.52812
G1 Z19.559 X103.522 Y117.709 E378.56813
G1 Z19.561 X102.357 Y117.901 E378.6081
G1 Z19.563 X101.181 Y118.017 E378.6481
G1 Z19.565 X100 Y118.056 E378.6881
G1 Z19.567 X98.819 Y118.017 E378.7281
G1 Z19.570 X97.643 Y117.901 E378.7681
G1 Z19.572 X96.478 Y117.709 E378.80807
G1 Z19.574 X95.327 Y117.44 E378.84808
G1 Z19.576 X94.196 Y117.097 E378.88808
G1 Z19.578 X93.09 Y116.681 E378.92808
G1 Z19.580 X92.014 Y116.194 E378.96806
G1 Z19.582 X90.972 Y115.637 E379.00805
G1 Z19.584 X89.969 Y115.013 E379.04803
G1 Z19.586 X89.008 Y114.324 E379.08806
G1 Z19.588 X88.095 Y113.575 E379.12803
G1 Z19.590 X87.233 Y112.767 E379.16802
G1 Z19.592 X86.425 Y111.905 E379.20801
G1 Z19.595 X85.676 Y110.992 E379.24798
G1 Z19.597 X84.987 Y110.031 E379.28801
G1 Z19.599 X84.363 Y109.028 E379.32799
G1 Z19.600 X84.014 Y108.373 E379.35311
;LAYER_CHANGE
;Z:19.8
;HEIGHT:0.199999
G1 Z19.600 F7800
G1 F1350
G1 Z19.601 X83.928 Y107.926 E379.36781
G1 Z19.603 X83.444 Y106.858 E379.4075
G1 Z19.605 X83.031 Y105.76 E379.44721
G1 Z19.607 X82.69 Y104.638 E379.4869
G1 Z19.609 X82.424 Y103.496 E379.52659
G1 Z19.611 X82.233 Y102.339 E379.56628
G1 Z19.613 X82.118 Y101.172 E379.60597
G1 Z19.615 X82.08 Y100.001 E379.64563
G1 Z19.618 X82.129 Y98.712 E379.68929
G1 Z19.620 X82.233 Y97.661 E379.72504
G1 Z19.622 X82.424 Y96.504 E379.76473
G1 Z19.624 X82.69 Y95.362 E379.80442
G1 Z19.626 X83.031 Y94.24 E379.84411
G1 Z19.628 X83.444 Y93.142 E379.88382
G1 Z19.630 X83.928 Y92.074 E379.92351
G1 Z19.632 X84.48 Y91.04 E379.96318
G1 Z19.634 X85.1 Y90.044 E380.00289
G1 Z19.636 X85.783 Y89.091 E380.04258
G1 Z19.638 X86.527 Y88.184 E380.08229
G1 Z19.640 X87.328 Y87.328 E380.12197
G1 Z19.642 X88.184 Y86.527 E380.16165
G1 Z19.645 X89.091 Y85.783 E380.20136
G1 Z19.647 X90.043 Y85.1 E380.24102
G1 Z19.649 X91.143 Y84.425 E380.2847
G1 Z19.651 X92.074 Y83.928 E380.32042
G1 Z19.653 X93.142 Y83.444 E380.36011
G1 Z19.655 X94.24 Y83.031 E380.39982
G1 Z19.657 X95.362 Y82.69 E380.43951
G1 Z19.659 X96.504 Y82.424 E380.4792
G1 Z19.661 X97.661 Y82.233 E380.51889
G1 Z19.663 X98.827 Y82.118 E380.55855
G1 Z19.666 X100.117 Y82.083 E380.60223
G1 Z19.667 X101.172 Y82.118 E380.63796
G1 Z19.670 X102.339 Y82.233 E380.67765
G1 Z19.672 X103.496 Y82.424 E380.71734
G1 Z19.674 X104.638 Y82.69 E380.75703
G1 Z19.676 X105.76 Y83.031 E380.79672
G1 Z19.678 X106.858 Y83.444 E380.83643
G1 Z19.680 X107.926 Y83.928 E380.87612
G1 Z19.682 X108.96 Y84.48 E380.91579
G1 Z19.684 X109.956 Y85.1 E380.9555
G1 Z19.686 X110.909 Y85.783 E380.99519
G1 Z19.688 X111.816 Y86.527 E381.0349
G1 Z19.690 X112.672 Y87.328 E381.07458
G1 Z19.692 X113.473 Y88.184 E381.11426
G1 Z19.695 X114.217 Y89.091 E381.15397
G1 Z19.697 X114.9 Y90.043 E381.19363
G1 Z19.699 X115.575 Y91.143 E381.23731
G1 Z19.701 X116.072 Y92.074 E381.27303
G1 Z19.703 X116.556 Y93.142 E381.31272
G1 Z19.705 X116.969 Y94.24 E381.35243
G1 Z19.707 X117.31 Y95.362 E381.39212
G1 Z19.709 X117.576 Y96.504 E381.43181
G1 Z19.711 X117.767 Y97.661 E381.4715
G1 Z19.713 X117.882 Y98.828 E381.51119
G1 Z19.715 X117.92 Y99.999 E381.55085
G1 Z19.718 X117.871 Y101.288 E381.59451
G1 Z19.720 X117.767 Y102.339 E381.63026
G1 Z19.722 X117.576 Y103.496 E381.66995
G1 Z19.724 X117.31 Y104.638 E381.70964
G1 Z19.726 X116.969 Y105.76 E381.74933
G1 Z19.728 X116.556 Y106.858 E381.78904
G1 Z19.730 X116.072 Y107.926 E381.82873
G1 Z19.732 X115.52 Y108.96 E381.8684
G1 Z19.734 X114.9 Y109.956 E381.90811
G1 Z19.736 X114.217 Y110.909 E381.9478
G1 Z19.738 X113.473 Y111.816 E381.98751
G1 Z19.740 X112.672 Y112.672 E382.02719
G1 Z19.742 X111.816 Y113.473 E382.06687
G1 Z19.745 X110.909 Y114.217 E382.10658
G1 Z19.747 X109.957 Y114.9 E382.14624
G1 Z19.749 X108.857 Y115.575 E382.18992
G1 Z19.751 X107.926 Y116.072 E382.22564
G1 Z19.753 X106.858 Y116.556 E382.26533
G1 Z19.755 X105.76 Y116.969 E382.30504
G1 Z19.757 X104.638 Y117.31 E382.34473
G1 Z19.759 X103.496 Y117.576 E382.38442
G1 Z19.761 X102.339 Y117.767 E382.42411
G1 Z19.763 X101.172 Y117.882 E382.4638
G1 Z19.765 X100.001 Y117.92 E382.50346
G1 Z19.768 X98.712 Y117.871 E382.54712
G1 Z19.770 X97.661 Y117.767 E382.58287
G1 Z19.772 X96.504 Y117.576 E382.62256
G1 Z19.774 X95.362 Y117.31 E382.66225
G1 Z19.776 X94.24 Y116.969 E382.70194
G1 Z19.778 X93.142 Y116.556 E382.74165
G1 Z19.780 X92.074 Y116.072 E382.78134
G1 Z19.782 X91.04 Y115.52 E382.82101
G1 Z19.784 X90.044 Y114.9 E382.86072
G1 Z19.786 X89.091 Y114.217 E382.90041
G1 Z19.788 X88.184 Y113.473 E382.94012
G1 Z19.790 X87.328 Y112.672 E382.9798
G1 Z19.792 X86.527 Y111.816 E383.01948
G1 Z19.795 X85.783 Y110.909 E383.05919
G1 Z19.797 X85.1 Y109.957 E383.09885
G1 Z19.799 X84.425 Y108.857 E383.14253
G1 Z19.800 X84.133 Y108.309 E383.16355
;LAYER_CHANGE
;Z:20
;HEIGHT:0.200001
G1 Z19.800 F7800
G1 F1339
G1 Z19.801 X84.052 Y107.865 E383.1781
G1 Z19.803 X83.572 Y106.805 E383.21749
G1 Z19.805 X83.162 Y105.716 E383.25688
G1 Z19.807 X82.824 Y104.602 E383.29629
G1 Z19.809 X82.56 Y103.469 E383.33567
G1 Z19.811 X82.37 Y102.321 E383.37506
G1 Z19.813 X82.256 Y101.163 E383.41445
G1 Z19.815 X82.218 Y100 E383.45384
G1 Z19.817 X82.256 Y98.837 E383.49323
G1 Z19.820 X82.37 Y97.679 E383.53262
G1 Z19.822 X82.56 Y96.531 E383.57201
G1 Z19.824 X82.824 Y95.398 E383.61139
G1 Z19.826 X83.162 Y94.284 E383.6508
G1 Z19.828 X83.572 Y93.195 E383.69019
G1 Z19.830 X84.052 Y92.135 E383.72958
G1 Z19.832 X84.601 Y91.109 E383.76897
G1 Z19.834 X85.215 Y90.121 E383.80834
G1 Z19.836 X85.893 Y89.175 E383.84774
G1 Z19.838 X86.631 Y88.276 E383.88711
G1 Z19.840 X87.426 Y87.426 E383.9265
G1 Z19.842 X88.276 Y86.631 E383.96589
G1 Z19.845 X89.175 Y85.893 E384.00526
G1 Z19.847 X90.121 Y85.215 E384.04466
G1 Z19.849 X91.109 Y84.601 E384.08403
G1 Z19.851 X92.135 Y84.052 E384.12342
G1 Z19.853 X93.195 Y83.572 E384.16281
G1 Z19.855 X94.284 Y83.162 E384.2022
G1 Z19.857 X95.398 Y82.824 E384.24161
G1 Z19.859 X96.531 Y82.56 E384.28099
G1 Z19.861 X97.679 Y82.37 E384.32038
G1 Z19.863 X98.837 Y82.256 E384.35977
G1 Z19.865 X100 Y82.218 E384.39916
G1 Z19.867 X100.814 Y82.245 E384.42673
G1 Z19.867 X101.163 Y82.256 E384.43855
G1 Z19.870 X102.321 Y82.37 E384.47794
G1 Z19.872 X103.469 Y82.56 E384.51733
G1 Z19.874 X104.602 Y82.824 E384.55671
G1 Z19.876 X105.716 Y83.162 E384.59612
G1 Z19.878 X106.805 Y83.572 E384.63551
G1 Z19.880 X107.865 Y84.052 E384.6749
G1 Z19.882 X108.891 Y84.601 E384.71429
G1 Z19.884 X109.879 Y85.215 E384.75366
G1 Z19.886 X110.825 Y85.893 E384.79306
G1 Z19.888 X111.724 Y86.631 E384.83243
G1 Z19.890 X112.574 Y87.426 E384.87182
G1 Z19.892 X113.369 Y88.276 E384.91121
G1 Z19.895 X114.107 Y89.175 E384.95058
G1 Z19.897 X114.785 Y90.121 E384.98998
G1 Z19.899 X115.399 Y91.109 E385.02935
G1 Z19.901 X115.948 Y92.135 E385.06874
G1 Z19.903 X116.428 Y93.195 E385.10813
G1 Z19.905 X116.838 Y94.284 E385.14752
G1 Z19.907 X117.176 Y95.398 E385.18693
G1 Z19.909 X117.44 Y96.531 E385.22631
G1 Z19.911 X117.63 Y97.679 E385.2657
G1 Z19.913 X117.744 Y98.837 E385.30509
G1 Z19.915 X117.77 Y99.651 E385.33266
G1 Z19.915 X117.782 Y100 E385.34448
G1 Z19.917 X117.744 Y101.163 E385.38387
G1 Z19.920 X117.63 Y102.321 E385.42326
G1 Z19.922 X117.44 Y103.469 E385.46265
G1 Z19.924 X117.176 Y104.602 E385.50203
G1 Z19.926 X116.838 Y105.716 E385.54144
G1 Z19.928 X116.428 Y106.805 E385.58083
G1 Z19.930 X115.948 Y107.865 E385.62022
G1 Z19.932 X115.399 Y108.891 E385.65961
G1 Z19.934 X114.785 Y109.879 E385.69898
G1 Z19.936 X114.107 Y110.825 E385.73838
G1 Z19.938 X113.369 Y111.724 E385.77775
G1 Z19.940 X112.574 Y112.574 E385.81714
G1 Z19.942 X111.724 Y113.369 E385.85653
G1 Z19.945 X110.825 Y114.107 E385.8959
G1 Z19.947 X109.879 Y114.785 E385.9353
G1 Z19.949 X108.891 Y115.399 E385.97467
G1 Z19.951 X107.865 Y115.948 E386.01406
G1 Z19.953 X106.805 Y116.428 E386.05345
G1 Z19.955 X105.716 Y116.838 E386.09284
G1 Z19.957 X104.602 Y117.176 E386.13225
G1 Z19.959 X103.469 Y117.44 E386.17163
G1 Z19.961 X102.321 Y117.63 E386.21102
G1 Z19.963 X101.163 Y117.744 E386.25041
G1 Z19.965 X100 Y117.782 E386.2898
G1 Z19.967 X98.837 Y117.744 E386.32919
G1 Z19.970 X97.679 Y117.63 E386.36858
G1 Z19.972 X96.531 Y117.44 E386.40797
G1 Z19.974 X95.398 Y117.176 E386.44735
G1 Z19.976 X94.284 Y116.838 E386.48676
G1 Z19.978 X93.195 Y116.428 E386.52615
G1 Z19.980 X92.135 Y115.948 E386.56554
G1 Z19.982 X91.109 Y115.399 E386.60493
G1 Z19.984 X90.121 Y114.785 E386.6443
G1 Z19.986 X89.175 Y114.107 E386.6837
G1 Z19.988 X88.276 Y113.369 E386.72307
G1 Z19.990 X87.426 Y112.574 E386.76246
G1 Z19.992 X86.631 Y111.724 E386.80185
G1 Z19.995 X85.893 Y110.825 E386.84122
G1 Z19.997 X85.215 Y109.879 E386.88062
G1 Z19.999 X84.601 Y108.891 E386.91999
G1 Z20.000 X84.255 Y108.244 E386.94483
;LAYER_CHANGE
;Z:20.2
;HEIGHT:0.200001
G1 Z20.000 F7800
G1 F1329
G1 Z20.001 X84.178 Y107.803 E386.95923
G1 Z20.003 X83.702 Y106.751 E386.99831
G1 Z20.005 X83.295 Y105.671 E387.03738
G1 Z20.007 X82.96 Y104.566 E387.07646
G1 Z20.009 X82.698 Y103.442 E387.11553
G1 Z20.011 X82.51 Y102.303 E387.15461
G1 Z20.013 X82.397 Y101.154 E387.19369
G1 Z20.015 X82.359 Y100 E387.23277
G1 Z20.017 X82.397 Y98.846 E387.27185
G1 Z20.020 X82.51 Y97.697 E387.31093
G1 Z20.022 X82.698 Y96.558 E387.35001
G1 Z20.024 X82.96 Y95.434 E387.38908
G1 Z20.026 X83.295 Y94.329 E387.42816
G1 Z20.028 X83.702 Y93.249 E387.46723
G1 Z20.030 X84.178 Y92.197 E387.50631
G1 Z20.032 X84.722 Y91.179 E387.54538
G1 Z20.034 X85.332 Y90.199 E387.58445
G1 Z20.036 X86.004 Y89.261 E387.62351
G1 Z20.037 X86.22 Y88.998 E387.63503
G1 Z20.038 X86.737 Y88.368 E387.66262
G1 Z20.040 X87.526 Y87.526 E387.70168
G1 Z20.042 X88.368 Y86.737 E387.74074
G1 Z20.045 X89.261 Y86.004 E387.77985
G1 Z20.047 X90.199 Y85.332 E387.81891
G1 Z20.049 X91.179 Y84.722 E387.85798
G1 Z20.051 X92.197 Y84.178 E387.89705
G1 Z20.053 X93.249 Y83.702 E387.93613
G1 Z20.055 X94.329 Y83.295 E387.9752
G1 Z20.057 X95.434 Y82.96 E388.01428
G1 Z20.059 X96.558 Y82.698 E388.05335
G1 Z20.061 X97.697 Y82.51 E388.09243
G1 Z20.063 X98.846 Y82.397 E388.13151
G1 Z20.065 X100 Y82.359 E388.17059
G1 Z20.066 X100.34 Y82.37 E388.1821
G1 Z20.067 X101.154 Y82.397 E388.20967
G1 Z20.070 X102.303 Y82.51 E388.24875
G1 Z20.072 X103.442 Y82.698 E388.28783
G1 Z20.074 X104.566 Y82.96 E388.3269
G1 Z20.076 X105.671 Y83.295 E388.36598
G1 Z20.078 X106.751 Y83.702 E388.40505
G1 Z20.080 X107.803 Y84.178 E388.44413
G1 Z20.082 X108.821 Y84.722 E388.4832
G1 Z20.084 X109.801 Y85.332 E388.52227
G1 Z20.086 X110.739 Y86.004 E388.56133
G1 Z20.087 X111.002 Y86.22 E388.57285
G1 Z20.088 X111.632 Y86.737 E388.60044
G1 Z20.090 X112.474 Y87.526 E388.6395
G1 Z20.092 X113.263 Y88.368 E388.67856
G1 Z20.095 X113.996 Y89.261 E388.71767
G1 Z20.097 X114.668 Y90.199 E388.75673
G1 Z20.099 X115.278 Y91.179 E388.7958
G1 Z20.101 X115.822 Y92.197 E388.83487
G1 Z20.103 X116.298 Y93.249 E388.87395
G1 Z20.105 X116.705 Y94.329 E388.91302
G1 Z20.107 X117.04 Y95.434 E388.9521
G1 Z20.109 X117.302 Y96.558 E388.99117
G1 Z20.111 X117.49 Y97.697 E389.03025
G1 Z20.113 X117.603 Y98.846 E389.06933
G1 Z20.115 X117.641 Y100 E389.10841
G1 Z20.117 X117.603 Y101.154 E389.14749
G1 Z20.120 X117.49 Y102.303 E389.18657
G1 Z20.122 X117.302 Y103.442 E389.22565
G1 Z20.124 X117.04 Y104.566 E389.26472
G1 Z20.126 X116.705 Y105.671 E389.3038
G1 Z20.128 X116.298 Y106.751 E389.34287
G1 Z20.130 X115.822 Y107.803 E389.38195
G1 Z20.132 X115.278 Y108.821 E389.42102
G1 Z20.134 X114.668 Y109.801 E389.46009
G1 Z20.136 X113.996 Y110.739 E389.49915
G1 Z20.137 X113.78 Y111.002 E389.51067
G1 Z20.138 X113.263 Y111.632 E389.53826
G1 Z20.140 X112.474 Y112.474 E389.57732
G1 Z20.142 X111.632 Y113.263 E389.61638
G1 Z20.145 X110.739 Y113.996 E389.65549
G1 Z20.147 X109.801 Y114.668 E389.69455
G1 Z20.149 X108.821 Y115.278 E389.73362
G1 Z20.151 X107.803 Y115.822 E389.77269
G1 Z20.153 X106.751 Y116.298 E389.81177
G1 Z20.155 X105.671 Y116.705 E389.85084
G1 Z20.157 X104.566 Y117.04 E389.88992
G1 Z20.159 X103.442 Y117.302 E389.92899
G1 Z20.161 X102.303 Y117.49 E389.96807
G1 Z20.163 X101.154 Y117.603 E390.00715
G1 Z20.165 X100 Y117.641 E390.04623
G1 Z20.167 X98.846 Y117.603 E390.08531
G1 Z20.170 X97.697 Y117.49 E390.12439
G1 Z20.172 X96.558 Y117.302 E390.16347
G1 Z20.174 X95.434 Y117.04 E390.20254
G1 Z20.176 X94.329 Y116.705 E390.24162
G1 Z20.178 X93.249 Y116.298 E390.28069
G1 Z20.180 X92.197 Y115.822 E390.31977
G1 Z20.182 X91.179 Y115.278 E390.35884
G1 Z20.184 X90.199 Y114.668 E390.39791
G1 Z20.186 X89.261 Y113.996 E390.43697
G1 Z20.188 X88.368 Y113.263 E390.47608
G1 Z20.190 X87.526 Y112.474 E390.51514
G1 Z20.192 X86.737 Y111.632 E390.5542
G1 Z20.195 X86.004 Y110.739 E390.59331
G1 Z20.197 X85.332 Y109.801 E390.63237
G1 Z20.199 X84.722 Y108.821 E390.67144
G1 Z20.200 X84.379 Y108.178 E390.69611
;LAYER_CHANGE
;Z:20.4
;HEIGHT:0.199999
G1 Z20.200 F7800
G1 F1318
G1 Z20.201 X84.306 Y107.74 E390.71034
G1 Z20.203 X83.833 Y106.697 E390.74911
G1 Z20.205 X83.43 Y105.625 E390.78788
G1 Z20.207 X83.097 Y104.529 E390.82665
G1 Z20.209 X82.837 Y103.414 E390.8654
G1 Z20.211 X82.651 Y102.284 E390.90416
G1 Z20.213 X82.539 Y101.144 E390.94293
G1 Z20.215 X82.505 Y100.117 E390.97771
G1 Z20.217 X82.539 Y98.855 E391.02044
G1 Z20.220 X82.651 Y97.716 E391.05918
G1 Z20.222 X82.837 Y96.586 E391.09794
G1 Z20.224 X83.097 Y95.471 E391.13669
G1 Z20.226 X83.43 Y94.375 E391.17546
G1 Z20.228 X83.833 Y93.303 E391.21423
G1 Z20.230 X84.306 Y92.26 E391.253
G1 Z20.232 X84.846 Y91.251 E391.29174
G1 Z20.234 X85.45 Y90.278 E391.3305
G1 Z20.236 X86.117 Y89.347 E391.36927
G1 Z20.238 X86.844 Y88.462 E391.40804
G1 Z20.240 X87.626 Y87.626 E391.44679
G1 Z20.242 X88.462 Y86.844 E391.48554
G1 Z20.245 X89.347 Y86.117 E391.52431
G1 Z20.247 X90.278 Y85.45 E391.56308
G1 Z20.249 X91.251 Y84.846 E391.60184
G1 Z20.251 X92.26 Y84.306 E391.64058
G1 Z20.253 X93.303 Y83.833 E391.67935
G1 Z20.255 X94.375 Y83.43 E391.71812
G1 Z20.257 X95.471 Y83.097 E391.75689
G1 Z20.259 X96.586 Y82.837 E391.79564
G1 Z20.261 X97.716 Y82.651 E391.8344
G1 Z20.263 X98.856 Y82.539 E391.87317
G1 Z20.265 X100 Y82.501 E391.91191
G1 Z20.267 X101.028 Y82.535 E391.94673
G1 Z20.270 X102.285 Y82.651 E391.98946
G1 Z20.272 X103.414 Y82.837 E392.02819
G1 Z20.274 X104.529 Y83.097 E392.06694
G1 Z20.276 X105.625 Y83.43 E392.10571
G1 Z20.278 X106.697 Y83.833 E392.14448
G1 Z20.280 X107.74 Y84.306 E392.18325
G1 Z20.282 X108.749 Y84.846 E392.22199
G1 Z20.284 X109.722 Y85.45 E392.26075
G1 Z20.286 X110.653 Y86.117 E392.29952
G1 Z20.288 X111.538 Y86.844 E392.33829
G1 Z20.290 X112.374 Y87.626 E392.37704
G1 Z20.292 X113.156 Y88.462 E392.41579
G1 Z20.295 X113.883 Y89.347 E392.45456
G1 Z20.297 X114.55 Y90.278 E392.49333
G1 Z20.299 X115.154 Y91.251 E392.53209
G1 Z20.301 X115.694 Y92.26 E392.57083
G1 Z20.303 X116.167 Y93.303 E392.6096
G1 Z20.305 X116.57 Y94.375 E392.64837
G1 Z20.307 X116.903 Y95.471 E392.68714
G1 Z20.309 X117.163 Y96.586 E392.72589
G1 Z20.311 X117.349 Y97.716 E392.76465
G1 Z20.313 X117.461 Y98.856 E392.80342
G1 Z20.315 X117.495 Y99.883 E392.8382
G1 Z20.317 X117.461 Y101.145 E392.88093
G1 Z20.320 X117.349 Y102.284 E392.91967
G1 Z20.322 X117.163 Y103.414 E392.95843
G1 Z20.324 X116.903 Y104.529 E392.99718
G1 Z20.326 X116.57 Y105.625 E393.03595
G1 Z20.328 X116.167 Y106.697 E393.07472
G1 Z20.330 X115.694 Y107.74 E393.11349
G1 Z20.332 X115.154 Y108.749 E393.15223
G1 Z20.334 X114.55 Y109.722 E393.19099
G1 Z20.336 X113.883 Y110.653 E393.22976
G1 Z20.338 X113.156 Y111.538 E393.26853
G1 Z20.340 X112.374 Y112.374 E393.30728
G1 Z20.342 X111.538 Y113.156 E393.34603
G1 Z20.345 X110.653 Y113.883 E393.3848
G1 Z20.347 X109.722 Y114.55 E393.42357
G1 Z20.349 X108.749 Y115.154 E393.46233
G1 Z20.351 X107.74 Y115.694 E393.50107
G1 Z20.353 X106.697 Y116.167 E393.53984
G1 Z20.355 X105.625 Y116.57 E393.57861
G1 Z20.357 X104.529 Y116.903 E393.61738
G1 Z20.359 X103.414 Y117.163 E393.65613
G1 Z20.361 X102.284 Y117.349 E393.69489
G1 Z20.363 X101.144 Y117.461 E393.73366
G1 Z20.365 X100.117 Y117.495 E393.76844
G1 Z20.367 X98.855 Y117.461 E393.81117
G1 Z20.370 X97.716 Y117.349 E393.84991
G1 Z20.372 X96.586 Y117.163 E393.88867
G1 Z20.374 X95.471 Y116.903 E393.92742
G1 Z20.376 X94.375 Y116.57 E393.96619
G1 Z20.378 X93.303 Y116.167 E394.00496
G1 Z20.380 X92.26 Y115.694 E394.04373
G1 Z20.382 X91.251 Y115.154 E394.08247
G1 Z20.384 X90.278 Y114.55 E394.12123
G1 Z20.386 X89.347 Y113.883 E394.16
G1 Z20.388 X88.462 Y113.156 E394.19877
G1 Z20.390 X87.626 Y112.374 E394.23752
G1 Z20.392 X86.844 Y111.538 E394.27627
G1 Z20.395 X86.117 Y110.653 E394.31504
G1 Z20.397 X85.45 Y109.722 E394.35381
G1 Z20.399 X84.846 Y108.749 E394.39257
G1 Z20.400 X84.504 Y108.111 E394.41707
;LAYER_CHANGE
;Z:20.6
;HEIGHT:0.200001
G1 Z20.400 F7800
G1 F1307
G1 Z20.401 X84.436 Y107.675 E394.43118
G1 Z20.403 X83.967 Y106.641 E394.46961
G1 Z20.405 X83.567 Y105.578 E394.50805
G1 Z20.407 X83.237 Y104.492 E394.54647
G1 Z20.409 X82.979 Y103.386 E394.58491
G1 Z20.411 X82.794 Y102.265 E394.62337
G1 Z20.413 X82.683 Y101.135 E394.6618
G1 Z20.415 X82.646 Y100 E394.70024
G1 Z20.417 X82.683 Y98.865 E394.73868
G1 Z20.420 X82.794 Y97.735 E394.77711
G1 Z20.422 X82.979 Y96.614 E394.81557
G1 Z20.424 X83.237 Y95.508 E394.85401
G1 Z20.426 X83.567 Y94.422 E394.89243
G1 Z20.428 X83.967 Y93.359 E394.93087
G1 Z20.430 X84.436 Y92.325 E394.9693
G1 Z20.432 X84.971 Y91.323 E395.00775
G1 Z20.434 X85.571 Y90.359 E395.04618
G1 Z20.436 X86.232 Y89.436 E395.08461
G1 Z20.438 X86.953 Y88.558 E395.12307
G1 Z20.440 X87.729 Y87.729 E395.16151
G1 Z20.442 X88.558 Y86.953 E395.19995
G1 Z20.445 X89.436 Y86.232 E395.23841
G1 Z20.447 X90.359 Y85.571 E395.27684
G1 Z20.449 X91.323 Y84.971 E395.31527
G1 Z20.451 X92.325 Y84.436 E395.35372
G1 Z20.453 X93.359 Y83.967 E395.39215
G1 Z20.455 X94.422 Y83.567 E395.43059
G1 Z20.457 X95.508 Y83.237 E395.46901
G1 Z20.459 X96.614 Y82.979 E395.50745
G1 Z20.461 X97.735 Y82.794 E395.54591
G1 Z20.463 X98.865 Y82.683 E395.58434
G1 Z20.465 X100 Y82.646 E395.62278
G1 Z20.466 X100.564 Y82.664 E395.64188
G1 Z20.467 X101.135 Y82.683 E395.66122
G1 Z20.470 X102.265 Y82.794 E395.69965
G1 Z20.472 X103.386 Y82.979 E395.73811
G1 Z20.474 X104.492 Y83.237 E395.77655
G1 Z20.476 X105.578 Y83.567 E395.81497
G1 Z20.478 X106.641 Y83.967 E395.85341
G1 Z20.480 X107.675 Y84.436 E395.89184
G1 Z20.482 X108.677 Y84.971 E395.93029
G1 Z20.484 X109.641 Y85.571 E395.96872
G1 Z20.486 X110.564 Y86.232 E396.00715
G1 Z20.488 X111.442 Y86.953 E396.04561
G1 Z20.490 X112.271 Y87.729 E396.08405
G1 Z20.492 X113.047 Y88.558 E396.12249
G1 Z20.495 X113.768 Y89.436 E396.16095
G1 Z20.497 X114.429 Y90.359 E396.19938
G1 Z20.499 X115.029 Y91.323 E396.23781
G1 Z20.501 X115.564 Y92.325 E396.27626
G1 Z20.503 X116.033 Y93.359 E396.31469
G1 Z20.505 X116.433 Y94.422 E396.35313
G1 Z20.507 X116.763 Y95.508 E396.39155
G1 Z20.509 X117.021 Y96.614 E396.42999
G1 Z20.511 X117.206 Y97.735 E396.46845
G1 Z20.513 X117.317 Y98.865 E396.50688
G1 Z20.515 X117.354 Y100 E396.54532
G1 Z20.517 X117.317 Y101.135 E396.58376
G1 Z20.520 X117.206 Y102.265 E396.62219
G1 Z20.522 X117.021 Y103.386 E396.66065
G1 Z20.524 X116.763 Y104.492 E396.69909
G1 Z20.526 X116.433 Y105.578 E396.73751
G1 Z20.528 X116.033 Y106.641 E396.77595
G1 Z20.530 X115.564 Y107.675 E396.81438
G1 Z20.532 X115.029 Y108.677 E396.85283
G1 Z20.534 X114.429 Y109.641 E396.89126
G1 Z20.536 X113.768 Y110.564 E396.92969
G1 Z20.537 X113.41 Y111 E396.94879
G1 Z20.538 X113.047 Y111.442 E396.96815
G1 Z20.540 X112.271 Y112.271 E397.00659
G1 Z20.542 X111.442 Y113.047 E397.04503
G1 Z20.545 X110.564 Y113.768 E397.08349
G1 Z20.547 X109.641 Y114.429 E397.12192
G1 Z20.549 X108.677 Y115.029 E397.16035
G1 Z20.551 X107.675 Y115.564 E397.1988
G1 Z20.553 X106.641 Y116.033 E397.23723
G1 Z20.555 X105.578 Y116.433 E397.27567
G1 Z20.557 X104.492 Y116.763 E397.31409
G1 Z20.559 X103.386 Y117.021 E397.35253
G1 Z20.561 X102.265 Y117.206 E397.39099
G1 Z20.563 X101.135 Y117.317 E397.42942
G1 Z20.565 X100 Y117.354 E397.46786
G1 Z20.567 X98.865 Y117.317 E397.5063
G1 Z20.570 X97.735 Y117.206 E397.54473
G1 Z20.572 X96.614 Y117.021 E397.58319
G1 Z20.574 X95.508 Y116.763 E397.62163
G1 Z20.576 X94.422 Y116.433 E397.66005
G1 Z20.578 X93.359 Y116.033 E397.69849
G1 Z20.580 X92.325 Y115.564 E397.73692
G1 Z20.582 X91.323 Y115.029 E397.77537
G1 Z20.584 X90.359 Y114.429 E397.8138
G1 Z20.586 X89.436 Y113.768 E397.85223
G1 Z20.587 X89 Y113.41 E397.87133
G1 Z20.588 X88.558 Y113.047 E397.89069
G1 Z20.590 X87.729 Y112.271 E397.92913
G1 Z20.592 X86.953 Y111.442 E397.96757
G1 Z20.595 X86.232 Y110.564 E398.00603
G1 Z20.597 X85.571 Y109.641 E398.04446
G1 Z20.599 X84.971 Y108.677 E398.08289
G1 Z20.600 X84.632 Y108.043 E398.10723
;LAYER_CHANGE
;Z:20.8
;HEIGHT:0.199999
G1 Z20.600 F7800
G1 F1296
G1 Z20.601 X84.566 Y107.611 E398.12116
G1 Z20.603 X84.102 Y106.585 E398.15928
G1 Z20.605 X83.705 Y105.531 E398.1974
G1 Z20.607 X83.378 Y104.454 E398.2355
G1 Z20.609 X83.122 Y103.357 E398.27363
G1 Z20.611 X82.939 Y102.246 E398.31174
G1 Z20.613 X82.829 Y101.125 E398.34987
G1 Z20.615 X82.792 Y100.001 E398.38794
G1 Z20.618 X82.84 Y98.763 E398.42988
G1 Z20.620 X82.939 Y97.754 E398.4642
G1 Z20.622 X83.122 Y96.643 E398.50231
G1 Z20.624 X83.378 Y95.546 E398.54044
G1 Z20.626 X83.705 Y94.469 E398.57854
G1 Z20.628 X84.102 Y93.415 E398.61666
G1 Z20.630 X84.566 Y92.389 E398.65478
G1 Z20.632 X85.097 Y91.396 E398.6929
G1 Z20.634 X85.692 Y90.44 E398.73102
G1 Z20.636 X86.348 Y89.524 E398.76916
G1 Z20.638 X87.062 Y88.654 E398.80726
G1 Z20.640 X87.832 Y87.832 E398.84538
G1 Z20.642 X88.654 Y87.062 E398.8835
G1 Z20.645 X89.524 Y86.348 E398.9216
G1 Z20.647 X90.44 Y85.692 E398.95974
G1 Z20.649 X91.396 Y85.097 E398.99786
G1 Z20.651 X92.389 Y84.566 E399.03598
G1 Z20.653 X93.415 Y84.102 E399.0741
G1 Z20.655 X94.469 Y83.705 E399.11222
G1 Z20.657 X95.546 Y83.378 E399.15032
G1 Z20.659 X96.643 Y83.122 E399.18845
G1 Z20.661 X97.754 Y82.939 E399.22656
G1 Z20.663 X98.874 Y82.829 E399.26465
G1 Z20.666 X100.112 Y82.795 E399.30657
G1 Z20.667 X101.125 Y82.829 E399.34088
G1 Z20.670 X102.246 Y82.939 E399.37901
G1 Z20.672 X103.357 Y83.122 E399.41712
G1 Z20.674 X104.454 Y83.378 E399.45525
G1 Z20.676 X105.531 Y83.705 E399.49335
G1 Z20.678 X106.585 Y84.102 E399.53147
G1 Z20.680 X107.611 Y84.566 E399.56959
G1 Z20.682 X108.604 Y85.097 E399.60771
G1 Z20.684 X109.56 Y85.692 E399.64583
G1 Z20.686 X110.476 Y86.348 E399.68397
G1 Z20.688 X111.346 Y87.062 E399.72207
G1 Z20.690 X112.168 Y87.832 E399.76019
G1 Z20.692 X112.938 Y88.654 E399.79831
G1 Z20.695 X113.652 Y89.524 E399.83641
G1 Z20.697 X114.308 Y90.44 E399.87455
G1 Z20.699 X114.903 Y91.396 E399.91267
G1 Z20.701 X115.434 Y92.389 E399.95079
G1 Z20.703 X115.898 Y93.415 E399.98891
G1 Z20.705 X116.295 Y94.469 E400.02703
G1 Z20.707 X116.622 Y95.546 E400.06513
G1 Z20.709 X116.878 Y96.643 E400.10326
G1 Z20.711 X117.061 Y97.754 E400.14137
G1 Z20.713 X117.171 Y98.875 E400.1795
G1 Z20.715 X117.208 Y99.999 E400.21757
G1 Z20.718 X117.16 Y101.237 E400.25951
G1 Z20.720 X117.061 Y102.246 E400.29383
G1 Z20.722 X116.878 Y103.357 E400.33194
G1 Z20.724 X116.622 Y104.454 E400.37007
G1 Z20.726 X116.295 Y105.531 E400.40817
G1 Z20.728 X115.898 Y106.585 E400.44629
G1 Z20.730 X115.434 Y107.611 E400.48441
G1 Z20.732 X114.903 Y108.604 E400.52253
G1 Z20.734 X114.308 Y109.56 E400.56065
G1 Z20.736 X113.652 Y110.476 E400.59879
G1 Z20.738 X112.938 Y111.346 E400.63689
G1 Z20.740 X112.168 Y112.168 E400.67501
G1 Z20.742 X111.346 Y112.938 E400.71313
G1 Z20.745 X110.476 Y113.652 E400.75123
G1 Z20.747 X109.56 Y114.308 E400.78937
G1 Z20.749 X108.604 Y114.903 E400.82749
G1 Z20.751 X107.611 Y115.434 E400.86561
G1 Z20.753 X106.585 Y115.898 E400.90373
G1 Z20.755 X105.531 Y116.295 E400.94185
G1 Z20.757 X104.454 Y116.622 E400.97995
G1 Z20.759 X103.357 Y116.878 E401.01808
G1 Z20.761 X102.246 Y117.061 E401.05619
G1 Z20.763 X101.125 Y117.171 E401.09432
G1 Z20.765 X100.001 Y117.208 E401.13239
G1 Z20.768 X98.763 Y117.16 E401.17433
G1 Z20.770 X97.754 Y117.061 E401.20865
G1 Z20.772 X96.643 Y116.878 E401.24676
G1 Z20.774 X95.546 Y116.622 E401.28489
G1 Z20.776 X94.469 Y116.295 E401.32299
G1 Z20.778 X93.415 Y115.898 E401.36111
G1 Z20.780 X92.389 Y115.434 E401.39923
G1 Z20.782 X91.396 Y114.903 E401.43735
G1 Z20.784 X90.44 Y114.308 E401.47547
G1 Z20.786 X89.524 Y113.652 E401.51361
G1 Z20.788 X88.654 Y112.938 E401.55171
G1 Z20.790 X87.832 Y112.168 E401.58983
G1 Z20.792 X87.062 Y111.346 E401.62795
G1 Z20.795 X86.348 Y110.476 E401.66605
G1 Z20.797 X85.692 Y109.56 E401.70419
G1 Z20.799 X85.097 Y108.604 E401.74231
G1 Z20.800 X84.76 Y107.974 E401.76649
;LAYER_CHANGE
;Z:21
;HEIGHT:0.200001
G1 Z20.800 F7800
G1 F1285
G1 Z20.801 X84.699 Y107.546 E401.78022
G1 Z20.803 X84.238 Y106.529 E401.81802
G1 Z20.805 X83.845 Y105.484 E401.85581
G1 Z20.807 X83.521 Y104.416 E401.89359
G1 Z20.809 X83.267 Y103.328 E401.93141
G1 Z20.811 X83.085 Y102.227 E401.96918
G1 Z20.813 X82.976 Y101.116 E402.00697
G1 Z20.815 X82.939 Y100 E402.04477
G1 Z20.817 X82.976 Y98.884 E402.08257
G1 Z20.820 X83.085 Y97.773 E402.12036
G1 Z20.821 X83.213 Y97.003 E402.14678
G1 Z20.822 X83.267 Y96.672 E402.15813
G1 Z20.824 X83.521 Y95.584 E402.19595
G1 Z20.826 X83.845 Y94.516 E402.23373
G1 Z20.828 X84.238 Y93.471 E402.27152
G1 Z20.830 X84.699 Y92.454 E402.30932
G1 Z20.832 X85.225 Y91.47 E402.34709
G1 Z20.834 X85.815 Y90.522 E402.38489
G1 Z20.836 X86.465 Y89.614 E402.42269
G1 Z20.838 X87.173 Y88.751 E402.46047
G1 Z20.840 X87.936 Y87.936 E402.49826
G1 Z20.842 X88.751 Y87.173 E402.53605
G1 Z20.845 X89.614 Y86.465 E402.57383
G1 Z20.847 X90.522 Y85.815 E402.61163
G1 Z20.849 X91.47 Y85.225 E402.64943
G1 Z20.851 X92.454 Y84.699 E402.6872
G1 Z20.853 X93.471 Y84.238 E402.725
G1 Z20.855 X94.516 Y83.845 E402.76279
G1 Z20.857 X95.584 Y83.521 E402.80057
G1 Z20.859 X96.672 Y83.267 E402.83839
G1 Z20.861 X97.773 Y83.085 E402.87616
G1 Z20.863 X98.884 Y82.976 E402.91395
G1 Z20.865 X100 Y82.939 E402.95175
G1 Z20.867 X100.781 Y82.965 E402.9782
G1 Z20.867 X101.116 Y82.976 E402.98955
G1 Z20.870 X102.227 Y83.085 E403.02734
G1 Z20.872 X103.328 Y83.267 E403.06511
G1 Z20.874 X104.416 Y83.521 E403.10293
G1 Z20.876 X105.484 Y83.845 E403.14071
G1 Z20.878 X106.529 Y84.238 E403.1785
G1 Z20.880 X107.546 Y84.699 E403.2163
G1 Z20.882 X108.53 Y85.225 E403.25407
G1 Z20.884 X109.478 Y85.815 E403.29187
G1 Z20.886 X110.386 Y86.465 E403.32967
G1 Z20.888 X111.249 Y87.173 E403.36745
G1 Z20.890 X112.064 Y87.936 E403.40524
G1 Z20.892 X112.827 Y88.751 E403.44303
G1 Z20.895 X113.535 Y89.614 E403.48081
G1 Z20.897 X114.185 Y90.522 E403.51861
G1 Z20.899 X114.775 Y91.47 E403.55641
G1 Z20.901 X115.301 Y92.454 E403.59418
G1 Z20.903 X115.762 Y93.471 E403.63198
G1 Z20.905 X116.155 Y94.516 E403.66977
G1 Z20.907 X116.479 Y95.584 E403.70755
G1 Z20.909 X116.733 Y96.672 E403.74537
G1 Z20.911 X116.915 Y97.773 E403.78314
G1 Z20.913 X117.024 Y98.884 E403.82093
G1 Z20.915 X117.061 Y100 E403.85873
G1 Z20.917 X117.024 Y101.116 E403.89653
G1 Z20.920 X116.915 Y102.227 E403.93432
G1 Z20.921 X116.787 Y102.997 E403.96074
G1 Z20.922 X116.733 Y103.328 E403.97209
G1 Z20.924 X116.479 Y104.416 E404.00991
G1 Z20.926 X116.155 Y105.484 E404.04769
G1 Z20.928 X115.762 Y106.529 E404.08548
G1 Z20.930 X115.301 Y107.546 E404.12328
G1 Z20.932 X114.775 Y108.53 E404.16105
G1 Z20.934 X114.185 Y109.478 E404.19885
G1 Z20.936 X113.535 Y110.386 E404.23665
G1 Z20.938 X112.827 Y111.249 E404.27443
G1 Z20.940 X112.064 Y112.064 E404.31222
G1 Z20.942 X111.249 Y112.827 E404.35001
G1 Z20.945 X110.386 Y113.535 E404.38779
G1 Z20.947 X109.478 Y114.185 E404.42559
G1 Z20.949 X108.53 Y114.775 E404.46339
G1 Z20.951 X107.546 Y115.301 E404.50116
G1 Z20.953 X106.529 Y115.762 E404.53896
G1 Z20.955 X105.484 Y116.155 E404.57675
G1 Z20.957 X104.416 Y116.479 E404.61453
G1 Z20.959 X103.328 Y116.733 E404.65235
G1 Z20.961 X102.227 Y116.915 E404.69012
G1 Z20.963 X101.116 Y117.024 E404.72791
G1 Z20.965 X100 Y117.061 E404.76571
G1 Z20.967 X98.884 Y117.024 E404.80351
G1 Z20.970 X97.773 Y116.915 E404.8413
G1 Z20.971 X97.003 Y116.787 E404.86772
G1 Z20.972 X96.672 Y116.733 E404.87907
G1 Z20.974 X95.584 Y116.479 E404.91689
G1 Z20.976 X94.516 Y116.155 E404.95467
G1 Z20.978 X93.471 Y115.762 E404.99246
G1 Z20.980 X92.454 Y115.301 E405.03026
G1 Z20.982 X91.47 Y114.775 E405.06803
G1 Z20.984 X90.522 Y114.185 E405.10583
G1 Z20.986 X89.614 Y113.535 E405.14363
G1 Z20.988 X88.751 Y112.827 E405.18141
G1 Z20.990 X87.936 Y112.064 E405.2192
G1 Z20.992 X87.173 Y111.249 E405.25699
G1 Z20.995 X86.465 Y110.386 E405.29477
G1 Z20.997 X85.815 Y109.478 E405.33257
G1 Z20.999 X85.225 Y108.53 E405.37037
G1 Z21.000 X84.89 Y107.904 E405.3944
;LAYER_CHANGE
;Z:21.2
;HEIGHT:0.200001
G1 Z21.000 F7800
G1 F1274
G1 Z21.001 X84.832 Y107.48 E405.40798
G1 Z21.003 X84.375 Y106.472 E405.44544
G1 Z21.005 X83.985 Y105.436 E405.48291
G1 Z21.007 X83.664 Y104.377 E405.52037
G1 Z21.009 X83.413 Y103.299 E405.55784
G1 Z21.011 X83.233 Y102.207 E405.5953
G1 Z21.013 X83.124 Y101.106 E405.63275
G1 Z21.015 X83.088 Y100 E405.67021
G1 Z21.017 X83.124 Y98.894 E405.70767
G1 Z21.020 X83.233 Y97.793 E405.74512
G1 Z21.022 X83.413 Y96.701 E405.78258
G1 Z21.024 X83.664 Y95.623 E405.82005
G1 Z21.026 X83.985 Y94.564 E405.85751
G1 Z21.028 X84.375 Y93.528 E405.89498
G1 Z21.030 X84.832 Y92.52 E405.93244
G1 Z21.032 X85.354 Y91.544 E405.9699
G1 Z21.034 X85.938 Y90.604 E406.00736
G1 Z21.036 X86.583 Y89.705 E406.04481
G1 Z21.038 X87.285 Y88.849 E406.08228
G1 Z21.040 X88.041 Y88.041 E406.11973
G1 Z21.042 X88.849 Y87.285 E406.15718
G1 Z21.045 X89.705 Y86.583 E406.19465
G1 Z21.047 X90.604 Y85.938 E406.2321
G1 Z21.049 X91.544 Y85.354 E406.26956
G1 Z21.051 X92.52 Y84.832 E406.30702
G1 Z21.053 X93.528 Y84.375 E406.34448
G1 Z21.055 X94.564 Y83.985 E406.38195
G1 Z21.057 X95.623 Y83.664 E406.41941
G1 Z21.059 X96.701 Y83.413 E406.45688
G1 Z21.061 X97.793 Y83.233 E406.49434
G1 Z21.063 X98.894 Y83.124 E406.53179
G1 Z21.065 X100 Y83.088 E406.56925
G1 Z21.066 X100.325 Y83.099 E406.58026
G1 Z21.067 X101.106 Y83.124 E406.60671
G1 Z21.070 X102.207 Y83.233 E406.64416
G1 Z21.072 X103.299 Y83.413 E406.68162
G1 Z21.074 X104.377 Y83.664 E406.71909
G1 Z21.076 X105.436 Y83.985 E406.75655
G1 Z21.078 X106.472 Y84.375 E406.79402
G1 Z21.080 X107.48 Y84.832 E406.83148
G1 Z21.082 X108.456 Y85.354 E406.86894
G1 Z21.084 X109.396 Y85.938 E406.9064
G1 Z21.086 X110.295 Y86.583 E406.94385
G1 Z21.088 X111.151 Y87.285 E406.98132
G1 Z21.090 X111.959 Y88.041 E407.01877
G1 Z21.092 X112.715 Y88.849 E407.05622
G1 Z21.095 X113.417 Y89.705 E407.09369
G1 Z21.097 X114.062 Y90.604 E407.13114
G1 Z21.099 X114.646 Y91.544 E407.1686
G1 Z21.101 X115.168 Y92.52 E407.20606
G1 Z21.103 X115.625 Y93.528 E407.24352
G1 Z21.105 X116.015 Y94.564 E407.28099
G1 Z21.107 X116.336 Y95.623 E407.31845
G1 Z21.109 X116.587 Y96.701 E407.35592
G1 Z21.111 X116.767 Y97.793 E407.39338
G1 Z21.113 X116.876 Y98.894 E407.43083
G1 Z21.115 X116.912 Y100 E407.46829
G1 Z21.117 X116.876 Y101.106 E407.50575
G1 Z21.120 X116.767 Y102.207 E407.5432
G1 Z21.122 X116.587 Y103.299 E407.58066
G1 Z21.124 X116.336 Y104.377 E407.61813
G1 Z21.126 X116.015 Y105.436 E407.65559
G1 Z21.128 X115.625 Y106.472 E407.69306
G1 Z21.130 X115.168 Y107.48 E407.73052
G1 Z21.132 X114.646 Y108.456 E407.76798
G1 Z21.134 X114.062 Y109.396 E407.80544
G1 Z21.136 X113.417 Y110.295 E407.84289
G1 Z21.138 X112.715 Y111.151 E407.88036
G1 Z21.140 X111.959 Y111.959 E407.91781
G1 Z21.142 X111.151 Y112.715 E407.95526
G1 Z21.145 X110.295 Y113.417 E407.99273
G1 Z21.147 X109.396 Y114.062 E408.03018
G1 Z21.149 X108.456 Y114.646 E408.06764
G1 Z21.151 X107.48 Y115.168 E408.1051
G1 Z21.153 X106.472 Y115.625 E408.14256
G1 Z21.155 X105.436 Y116.015 E408.18003
G1 Z21.157 X104.377 Y116.336 E408.21749
G1 Z21.159 X103.299 Y116.587 E408.25496
G1 Z21.161 X102.207 Y116.767 E408.29242
G1 Z21.163 X101.106 Y116.876 E408.32987
G1 Z21.165 X100 Y116.912 E408.36733
G1 Z21.167 X98.894 Y116.876 E408.40479
G1 Z21.170 X97.793 Y116.767 E408.44224
G1 Z21.172 X96.701 Y116.587 E408.4797
G1 Z21.174 X95.623 Y116.336 E408.51717
G1 Z21.176 X94.564 Y116.015 E408.55463
G1 Z21.178 X93.528 Y115.625 E408.5921
G1 Z21.180 X92.52 Y115.168 E408.62956
G1 Z21.182 X91.544 Y114.646 E408.66702
G1 Z21.184 X90.604 Y114.062 E408.70448
G1 Z21.186 X89.705 Y113.417 E408.74193
G1 Z21.188 X88.849 Y112.715 E408.7794
G1 Z21.190 X88.041 Y111.959 E408.81685
G1 Z21.192 X87.285 Y111.151 E408.8543
G1 Z21.195 X86.583 Y110.295 E408.89177
G1 Z21.197 X85.938 Y109.396 E408.92922
G1 Z21.199 X85.354 Y108.456 E408.96668
G1 Z21.200 X85.021 Y107.834 E408.99056
;LAYER_CHANGE
;Z:21.4
;HEIGHT:0.199999
G1 Z21.200 F7800
G1 F1263
G1 Z21.201 X84.966 Y107.414 E409.00399
G1 Z21.203 X84.513 Y106.415 E409.04112
G1 Z21.205 X84.127 Y105.388 E409.07826
G1 Z21.207 X83.808 Y104.339 E409.11537
G1 Z21.209 X83.559 Y103.27 E409.15252
G1 Z21.211 X83.381 Y102.188 E409.18964
G1 Z21.213 X83.273 Y101.096 E409.22678
G1 Z21.215 X83.241 Y100.112 E409.2601
G1 Z21.217 X83.273 Y98.903 E409.30104
G1 Z21.220 X83.381 Y97.812 E409.33815
G1 Z21.221 X83.541 Y96.84 E409.37149
G1 Z21.224 X83.809 Y95.661 E409.41242
G1 Z21.226 X84.127 Y94.612 E409.44952
G1 Z21.228 X84.513 Y93.585 E409.48666
G1 Z21.230 X84.966 Y92.586 E409.52379
G1 Z21.232 X85.483 Y91.619 E409.56091
G1 Z21.234 X86.062 Y90.687 E409.59805
G1 Z21.236 X86.701 Y89.796 E409.63516
G1 Z21.238 X87.397 Y88.948 E409.67229
G1 Z21.240 X88.147 Y88.147 E409.70943
G1 Z21.242 X88.948 Y87.397 E409.74657
G1 Z21.245 X89.795 Y86.701 E409.78368
G1 Z21.247 X90.687 Y86.062 E409.82082
G1 Z21.249 X91.619 Y85.483 E409.85796
G1 Z21.251 X92.586 Y84.966 E409.89508
G1 Z21.253 X93.585 Y84.513 E409.93221
G1 Z21.255 X94.612 Y84.127 E409.96935
G1 Z21.257 X95.661 Y83.808 E410.00646
G1 Z21.259 X96.73 Y83.559 E410.04361
G1 Z21.261 X97.812 Y83.381 E410.08073
G1 Z21.263 X98.904 Y83.273 E410.11787
G1 Z21.265 X100 Y83.237 E410.15499
G1 Z21.267 X100.984 Y83.269 E410.18831
G1 Z21.270 X102.189 Y83.381 E410.22927
G1 Z21.272 X103.27 Y83.559 E410.26635
G1 Z21.274 X104.339 Y83.808 E410.3035
G1 Z21.276 X105.388 Y84.127 E410.34061
G1 Z21.278 X106.415 Y84.513 E410.37775
G1 Z21.280 X107.414 Y84.966 E410.41488
G1 Z21.282 X108.381 Y85.483 E410.452
G1 Z21.284 X109.313 Y86.062 E410.48914
G1 Z21.286 X110.204 Y86.701 E410.52625
G1 Z21.288 X111.052 Y87.397 E410.56338
G1 Z21.290 X111.853 Y88.147 E410.60052
G1 Z21.292 X112.603 Y88.948 E410.63766
G1 Z21.295 X113.299 Y89.795 E410.67477
G1 Z21.297 X113.938 Y90.687 E410.71191
G1 Z21.299 X114.517 Y91.619 E410.74905
G1 Z21.301 X115.034 Y92.586 E410.78617
G1 Z21.303 X115.487 Y93.585 E410.8233
G1 Z21.305 X115.873 Y94.612 E410.86044
G1 Z21.307 X116.192 Y95.661 E410.89755
G1 Z21.309 X116.441 Y96.73 E410.9347
G1 Z21.311 X116.619 Y97.812 E410.97182
G1 Z21.313 X116.727 Y98.904 E411.00896
G1 Z21.315 X116.759 Y99.888 E411.04228
G1 Z21.317 X116.727 Y101.097 E411.08322
G1 Z21.320 X116.619 Y102.188 E411.12033
G1 Z21.321 X116.459 Y103.16 E411.15367
G1 Z21.324 X116.191 Y104.339 E411.1946
G1 Z21.326 X115.873 Y105.388 E411.2317
G1 Z21.328 X115.487 Y106.415 E411.26884
G1 Z21.330 X115.034 Y107.414 E411.30597
G1 Z21.332 X114.517 Y108.381 E411.34309
G1 Z21.334 X113.938 Y109.313 E411.38023
G1 Z21.336 X113.299 Y110.204 E411.41734
G1 Z21.338 X112.603 Y111.052 E411.45447
G1 Z21.340 X111.853 Y111.853 E411.49161
G1 Z21.342 X111.052 Y112.603 E411.52875
G1 Z21.345 X110.205 Y113.299 E411.56586
G1 Z21.347 X109.313 Y113.938 E411.603
G1 Z21.349 X108.381 Y114.517 E411.64014
G1 Z21.351 X107.414 Y115.034 E411.67726
G1 Z21.353 X106.415 Y115.487 E411.71439
G1 Z21.355 X105.388 Y115.873 E411.75153
G1 Z21.357 X104.339 Y116.192 E411.78864
G1 Z21.359 X103.27 Y116.441 E411.82579
G1 Z21.361 X102.188 Y116.619 E411.86291
G1 Z21.363 X101.096 Y116.727 E411.90005
G1 Z21.365 X100.112 Y116.759 E411.93337
G1 Z21.367 X98.903 Y116.727 E411.97431
G1 Z21.370 X97.812 Y116.619 E412.01142
G1 Z21.371 X96.84 Y116.459 E412.04476
G1 Z21.374 X95.661 Y116.191 E412.08569
G1 Z21.376 X94.612 Y115.873 E412.12279
G1 Z21.378 X93.585 Y115.487 E412.15993
G1 Z21.380 X92.586 Y115.034 E412.19706
G1 Z21.382 X91.619 Y114.517 E412.23418
G1 Z21.384 X90.687 Y113.938 E412.27132
G1 Z21.386 X89.796 Y113.299 E412.30843
G1 Z21.388 X88.948 Y112.603 E412.34556
G1 Z21.390 X88.147 Y111.853 E412.3827
G1 Z21.392 X87.397 Y111.052 E412.41984
G1 Z21.395 X86.701 Y110.205 E412.45695
G1 Z21.397 X86.062 Y109.313 E412.49409
G1 Z21.399 X85.483 Y108.381 E412.53123
G1 Z21.400 X85.153 Y107.764 E412.55491
;LAYER_CHANGE
;Z:21.6
;HEIGHT:0.200001
G1 Z21.400 F7800
G1 F1251
G1 Z21.401 X85.101 Y107.348 E412.56816
G1 Z21.403 X84.652 Y106.357 E412.60499
G1 Z21.405 X84.269 Y105.34 E412.64177
G1 Z21.407 X83.954 Y104.3 E412.67855
G1 Z21.409 X83.707 Y103.241 E412.71536
G1 Z21.411 X83.53 Y102.168 E412.75217
G1 Z21.413 X83.423 Y101.087 E412.78894
G1 Z21.415 X83.388 Y100 E412.82575
G1 Z21.417 X83.423 Y98.913 E412.86256
G1 Z21.420 X83.53 Y97.832 E412.89933
G1 Z21.422 X83.707 Y96.759 E412.93614
G1 Z21.424 X83.954 Y95.7 E412.97295
G1 Z21.426 X84.269 Y94.66 E413.00973
G1 Z21.428 X84.652 Y93.643 E413.04651
G1 Z21.430 X85.101 Y92.652 E413.08334
G1 Z21.432 X85.613 Y91.694 E413.12011
G1 Z21.434 X86.187 Y90.771 E413.1569
G1 Z21.436 X86.82 Y89.887 E413.1937
G1 Z21.437 X87.163 Y89.47 E413.21198
G1 Z21.438 X87.51 Y89.047 E413.2305
G1 Z21.440 X88.253 Y88.253 E413.26731
G1 Z21.442 X89.047 Y87.51 E413.30412
G1 Z21.445 X89.887 Y86.82 E413.34092
G1 Z21.447 X90.771 Y86.187 E413.37772
G1 Z21.449 X91.694 Y85.613 E413.41451
G1 Z21.451 X92.652 Y85.101 E413.45128
G1 Z21.453 X93.643 Y84.652 E413.48811
G1 Z21.455 X94.66 Y84.269 E413.52489
G1 Z21.457 X95.7 Y83.954 E413.56167
G1 Z21.459 X96.759 Y83.707 E413.59848
G1 Z21.461 X97.832 Y83.53 E413.63529
G1 Z21.463 X98.913 Y83.423 E413.67206
G1 Z21.465 X100 Y83.388 E413.70887
G1 Z21.466 X100.539 Y83.405 E413.72712
G1 Z21.467 X101.087 Y83.423 E413.74568
G1 Z21.469 X102.168 Y83.53 E413.78245
G1 Z21.472 X103.241 Y83.707 E413.81926
G1 Z21.474 X104.3 Y83.954 E413.85607
G1 Z21.476 X105.34 Y84.269 E413.89285
G1 Z21.478 X106.357 Y84.652 E413.92963
G1 Z21.480 X107.348 Y85.101 E413.96646
G1 Z21.482 X108.306 Y85.613 E414.00323
G1 Z21.484 X109.229 Y86.187 E414.04002
G1 Z21.486 X110.113 Y86.82 E414.07682
G1 Z21.487 X110.53 Y87.163 E414.0951
G1 Z21.488 X110.953 Y87.51 E414.11362
G1 Z21.490 X111.747 Y88.253 E414.15043
G1 Z21.492 X112.49 Y89.047 E414.18724
G1 Z21.495 X113.18 Y89.887 E414.22404
G1 Z21.497 X113.813 Y90.771 E414.26084
G1 Z21.499 X114.387 Y91.694 E414.29763
G1 Z21.501 X114.899 Y92.652 E414.3344
G1 Z21.503 X115.348 Y93.643 E414.37123
G1 Z21.505 X115.731 Y94.66 E414.40801
G1 Z21.507 X116.046 Y95.7 E414.44479
G1 Z21.509 X116.293 Y96.759 E414.4816
G1 Z21.511 X116.47 Y97.832 E414.51841
G1 Z21.513 X116.577 Y98.913 E414.55518
G1 Z21.515 X116.613 Y100 E414.59199
G1 Z21.517 X116.577 Y101.087 E414.6288
G1 Z21.520 X116.47 Y102.168 E414.66557
G1 Z21.522 X116.293 Y103.241 E414.70238
G1 Z21.524 X116.046 Y104.3 E414.73919
G1 Z21.526 X115.731 Y105.34 E414.77597
G1 Z21.528 X115.348 Y106.357 E414.81275
G1 Z21.530 X114.899 Y107.348 E414.84958
G1 Z21.532 X114.387 Y108.306 E414.88635
G1 Z21.534 X113.813 Y109.229 E414.92314
G1 Z21.536 X113.18 Y110.113 E414.95994
G1 Z21.538 X112.49 Y110.953 E414.99674
G1 Z21.540 X111.747 Y111.747 E415.03355
G1 Z21.542 X110.953 Y112.49 E415.07036
G1 Z21.545 X110.113 Y113.18 E415.10716
G1 Z21.547 X109.229 Y113.813 E415.14396
G1 Z21.549 X108.306 Y114.387 E415.18075
G1 Z21.551 X107.348 Y114.899 E415.21752
G1 Z21.553 X106.357 Y115.348 E415.25435
G1 Z21.555 X105.34 Y115.731 E415.29113
G1 Z21.557 X104.3 Y116.046 E415.32791
G1 Z21.559 X103.241 Y116.293 E415.36472
G1 Z21.561 X102.168 Y116.47 E415.40153
G1 Z21.563 X101.087 Y116.577 E415.4383
G1 Z21.565 X100 Y116.613 E415.47511
G1 Z21.567 X98.913 Y116.577 E415.51192
G1 Z21.569 X97.832 Y116.47 E415.54869
G1 Z21.572 X96.759 Y116.293 E415.5855
G1 Z21.574 X95.7 Y116.046 E415.62231
G1 Z21.576 X94.66 Y115.731 E415.65909
G1 Z21.578 X93.643 Y115.348 E415.69587
G1 Z21.580 X92.652 Y114.899 E415.7327
G1 Z21.582 X91.694 Y114.387 E415.76947
G1 Z21.584 X90.771 Y113.813 E415.80626
G1 Z21.586 X89.887 Y113.18 E415.84306
G1 Z21.588 X89.047 Y112.49 E415.87986
G1 Z21.590 X88.253 Y111.747 E415.91667
G1 Z21.592 X87.51 Y110.953 E415.95348
G1 Z21.595 X86.82 Y110.113 E415.99028
G1 Z21.597 X86.187 Y109.229 E416.02708
G1 Z21.599 X85.613 Y108.306 E416.06387
G1 Z21.600 X85.286 Y107.693 E416.08739
;LAYER_CHANGE
;Z:21.8
;HEIGHT:0.199999
G1 Z21.600 F7800
G1 F1240
G1 Z21.601 X85.236 Y107.281 E416.10047
G1 Z21.603 X84.791 Y106.3 E416.13693
G1 Z21.605 X84.412 Y105.292 E416.17338
G1 Z21.607 X84.099 Y104.261 E416.20985
G1 Z21.609 X83.854 Y103.212 E416.24631
G1 Z21.611 X83.679 Y102.149 E416.28278
G1 Z21.613 X83.573 Y101.077 E416.31924
G1 Z21.615 X83.538 Y100 E416.35571
G1 Z21.617 X83.573 Y98.923 E416.39218
G1 Z21.619 X83.679 Y97.851 E416.42864
G1 Z21.622 X83.854 Y96.788 E416.46511
G1 Z21.624 X84.099 Y95.739 E416.50157
G1 Z21.626 X84.412 Y94.708 E416.53804
G1 Z21.628 X84.791 Y93.7 E416.57449
G1 Z21.630 X85.236 Y92.719 E416.61095
G1 Z21.632 X85.743 Y91.769 E416.6474
G1 Z21.634 X86.312 Y90.854 E416.68387
G1 Z21.636 X86.94 Y89.979 E416.72033
G1 Z21.638 X87.623 Y89.146 E416.75679
G1 Z21.640 X88.36 Y88.36 E416.79326
G1 Z21.642 X89.146 Y87.623 E416.82973
G1 Z21.644 X89.979 Y86.94 E416.86619
G1 Z21.647 X90.854 Y86.312 E416.90265
G1 Z21.649 X91.769 Y85.743 E416.93912
G1 Z21.651 X92.719 Y85.236 E416.97557
G1 Z21.653 X93.7 Y84.791 E417.01203
G1 Z21.655 X94.708 Y84.412 E417.04848
G1 Z21.657 X95.739 Y84.099 E417.08495
G1 Z21.659 X96.788 Y83.854 E417.12141
G1 Z21.661 X97.851 Y83.679 E417.15788
G1 Z21.663 X98.923 Y83.573 E417.19434
G1 Z21.666 X100.107 Y83.541 E417.23443
G1 Z21.667 X101.077 Y83.573 E417.26728
G1 Z21.669 X102.149 Y83.679 E417.30374
G1 Z21.672 X103.212 Y83.854 E417.34021
G1 Z21.674 X104.261 Y84.099 E417.37667
G1 Z21.676 X105.292 Y84.412 E417.41314
G1 Z21.678 X106.3 Y84.791 E417.44959
G1 Z21.680 X107.281 Y85.236 E417.48605
G1 Z21.682 X108.231 Y85.743 E417.5225
G1 Z21.684 X109.146 Y86.312 E417.55897
G1 Z21.686 X110.021 Y86.94 E417.59543
G1 Z21.688 X110.854 Y87.623 E417.63189
G1 Z21.690 X111.64 Y88.36 E417.66836
G1 Z21.692 X112.377 Y89.146 E417.70483
G1 Z21.694 X113.06 Y89.979 E417.74129
G1 Z21.697 X113.688 Y90.854 E417.77775
G1 Z21.699 X114.257 Y91.769 E417.81422
G1 Z21.701 X114.764 Y92.719 E417.85067
G1 Z21.703 X115.209 Y93.7 E417.88713
G1 Z21.705 X115.588 Y94.708 E417.92358
G1 Z21.707 X115.901 Y95.739 E417.96005
G1 Z21.709 X116.146 Y96.788 E417.99651
G1 Z21.711 X116.321 Y97.851 E418.03298
G1 Z21.713 X116.427 Y98.923 E418.06944
G1 Z21.715 X116.462 Y100 E418.10591
G1 Z21.717 X116.427 Y101.077 E418.14238
G1 Z21.719 X116.321 Y102.149 E418.17884
G1 Z21.722 X116.146 Y103.212 E418.21531
G1 Z21.724 X115.901 Y104.261 E418.25177
G1 Z21.726 X115.588 Y105.292 E418.28824
G1 Z21.728 X115.209 Y106.3 E418.32469
G1 Z21.730 X114.764 Y107.281 E418.36115
G1 Z21.732 X114.257 Y108.231 E418.3976
G1 Z21.734 X113.688 Y109.146 E418.43407
G1 Z21.736 X113.06 Y110.021 E418.47053
G1 Z21.738 X112.377 Y110.854 E418.50699
G1 Z21.740 X111.64 Y111.64 E418.54346
G1 Z21.742 X110.854 Y112.377 E418.57993
G1 Z21.744 X110.021 Y113.06 E418.61639
G1 Z21.747 X109.146 Y113.688 E418.65285
G1 Z21.749 X108.231 Y114.257 E418.68932
G1 Z21.751 X107.281 Y114.764 E418.72577
G1 Z21.753 X106.3 Y115.209 E418.76223
G1 Z21.755 X105.292 Y115.588 E418.79868
G1 Z21.757 X104.261 Y115.901 E418.83515
G1 Z21.759 X103.212 Y116.146 E418.87161
G1 Z21.761 X102.149 Y116.321 E418.90808
G1 Z21.763 X101.077 Y116.427 E418.94454
G1 Z21.765 X100 Y116.462 E418.98101
G1 Z21.767 X98.923 Y116.427 E419.01748
G1 Z21.769 X97.851 Y116.321 E419.05394
G1 Z21.772 X96.788 Y116.146 E419.09041
G1 Z21.774 X95.739 Y115.901 E419.12687
G1 Z21.776 X94.708 Y115.588 E419.16334
G1 Z21.778 X93.7 Y115.209 E419.19979
G1 Z21.780 X92.719 Y114.764 E419.23625
G1 Z21.782 X91.769 Y114.257 E419.2727
G1 Z21.784 X90.854 Y113.688 E419.30917
G1 Z21.786 X89.979 Y113.06 E419.34563
G1 Z21.788 X89.146 Y112.377 E419.38209
G1 Z21.790 X88.36 Y111.64 E419.41856
G1 Z21.792 X87.623 Y110.854 E419.45503
G1 Z21.794 X86.94 Y110.021 E419.49149
G1 Z21.797 X86.312 Y109.146 E419.52795
G1 Z21.799 X85.743 Y108.231 E419.56442
G1 Z21.800 X85.418 Y107.622 E419.58779
;LAYER_CHANGE
;Z:22
;HEIGHT:0.200001
G1 Z21.800 F7800
G1 F1229
G1 Z21.801 X85.371 Y107.214 E419.60072
G1 Z21.803 X84.93 Y106.242 E419.63685
G1 Z21.805 X84.554 Y105.243 E419.67298
G1 Z21.807 X84.245 Y104.222 E419.70909
G1 Z21.809 X84.002 Y103.182 E419.74524
G1 Z21.811 X83.828 Y102.129 E419.78137
G1 Z21.813 X83.724 Y101.067 E419.81749
G1 Z21.815 X83.689 Y100 E419.85363
G1 Z21.817 X83.724 Y98.933 E419.88977
G1 Z21.819 X83.828 Y97.871 E419.92589
G1 Z21.822 X84.002 Y96.818 E419.96202
G1 Z21.824 X84.245 Y95.778 E419.99817
G1 Z21.826 X84.554 Y94.757 E420.03428
G1 Z21.828 X84.93 Y93.758 E420.07041
G1 Z21.830 X85.371 Y92.786 E420.10654
G1 Z21.832 X85.874 Y91.844 E420.14269
G1 Z21.834 X86.438 Y90.938 E420.17881
G1 Z21.836 X87.059 Y90.07 E420.21494
G1 Z21.838 X87.737 Y89.245 E420.25109
G1 Z21.840 X88.466 Y88.466 E420.2872
G1 Z21.842 X89.245 Y87.737 E420.32331
G1 Z21.844 X90.07 Y87.059 E420.35946
G1 Z21.847 X90.938 Y86.438 E420.39559
G1 Z21.849 X91.844 Y85.874 E420.43171
G1 Z21.851 X92.786 Y85.371 E420.46786
G1 Z21.853 X93.758 Y84.93 E420.50399
G1 Z21.855 X94.757 Y84.554 E420.54012
G1 Z21.857 X95.778 Y84.245 E420.57623
G1 Z21.859 X96.818 Y84.002 E420.61238
G1 Z21.861 X97.871 Y83.828 E420.64851
G1 Z21.863 X98.933 Y83.724 E420.68463
G1 Z21.865 X100 Y83.689 E420.72077
G1 Z21.867 X100.746 Y83.713 E420.74603
G1 Z21.867 X101.067 Y83.724 E420.7569
G1 Z21.869 X102.129 Y83.828 E420.79302
G1 Z21.872 X103.182 Y84.002 E420.82915
G1 Z21.874 X104.222 Y84.245 E420.8653
G1 Z21.876 X105.243 Y84.554 E420.90141
G1 Z21.878 X106.242 Y84.93 E420.93754
G1 Z21.880 X107.214 Y85.371 E420.97367
G1 Z21.882 X108.156 Y85.874 E421.00982
G1 Z21.884 X109.062 Y86.438 E421.04594
G1 Z21.886 X109.93 Y87.059 E421.08207
G1 Z21.888 X110.755 Y87.737 E421.11822
G1 Z21.890 X111.534 Y88.466 E421.15433
G1 Z21.892 X112.263 Y89.245 E421.19044
G1 Z21.894 X112.941 Y90.07 E421.22659
G1 Z21.897 X113.562 Y90.938 E421.26272
G1 Z21.899 X114.126 Y91.844 E421.29884
G1 Z21.901 X114.629 Y92.786 E421.33499
G1 Z21.903 X115.07 Y93.758 E421.37112
G1 Z21.905 X115.446 Y94.757 E421.40725
G1 Z21.907 X115.755 Y95.778 E421.44336
G1 Z21.909 X115.998 Y96.818 E421.47951
G1 Z21.911 X116.172 Y97.871 E421.51564
G1 Z21.913 X116.276 Y98.933 E421.55176
G1 Z21.915 X116.311 Y100 E421.5879
G1 Z21.917 X116.276 Y101.067 E421.62404
G1 Z21.919 X116.172 Y102.129 E421.66016
G1 Z21.922 X115.998 Y103.182 E421.69629
G1 Z21.924 X115.755 Y104.222 E421.73244
G1 Z21.926 X115.446 Y105.243 E421.76855
G1 Z21.928 X115.07 Y106.242 E421.80468
G1 Z21.930 X114.629 Y107.214 E421.84081
G1 Z21.932 X114.126 Y108.156 E421.87696
G1 Z21.934 X113.562 Y109.062 E421.91308
G1 Z21.936 X112.941 Y109.93 E421.94921
G1 Z21.938 X112.263 Y110.755 E421.98536
G1 Z21.940 X111.534 Y111.534 E422.02147
G1 Z21.942 X110.755 Y112.263 E422.05758
G1 Z21.944 X109.93 Y112.941 E422.09373
G1 Z21.947 X109.062 Y113.562 E422.12986
G1 Z21.949 X108.156 Y114.126 E422.16598
G1 Z21.951 X107.214 Y114.629 E422.20213
G1 Z21.953 X106.242 Y115.07 E422.23826
G1 Z21.955 X105.243 Y115.446 E422.27439
G1 Z21.957 X104.222 Y115.755 E422.3105
G1 Z21.959 X103.182 Y115.998 E422.34665
G1 Z21.961 X102.129 Y116.172 E422.38278
G1 Z21.963 X101.067 Y116.276 E422.4189
G1 Z21.965 X100 Y116.311 E422.45504
G1 Z21.967 X98.933 Y116.276 E422.49118
G1 Z21.969 X97.871 Y116.172 E422.5273
G1 Z21.972 X96.818 Y115.998 E422.56343
G1 Z21.974 X95.778 Y115.755 E422.59958
G1 Z21.976 X94.757 Y115.446 E422.63569
G1 Z21.978 X93.758 Y115.07 E422.67182
G1 Z21.980 X92.786 Y114.629 E422.70795
G1 Z21.982 X91.844 Y114.126 E422.7441
G1 Z21.984 X90.938 Y113.562 E422.78022
G1 Z21.986 X90.07 Y112.941 E422.81635
G1 Z21.988 X89.245 Y112.263 E422.8525
G1 Z21.990 X88.466 Y111.534 E422.88861
G1 Z21.992 X87.737 Y110.755 E422.92472
G1 Z21.994 X87.059 Y109.93 E422.96087
G1 Z21.997 X86.438 Y109.062 E422.997
G1 Z21.999 X85.874 Y108.156 E423.03312
G1 Z22.000 X85.551 Y107.551 E423.05633
;LAYER_CHANGE
;Z:22.2
;HEIGHT:0.200001
G1 Z22.000 F7800
G1 F1217
G1 Z22.001 X85.506 Y107.148 E423.06908
G1 Z22.003 X85.07 Y106.184 E423.10489
G1 Z22.005 X84.697 Y105.195 E423.14067
G1 Z22.007 X84.39 Y104.183 E423.17647
G1 Z22.009 X84.15 Y103.153 E423.21227
G1 Z22.011 X83.978 Y102.109 E423.24808
G1 Z22.013 X83.874 Y101.057 E423.28386
G1 Z22.015 X83.839 Y100 E423.31966
G1 Z22.017 X83.874 Y98.943 E423.35546
G1 Z22.019 X83.978 Y97.891 E423.39124
G1 Z22.022 X84.15 Y96.847 E423.42705
G1 Z22.024 X84.39 Y95.817 E423.46285
G1 Z22.026 X84.697 Y94.805 E423.49865
G1 Z22.028 X85.07 Y93.816 E423.53443
G1 Z22.030 X85.506 Y92.852 E423.57024
G1 Z22.032 X86.005 Y91.92 E423.60602
G1 Z22.034 X86.563 Y91.022 E423.64181
G1 Z22.036 X87.179 Y90.162 E423.67762
G1 Z22.038 X87.85 Y89.345 E423.71341
G1 Z22.040 X88.573 Y88.573 E423.74921
G1 Z22.042 X89.345 Y87.85 E423.78501
G1 Z22.044 X90.162 Y87.179 E423.8208
G1 Z22.047 X91.022 Y86.563 E423.85661
G1 Z22.049 X91.92 Y86.005 E423.8924
G1 Z22.051 X92.852 Y85.506 E423.92818
G1 Z22.053 X93.816 Y85.07 E423.96399
G1 Z22.055 X94.805 Y84.697 E423.99977
G1 Z22.057 X95.817 Y84.39 E424.03557
G1 Z22.059 X96.847 Y84.15 E424.07137
G1 Z22.061 X97.891 Y83.978 E424.10718
G1 Z22.063 X98.943 Y83.874 E424.14296
G1 Z22.065 X100 Y83.839 E424.17876
G1 Z22.066 X100.311 Y83.85 E424.18929
G1 Z22.067 X101.057 Y83.874 E424.21455
G1 Z22.069 X102.109 Y83.978 E424.25033
G1 Z22.072 X103.153 Y84.15 E424.28614
G1 Z22.074 X104.183 Y84.39 E424.32194
G1 Z22.076 X105.195 Y84.697 E424.35774
G1 Z22.078 X106.184 Y85.07 E424.39352
G1 Z22.080 X107.148 Y85.506 E424.42933
G1 Z22.082 X108.08 Y86.005 E424.46511
G1 Z22.084 X108.978 Y86.563 E424.5009
G1 Z22.086 X109.838 Y87.179 E424.53671
G1 Z22.088 X110.655 Y87.85 E424.5725
G1 Z22.090 X111.427 Y88.573 E424.6083
G1 Z22.092 X112.15 Y89.345 E424.6441
G1 Z22.094 X112.821 Y90.162 E424.67989
G1 Z22.097 X113.437 Y91.022 E424.7157
G1 Z22.099 X113.995 Y91.92 E424.75149
G1 Z22.101 X114.494 Y92.852 E424.78727
G1 Z22.103 X114.93 Y93.816 E424.82308
G1 Z22.105 X115.303 Y94.805 E424.85886
G1 Z22.107 X115.61 Y95.817 E424.89466
G1 Z22.109 X115.85 Y96.847 E424.93046
G1 Z22.111 X116.022 Y97.891 E424.96627
G1 Z22.113 X116.126 Y98.943 E425.00205
G1 Z22.115 X116.161 Y100 E425.03785
G1 Z22.117 X116.126 Y101.057 E425.07365
G1 Z22.119 X116.022 Y102.109 E425.10943
G1 Z22.122 X115.85 Y103.153 E425.14524
G1 Z22.124 X115.61 Y104.183 E425.18104
G1 Z22.126 X115.303 Y105.195 E425.21684
G1 Z22.128 X114.93 Y106.184 E425.25262
G1 Z22.130 X114.494 Y107.148 E425.28843
G1 Z22.132 X113.995 Y108.08 E425.32421
G1 Z22.134 X113.437 Y108.978 E425.36
G1 Z22.136 X112.821 Y109.838 E425.39581
G1 Z22.138 X112.15 Y110.655 E425.4316
G1 Z22.140 X111.427 Y111.427 E425.4674
G1 Z22.142 X110.655 Y112.15 E425.5032
G1 Z22.144 X109.838 Y112.821 E425.53899
G1 Z22.147 X108.978 Y113.437 E425.5748
G1 Z22.149 X108.08 Y113.995 E425.61059
G1 Z22.151 X107.148 Y114.494 E425.64637
G1 Z22.153 X106.184 Y114.93 E425.68218
G1 Z22.155 X105.195 Y115.303 E425.71796
G1 Z22.157 X104.183 Y115.61 E425.75376
G1 Z22.159 X103.153 Y115.85 E425.78956
G1 Z22.161 X102.109 Y116.022 E425.82537
G1 Z22.163 X101.057 Y116.126 E425.86115
G1 Z22.165 X100 Y116.161 E425.89695
G1 Z22.167 X98.943 Y116.126 E425.93275
G1 Z22.169 X97.891 Y116.022 E425.96853
G1 Z22.172 X96.847 Y115.85 E426.00434
G1 Z22.174 X95.817 Y115.61 E426.04014
G1 Z22.176 X94.805 Y115.303 E426.07594
G1 Z22.178 X93.816 Y114.93 E426.11172
G1 Z22.180 X92.852 Y114.494 E426.14753
G1 Z22.182 X91.92 Y113.995 E426.18331
G1 Z22.184 X91.022 Y113.437 E426.2191
G1 Z22.186 X90.162 Y112.821 E426.25491
G1 Z22.188 X89.345 Y112.15 E426.2907
G1 Z22.190 X88.573 Y111.427 E426.3265
G1 Z22.192 X87.85 Y110.655 E426.3623
G1 Z22.194 X87.179 Y109.838 E426.39809
G1 Z22.197 X86.563 Y108.978 E426.4339
G1 Z22.199 X86.005 Y108.08 E426.46969
G1 Z22.200 X85.684 Y107.48 E426.49272
;LAYER_CHANGE
;Z:22.4
;HEIGHT:0.199999
G1 Z22.200 F7800
G1 F1206
G1 Z22.201 X85.641 Y107.081 E426.50532
G1 Z22.203 X85.209 Y106.127 E426.54077
G1 Z22.205 X84.84 Y105.146 E426.57625
G1 Z22.207 X84.536 Y104.144 E426.61169
G1 Z22.209 X84.298 Y103.123 E426.64718
G1 Z22.211 X84.127 Y102.09 E426.68262
G1 Z22.213 X84.024 Y101.047 E426.7181
G1 Z22.215 X83.99 Y100 E426.75356
G1 Z22.217 X84.024 Y98.953 E426.78902
G1 Z22.219 X84.127 Y97.91 E426.8245
G1 Z22.222 X84.298 Y96.877 E426.85994
G1 Z22.224 X84.536 Y95.856 E426.89543
G1 Z22.226 X84.84 Y94.854 E426.93087
G1 Z22.228 X85.209 Y93.873 E426.96635
G1 Z22.230 X85.641 Y92.919 E427.0018
G1 Z22.232 X86.135 Y91.995 E427.03727
G1 Z22.234 X86.688 Y91.105 E427.07274
G1 Z22.236 X87.298 Y90.254 E427.10818
G1 Z22.238 X87.963 Y89.444 E427.14365
G1 Z22.240 X88.606 Y88.757 E427.1755
G1 Z22.242 X89.444 Y87.963 E427.21458
G1 Z22.244 X90.254 Y87.298 E427.25005
G1 Z22.246 X91.018 Y86.751 E427.28186
G1 Z22.249 X91.996 Y86.135 E427.32098
G1 Z22.251 X92.919 Y85.641 E427.35642
G1 Z22.253 X93.873 Y85.209 E427.39187
G1 Z22.255 X94.854 Y84.84 E427.42735
G1 Z22.257 X95.856 Y84.536 E427.46279
G1 Z22.259 X96.877 Y84.298 E427.49828
G1 Z22.261 X97.91 Y84.127 E427.53372
G1 Z22.263 X98.953 Y84.024 E427.5692
G1 Z22.265 X100 Y83.99 E427.60466
G1 Z22.267 X100.94 Y84.021 E427.6365
G1 Z22.269 X102.09 Y84.127 E427.67559
G1 Z22.272 X103.123 Y84.298 E427.71103
G1 Z22.274 X104.144 Y84.536 E427.74652
G1 Z22.276 X105.146 Y84.84 E427.78196
G1 Z22.278 X106.127 Y85.209 E427.81744
G1 Z22.280 X107.081 Y85.641 E427.85289
G1 Z22.282 X108.005 Y86.135 E427.88836
G1 Z22.284 X108.895 Y86.688 E427.92383
G1 Z22.286 X109.746 Y87.298 E427.95927
G1 Z22.288 X110.556 Y87.963 E427.99474
G1 Z22.290 X111.243 Y88.606 E428.02659
G1 Z22.292 X112.037 Y89.444 E428.06567
G1 Z22.294 X112.702 Y90.254 E428.10114
G1 Z22.296 X113.249 Y91.018 E428.13295
G1 Z22.299 X113.865 Y91.996 E428.17207
G1 Z22.301 X114.359 Y92.919 E428.20751
G1 Z22.303 X114.791 Y93.873 E428.24296
G1 Z22.305 X115.16 Y94.854 E428.27844
G1 Z22.307 X115.464 Y95.856 E428.31388
G1 Z22.309 X115.702 Y96.877 E428.34937
G1 Z22.311 X115.873 Y97.91 E428.38481
G1 Z22.313 X115.976 Y98.953 E428.42029
G1 Z22.315 X116.01 Y100 E428.45575
G1 Z22.317 X115.976 Y101.047 E428.49121
G1 Z22.319 X115.873 Y102.09 E428.52669
G1 Z22.322 X115.702 Y103.123 E428.56213
G1 Z22.324 X115.464 Y104.144 E428.59762
G1 Z22.326 X115.16 Y105.146 E428.63306
G1 Z22.328 X114.791 Y106.127 E428.66854
G1 Z22.330 X114.359 Y107.081 E428.70399
G1 Z22.332 X113.865 Y108.005 E428.73946
G1 Z22.334 X113.312 Y108.895 E428.77493
G1 Z22.336 X112.702 Y109.746 E428.81037
G1 Z22.338 X112.037 Y110.556 E428.84584
G1 Z22.340 X111.394 Y111.243 E428.87769
G1 Z22.342 X110.556 Y112.037 E428.91677
G1 Z22.344 X109.746 Y112.702 E428.95224
G1 Z22.346 X108.982 Y113.249 E428.98405
G1 Z22.349 X108.004 Y113.865 E429.02317
G1 Z22.351 X107.081 Y114.359 E429.05861
G1 Z22.353 X106.127 Y114.791 E429.09406
G1 Z22.355 X105.146 Y115.16 E429.12954
G1 Z22.357 X104.144 Y115.464 E429.16498
G1 Z22.359 X103.123 Y115.702 E429.20047
G1 Z22.361 X102.09 Y115.873 E429.23591
G1 Z22.363 X101.047 Y115.976 E429.27139
G1 Z22.365 X100 Y116.01 E429.30685
G1 Z22.367 X98.953 Y115.976 E429.34231
G1 Z22.369 X97.91 Y115.873 E429.37779
G1 Z22.372 X96.877 Y115.702 E429.41323
G1 Z22.374 X95.856 Y115.464 E429.44872
G1 Z22.376 X94.854 Y115.16 E429.48416
G1 Z22.378 X93.873 Y114.791 E429.51964
G1 Z22.380 X92.919 Y114.359 E429.55509
G1 Z22.382 X91.995 Y113.865 E429.59056
G1 Z22.384 X91.105 Y113.312 E429.62603
G1 Z22.386 X90.254 Y112.702 E429.66147
G1 Z22.388 X89.444 Y112.037 E429.69694
G1 Z22.390 X88.757 Y111.394 E429.72879
G1 Z22.392 X87.963 Y110.556 E429.76787
G1 Z22.394 X87.298 Y109.746 E429.80334
G1 Z22.396 X86.751 Y108.982 E429.83515
G1 Z22.399 X86.135 Y108.004 E429.87427
G1 Z22.400 X85.817 Y107.409 E429.89711
;LAYER_CHANGE
;Z:22.6
;HEIGHT:0.200001
G1 Z22.400 F7800
G1 F1195
G1 Z22.401 X85.775 Y107.015 E429.90956
G1 Z22.403 X85.347 Y106.069 E429.94471
G1 Z22.405 X84.981 Y105.098 E429.97983
G1 Z22.406 X84.832 Y104.605 E429.99726
G1 Z22.407 X84.68 Y104.105 E430.01495
G1 Z22.409 X84.445 Y103.094 E430.05008
G1 Z22.411 X84.275 Y102.07 E430.08522
G1 Z22.413 X84.174 Y101.037 E430.12035
G1 Z22.415 X84.14 Y100 E430.15547
G1 Z22.417 X84.174 Y98.963 E430.19059
G1 Z22.419 X84.275 Y97.93 E430.22572
G1 Z22.422 X84.445 Y96.906 E430.26086
G1 Z22.424 X84.68 Y95.895 E430.29599
G1 Z22.426 X84.981 Y94.902 E430.33111
G1 Z22.428 X85.347 Y93.931 E430.36623
G1 Z22.430 X85.775 Y92.985 E430.40138
G1 Z22.432 X86.265 Y92.07 E430.43651
G1 Z22.434 X86.813 Y91.189 E430.47163
G1 Z22.436 X87.417 Y90.345 E430.50676
G1 Z22.438 X88.076 Y89.543 E430.5419
G1 Z22.440 X88.785 Y88.785 E430.57703
G1 Z22.442 X89.543 Y88.076 E430.61216
G1 Z22.444 X90.345 Y87.417 E430.6473
G1 Z22.447 X91.189 Y86.813 E430.68243
G1 Z22.449 X92.07 Y86.265 E430.71755
G1 Z22.451 X92.985 Y85.775 E430.75268
G1 Z22.453 X93.931 Y85.347 E430.78783
G1 Z22.455 X94.902 Y84.981 E430.82295
G1 Z22.456 X95.395 Y84.832 E430.84038
G1 Z22.457 X95.895 Y84.68 E430.85807
G1 Z22.459 X96.906 Y84.445 E430.8932
G1 Z22.461 X97.93 Y84.275 E430.92834
G1 Z22.463 X98.963 Y84.174 E430.96347
G1 Z22.465 X100 Y84.14 E430.99859
G1 Z22.466 X100.515 Y84.157 E431.01603
G1 Z22.467 X101.037 Y84.174 E431.03371
G1 Z22.469 X102.07 Y84.275 E431.06884
G1 Z22.472 X103.094 Y84.445 E431.10398
G1 Z22.474 X104.105 Y84.68 E431.13911
G1 Z22.476 X105.098 Y84.981 E431.17423
G1 Z22.478 X106.069 Y85.347 E431.20935
G1 Z22.480 X107.015 Y85.775 E431.2445
G1 Z22.482 X107.93 Y86.265 E431.27963
G1 Z22.484 X108.811 Y86.813 E431.31475
G1 Z22.486 X109.655 Y87.417 E431.34988
G1 Z22.488 X110.457 Y88.076 E431.38502
G1 Z22.490 X111.215 Y88.785 E431.42015
G1 Z22.492 X111.924 Y89.543 E431.45528
G1 Z22.494 X112.583 Y90.345 E431.49042
G1 Z22.497 X113.187 Y91.189 E431.52555
G1 Z22.499 X113.735 Y92.07 E431.56067
G1 Z22.501 X114.225 Y92.985 E431.5958
G1 Z22.503 X114.653 Y93.931 E431.63095
G1 Z22.505 X115.019 Y94.902 E431.66607
G1 Z22.507 X115.32 Y95.895 E431.70119
G1 Z22.509 X115.555 Y96.906 E431.73632
G1 Z22.511 X115.725 Y97.93 E431.77146
G1 Z22.513 X115.826 Y98.963 E431.80659
G1 Z22.515 X115.86 Y100 E431.84171
G1 Z22.517 X115.826 Y101.037 E431.87683
G1 Z22.519 X115.725 Y102.07 E431.91196
G1 Z22.522 X115.555 Y103.094 E431.9471
G1 Z22.524 X115.32 Y104.105 E431.98223
G1 Z22.526 X115.019 Y105.098 E432.01735
G1 Z22.528 X114.653 Y106.069 E432.05247
G1 Z22.530 X114.225 Y107.015 E432.08762
G1 Z22.532 X113.735 Y107.93 E432.12275
G1 Z22.534 X113.187 Y108.811 E432.15787
G1 Z22.536 X112.583 Y109.655 E432.193
G1 Z22.538 X111.924 Y110.457 E432.22814
G1 Z22.540 X111.215 Y111.215 E432.26327
G1 Z22.542 X110.457 Y111.924 E432.2984
G1 Z22.544 X109.655 Y112.583 E432.33354
G1 Z22.547 X108.811 Y113.187 E432.36867
G1 Z22.549 X107.93 Y113.735 E432.40379
G1 Z22.551 X107.015 Y114.225 E432.43892
G1 Z22.553 X106.069 Y114.653 E432.47407
G1 Z22.555 X105.098 Y115.019 E432.50919
G1 Z22.557 X104.105 Y115.32 E432.54431
G1 Z22.559 X103.094 Y115.555 E432.57944
G1 Z22.561 X102.07 Y115.725 E432.61458
G1 Z22.563 X101.037 Y115.826 E432.64971
G1 Z22.565 X100 Y115.86 E432.68483
G1 Z22.567 X98.963 Y115.826 E432.71995
G1 Z22.569 X97.93 Y115.725 E432.75508
G1 Z22.572 X96.906 Y115.555 E432.79022
G1 Z22.574 X95.895 Y115.32 E432.82535
G1 Z22.576 X94.902 Y115.019 E432.86047
G1 Z22.578 X93.931 Y114.653 E432.89559
G1 Z22.580 X92.985 Y114.225 E432.93074
G1 Z22.582 X92.07 Y113.735 E432.96587
G1 Z22.584 X91.189 Y113.187 E433.00099
G1 Z22.586 X90.345 Y112.583 E433.03612
G1 Z22.588 X89.543 Y111.924 E433.07126
G1 Z22.590 X88.785 Y111.215 E433.10639
G1 Z22.592 X88.076 Y110.457 E433.14152
G1 Z22.594 X87.417 Y109.655 E433.17666
G1 Z22.597 X86.813 Y108.811 E433.21179
G1 Z22.599 X86.265 Y107.93 E433.24691
G1 Z22.600 X85.949 Y107.339 E433.26959
;LAYER_CHANGE
;Z:22.8
;HEIGHT:0.199999
G1 Z22.600 F7800
G1 F1184
G1 Z22.601 X85.909 Y106.949 E433.28184
G1 Z22.603 X85.485 Y106.012 E433.31665
G1 Z22.605 X85.123 Y105.05 E433.35144
G1 Z22.607 X84.824 Y104.066 E433.38625
G1 Z22.609 X84.591 Y103.065 E433.42104
G1 Z22.611 X84.424 Y102.051 E433.45583
G1 Z22.613 X84.323 Y101.028 E433.49063
G1 Z22.615 X84.289 Y100.001 E433.52541
G1 Z22.618 X84.333 Y98.871 E433.56369
G1 Z22.619 X84.424 Y97.949 E433.59505
G1 Z22.622 X84.591 Y96.935 E433.62984
G1 Z22.624 X84.824 Y95.934 E433.66463
G1 Z22.626 X85.123 Y94.95 E433.69944
G1 Z22.628 X85.485 Y93.988 E433.73423
G1 Z22.630 X85.909 Y93.051 E433.76904
G1 Z22.632 X86.394 Y92.145 E433.80382
G1 Z22.634 X86.937 Y91.272 E433.83862
G1 Z22.636 X87.536 Y90.436 E433.87343
G1 Z22.638 X88.188 Y89.641 E433.90823
G1 Z22.640 X88.891 Y88.891 E433.94303
G1 Z22.642 X89.641 Y88.188 E433.97783
G1 Z22.644 X90.436 Y87.536 E434.01263
G1 Z22.647 X91.272 Y86.937 E434.04744
G1 Z22.649 X92.145 Y86.394 E434.08224
G1 Z22.651 X93.051 Y85.909 E434.11702
G1 Z22.653 X93.988 Y85.485 E434.15183
G1 Z22.655 X94.95 Y85.123 E434.18662
G1 Z22.657 X95.934 Y84.824 E434.22143
G1 Z22.659 X96.935 Y84.591 E434.25622
G1 Z22.661 X97.949 Y84.424 E434.29101
G1 Z22.663 X98.972 Y84.323 E434.32581
G1 Z22.666 X100.102 Y84.292 E434.36407
G1 Z22.667 X101.028 Y84.323 E434.39543
G1 Z22.669 X102.051 Y84.424 E434.43023
G1 Z22.672 X103.065 Y84.591 E434.46502
G1 Z22.674 X104.066 Y84.824 E434.49981
G1 Z22.676 X105.05 Y85.123 E434.53462
G1 Z22.678 X106.012 Y85.485 E434.56941
G1 Z22.680 X106.949 Y85.909 E434.60422
G1 Z22.682 X107.855 Y86.394 E434.639
G1 Z22.684 X108.728 Y86.937 E434.6738
G1 Z22.686 X109.564 Y87.536 E434.70861
G1 Z22.688 X110.359 Y88.188 E434.74341
G1 Z22.690 X111.109 Y88.891 E434.77821
G1 Z22.692 X111.812 Y89.641 E434.81301
G1 Z22.694 X112.464 Y90.436 E434.84781
G1 Z22.697 X113.063 Y91.272 E434.88262
G1 Z22.699 X113.606 Y92.145 E434.91742
G1 Z22.701 X114.091 Y93.051 E434.9522
G1 Z22.703 X114.515 Y93.988 E434.98701
G1 Z22.705 X114.877 Y94.95 E435.0218
G1 Z22.707 X115.176 Y95.934 E435.05661
G1 Z22.709 X115.409 Y96.935 E435.0914
G1 Z22.711 X115.576 Y97.949 E435.12619
G1 Z22.713 X115.677 Y98.972 E435.16099
G1 Z22.715 X115.711 Y99.999 E435.19577
G1 Z22.718 X115.667 Y101.129 E435.23405
G1 Z22.719 X115.576 Y102.051 E435.26541
G1 Z22.722 X115.409 Y103.065 E435.3002
G1 Z22.724 X115.176 Y104.066 E435.33499
G1 Z22.726 X114.877 Y105.05 E435.3698
G1 Z22.728 X114.515 Y106.012 E435.40459
G1 Z22.730 X114.091 Y106.949 E435.4394
G1 Z22.732 X113.606 Y107.855 E435.47418
G1 Z22.734 X113.063 Y108.728 E435.50898
G1 Z22.736 X112.464 Y109.564 E435.54379
G1 Z22.738 X111.812 Y110.359 E435.57859
G1 Z22.740 X111.109 Y111.109 E435.61339
G1 Z22.742 X110.359 Y111.812 E435.64819
G1 Z22.744 X109.564 Y112.464 E435.68299
G1 Z22.747 X108.728 Y113.063 E435.7178
G1 Z22.749 X107.855 Y113.606 E435.7526
G1 Z22.751 X106.949 Y114.091 E435.78738
G1 Z22.753 X106.012 Y114.515 E435.82219
G1 Z22.755 X105.05 Y114.877 E435.85698
G1 Z22.757 X104.066 Y115.176 E435.89179
G1 Z22.759 X103.065 Y115.409 E435.92658
G1 Z22.761 X102.051 Y115.576 E435.96137
G1 Z22.763 X101.028 Y115.677 E435.99617
G1 Z22.765 X100.001 Y115.711 E436.03095
G1 Z22.768 X98.871 Y115.667 E436.06923
G1 Z22.769 X97.949 Y115.576 E436.10059
G1 Z22.772 X96.935 Y115.409 E436.13538
G1 Z22.774 X95.934 Y115.176 E436.17017
G1 Z22.776 X94.95 Y114.877 E436.20498
G1 Z22.778 X93.988 Y114.515 E436.23977
G1 Z22.780 X93.051 Y114.091 E436.27458
G1 Z22.782 X92.145 Y113.606 E436.30936
G1 Z22.784 X91.272 Y113.063 E436.34416
G1 Z22.786 X90.436 Y112.464 E436.37897
G1 Z22.788 X89.641 Y111.812 E436.41377
G1 Z22.790 X88.891 Y111.109 E436.44857
G1 Z22.792 X88.188 Y110.359 E436.48337
G1 Z22.794 X87.536 Y109.564 E436.51817
G1 Z22.797 X86.937 Y108.728 E436.55298
G1 Z22.799 X86.394 Y107.855 E436.58778
G1 Z22.800 X86.08 Y107.268 E436.61031
;LAYER_CHANGE
;Z:23
;HEIGHT:0.200001
G1 Z22.800 F7800
G1 F1172
G1 Z22.801 X86.042 Y106.883 E436.62244
G1 Z22.803 X85.622 Y105.956 E436.65689
G1 Z22.805 X85.263 Y105.002 E436.69139
G1 Z22.807 X84.968 Y104.028 E436.72584
G1 Z22.809 X84.736 Y103.036 E436.76032
G1 Z22.811 X84.57 Y102.031 E436.7948
G1 Z22.813 X84.471 Y101.018 E436.82925
G1 Z22.815 X84.437 Y100 E436.86373
G1 Z22.817 X84.471 Y98.982 E436.89821
G1 Z22.819 X84.57 Y97.969 E436.93266
G1 Z22.822 X84.736 Y96.964 E436.96714
G1 Z22.824 X84.968 Y95.972 E437.00162
G1 Z22.826 X85.263 Y94.998 E437.03607
G1 Z22.828 X85.622 Y94.044 E437.07057
G1 Z22.830 X86.042 Y93.117 E437.10502
G1 Z22.832 X86.522 Y92.219 E437.13949
G1 Z22.834 X87.06 Y91.354 E437.17397
G1 Z22.836 X87.653 Y90.526 E437.20844
G1 Z22.838 X88.299 Y89.739 E437.2429
G1 Z22.840 X88.995 Y88.995 E437.27739
G1 Z22.842 X89.739 Y88.299 E437.31188
G1 Z22.844 X90.526 Y87.653 E437.34634
G1 Z22.847 X91.354 Y87.06 E437.38081
G1 Z22.849 X92.219 Y86.522 E437.41529
G1 Z22.851 X93.117 Y86.042 E437.44976
G1 Z22.853 X94.044 Y85.622 E437.48421
G1 Z22.855 X94.998 Y85.263 E437.51871
G1 Z22.857 X95.972 Y84.968 E437.55316
G1 Z22.859 X96.964 Y84.736 E437.58764
G1 Z22.861 X97.969 Y84.57 E437.62212
G1 Z22.863 X98.982 Y84.471 E437.65657
G1 Z22.865 X100 Y84.437 E437.69105
G1 Z22.867 X100.712 Y84.461 E437.71516
G1 Z22.867 X101.018 Y84.471 E437.72552
G1 Z22.869 X102.031 Y84.57 E437.75997
G1 Z22.872 X103.036 Y84.736 E437.79445
G1 Z22.874 X104.028 Y84.968 E437.82893
G1 Z22.876 X105.002 Y85.263 E437.86338
G1 Z22.878 X105.956 Y85.622 E437.89788
G1 Z22.880 X106.883 Y86.042 E437.93233
G1 Z22.882 X107.781 Y86.522 E437.9668
G1 Z22.884 X108.646 Y87.06 E438.00128
G1 Z22.886 X109.474 Y87.653 E438.03575
G1 Z22.888 X110.261 Y88.299 E438.07021
G1 Z22.890 X111.005 Y88.995 E438.1047
G1 Z22.892 X111.701 Y89.739 E438.13919
G1 Z22.894 X112.347 Y90.526 E438.17365
G1 Z22.897 X112.94 Y91.354 E438.20812
G1 Z22.899 X113.478 Y92.219 E438.2426
G1 Z22.901 X113.958 Y93.117 E438.27707
G1 Z22.903 X114.378 Y94.044 E438.31152
G1 Z22.905 X114.737 Y94.998 E438.34602
G1 Z22.907 X115.032 Y95.972 E438.38047
G1 Z22.909 X115.264 Y96.964 E438.41495
G1 Z22.911 X115.43 Y97.969 E438.44943
G1 Z22.913 X115.529 Y98.982 E438.48388
G1 Z22.915 X115.563 Y100 E438.51836
G1 Z22.917 X115.529 Y101.018 E438.55284
G1 Z22.919 X115.43 Y102.031 E438.58729
G1 Z22.922 X115.264 Y103.036 E438.62177
G1 Z22.924 X115.032 Y104.028 E438.65625
G1 Z22.926 X114.737 Y105.002 E438.6907
G1 Z22.928 X114.378 Y105.956 E438.7252
G1 Z22.930 X113.958 Y106.883 E438.75965
G1 Z22.932 X113.478 Y107.781 E438.79412
G1 Z22.934 X112.94 Y108.646 E438.8286
G1 Z22.936 X112.347 Y109.474 E438.86307
G1 Z22.938 X111.701 Y110.261 E438.89753
G1 Z22.940 X111.005 Y111.005 E438.93202
G1 Z22.942 X110.261 Y111.701 E438.96651
G1 Z22.944 X109.474 Y112.347 E439.00097
G1 Z22.947 X108.646 Y112.94 E439.03544
G1 Z22.949 X107.781 Y113.478 E439.06992
G1 Z22.951 X106.883 Y113.958 E439.10439
G1 Z22.953 X105.956 Y114.378 E439.13884
G1 Z22.955 X105.002 Y114.737 E439.17334
G1 Z22.957 X104.028 Y115.032 E439.20779
G1 Z22.959 X103.036 Y115.264 E439.24227
G1 Z22.961 X102.031 Y115.43 E439.27675
G1 Z22.963 X101.018 Y115.529 E439.3112
G1 Z22.965 X100 Y115.563 E439.34568
G1 Z22.967 X98.982 Y115.529 E439.38016
G1 Z22.969 X97.969 Y115.43 E439.41461
G1 Z22.972 X96.964 Y115.264 E439.44909
G1 Z22.974 X95.972 Y115.032 E439.48357
G1 Z22.976 X94.998 Y114.737 E439.51802
G1 Z22.978 X94.044 Y114.378 E439.55252
G1 Z22.980 X93.117 Y113.958 E439.58697
G1 Z22.982 X92.219 Y113.478 E439.62144
G1 Z22.984 X91.354 Y112.94 E439.65592
G1 Z22.986 X90.526 Y112.347 E439.69039
G1 Z22.988 X89.739 Y111.701 E439.72485
G1 Z22.990 X88.995 Y111.005 E439.75934
G1 Z22.992 X88.299 Y110.261 E439.79383
G1 Z22.994 X87.653 Y109.474 E439.82829
G1 Z22.997 X87.06 Y108.646 E439.86276
G1 Z22.999 X86.522 Y107.781 E439.89724
G1 Z23.000 X86.211 Y107.199 E439.91958
;LAYER_CHANGE
;Z:23.2
;HEIGHT:0.200001
G1 Z23.000 F7800
G1 F1161
G1 Z23.001 X86.174 Y106.818 E439.93151
G1 Z23.003 X85.758 Y105.899 E439.96566
G1 Z23.005 X85.402 Y104.955 E439.99981
G1 Z23.007 X85.109 Y103.99 E440.03395
G1 Z23.009 X84.88 Y103.007 E440.06811
G1 Z23.011 X84.716 Y102.012 E440.10224
G1 Z23.013 X84.617 Y101.008 E440.13639
G1 Z23.015 X84.584 Y100 E440.17053
G1 Z23.017 X84.617 Y98.992 E440.20467
G1 Z23.019 X84.716 Y97.988 E440.23882
G1 Z23.022 X84.88 Y96.993 E440.27295
G1 Z23.024 X85.109 Y96.01 E440.30711
G1 Z23.026 X85.402 Y95.045 E440.34125
G1 Z23.028 X85.758 Y94.101 E440.3754
G1 Z23.030 X86.174 Y93.182 E440.40955
G1 Z23.032 X86.65 Y92.292 E440.44371
G1 Z23.034 X87.182 Y91.435 E440.47785
G1 Z23.036 X87.77 Y90.615 E440.512
G1 Z23.037 X87.958 Y90.386 E440.52203
G1 Z23.038 X88.41 Y89.836 E440.54613
G1 Z23.040 X89.099 Y89.099 E440.58028
G1 Z23.042 X89.836 Y88.41 E440.61443
G1 Z23.044 X90.615 Y87.77 E440.64856
G1 Z23.047 X91.435 Y87.182 E440.68271
G1 Z23.049 X92.292 Y86.65 E440.71685
G1 Z23.051 X93.182 Y86.174 E440.75101
G1 Z23.053 X94.101 Y85.758 E440.78516
G1 Z23.055 X95.045 Y85.402 E440.81931
G1 Z23.057 X96.01 Y85.109 E440.85345
G1 Z23.059 X96.993 Y84.88 E440.88761
G1 Z23.061 X97.988 Y84.716 E440.92174
G1 Z23.063 X98.992 Y84.617 E440.95589
G1 Z23.065 X100 Y84.584 E440.99003
G1 Z23.066 X100.296 Y84.594 E441.00005
G1 Z23.067 X101.008 Y84.617 E441.02416
G1 Z23.069 X102.012 Y84.716 E441.05831
G1 Z23.072 X103.007 Y84.88 E441.09244
G1 Z23.074 X103.99 Y85.109 E441.1266
G1 Z23.076 X104.955 Y85.402 E441.16074
G1 Z23.078 X105.899 Y85.758 E441.19489
G1 Z23.080 X106.818 Y86.174 E441.22904
G1 Z23.082 X107.708 Y86.65 E441.2632
G1 Z23.084 X108.565 Y87.182 E441.29734
G1 Z23.086 X109.385 Y87.77 E441.33149
G1 Z23.087 X109.614 Y87.958 E441.34152
G1 Z23.088 X110.164 Y88.41 E441.36562
G1 Z23.090 X110.901 Y89.099 E441.39977
G1 Z23.092 X111.59 Y89.836 E441.43392
G1 Z23.094 X112.23 Y90.615 E441.46805
G1 Z23.097 X112.818 Y91.435 E441.5022
G1 Z23.099 X113.35 Y92.292 E441.53634
G1 Z23.101 X113.826 Y93.182 E441.5705
G1 Z23.103 X114.242 Y94.101 E441.60465
G1 Z23.105 X114.598 Y95.045 E441.6388
G1 Z23.107 X114.891 Y96.01 E441.67294
G1 Z23.109 X115.12 Y96.993 E441.7071
G1 Z23.111 X115.284 Y97.988 E441.74123
G1 Z23.113 X115.383 Y98.992 E441.77538
G1 Z23.115 X115.416 Y100 E441.80952
G1 Z23.117 X115.383 Y101.008 E441.84366
G1 Z23.119 X115.284 Y102.012 E441.87781
G1 Z23.122 X115.12 Y103.007 E441.91194
G1 Z23.124 X114.891 Y103.99 E441.9461
G1 Z23.126 X114.598 Y104.955 E441.98024
G1 Z23.128 X114.242 Y105.899 E442.01439
G1 Z23.130 X113.826 Y106.818 E442.04854
G1 Z23.132 X113.35 Y107.708 E442.0827
G1 Z23.134 X112.818 Y108.565 E442.11684
G1 Z23.136 X112.23 Y109.385 E442.15099
G1 Z23.137 X112.042 Y109.614 E442.16102
G1 Z23.138 X111.59 Y110.164 E442.18512
G1 Z23.140 X110.901 Y110.901 E442.21927
G1 Z23.142 X110.164 Y111.59 E442.25342
G1 Z23.144 X109.385 Y112.23 E442.28755
G1 Z23.147 X108.565 Y112.818 E442.3217
G1 Z23.149 X107.708 Y113.35 E442.35584
G1 Z23.151 X106.818 Y113.826 E442.39
G1 Z23.153 X105.899 Y114.242 E442.42415
G1 Z23.155 X104.955 Y114.598 E442.4583
G1 Z23.157 X103.99 Y114.891 E442.49244
G1 Z23.159 X103.007 Y115.12 E442.5266
G1 Z23.161 X102.012 Y115.284 E442.56073
G1 Z23.163 X101.008 Y115.383 E442.59488
G1 Z23.165 X100 Y115.416 E442.62902
G1 Z23.167 X98.992 Y115.383 E442.66316
G1 Z23.169 X97.988 Y115.284 E442.69731
G1 Z23.172 X96.993 Y115.12 E442.73144
G1 Z23.174 X96.01 Y114.891 E442.7656
G1 Z23.176 X95.045 Y114.598 E442.79974
G1 Z23.178 X94.101 Y114.242 E442.83389
G1 Z23.180 X93.182 Y113.826 E442.86804
G1 Z23.182 X92.292 Y113.35 E442.9022
G1 Z23.184 X91.435 Y112.818 E442.93634
G1 Z23.186 X90.615 Y112.23 E442.97049
G1 Z23.187 X90.386 Y112.042 E442.98052
G1 Z23.188 X89.836 Y111.59 E443.00462
G1 Z23.190 X89.099 Y110.901 E443.03877
G1 Z23.192 X88.41 Y110.164 E443.07292
G1 Z23.194 X87.77 Y109.385 E443.10705
G1 Z23.197 X87.182 Y108.565 E443.1412
G1 Z23.199 X86.65 Y107.708 E443.17534
G1 Z23.200 X86.34 Y107.129 E443.19757
;LAYER_CHANGE
;Z:23.4
;HEIGHT:0.199999
G1 Z23.200 F7800
G1 F1150
G1 Z23.201 X86.305 Y106.754 E443.20935
G1 Z23.203 X85.892 Y105.844 E443.24318
G1 Z23.205 X85.54 Y104.908 E443.27703
G1 Z23.207 X85.25 Y103.952 E443.31085
G1 Z23.209 X85.023 Y102.979 E443.34467
G1 Z23.211 X84.861 Y101.993 E443.37849
G1 Z23.213 X84.763 Y100.999 E443.4123
G1 Z23.215 X84.733 Y100.102 E443.44268
G1 Z23.217 X84.763 Y99.001 E443.47996
G1 Z23.219 X84.861 Y98.007 E443.51377
G1 Z23.222 X85.023 Y97.021 E443.54759
G1 Z23.224 X85.25 Y96.048 E443.58141
G1 Z23.226 X85.54 Y95.092 E443.61523
G1 Z23.228 X85.892 Y94.156 E443.64908
G1 Z23.230 X86.305 Y93.246 E443.68291
G1 Z23.232 X86.776 Y92.365 E443.71672
G1 Z23.234 X87.303 Y91.516 E443.75054
G1 Z23.236 X87.886 Y90.704 E443.78438
G1 Z23.238 X88.519 Y89.932 E443.81817
G1 Z23.240 X89.202 Y89.203 E443.85198
G1 Z23.242 X89.932 Y88.519 E443.88584
G1 Z23.244 X90.704 Y87.886 E443.91963
G1 Z23.247 X91.516 Y87.303 E443.95347
G1 Z23.249 X92.365 Y86.776 E443.98729
G1 Z23.251 X93.246 Y86.305 E444.0211
G1 Z23.253 X94.156 Y85.892 E444.05493
G1 Z23.255 X95.092 Y85.54 E444.08878
G1 Z23.257 X96.048 Y85.25 E444.1226
G1 Z23.259 X97.021 Y85.023 E444.15642
G1 Z23.261 X98.007 Y84.861 E444.19024
G1 Z23.263 X99.001 Y84.763 E444.22405
G1 Z23.265 X100 Y84.73 E444.25788
G1 Z23.267 X100.897 Y84.759 E444.28826
G1 Z23.269 X101.994 Y84.861 E444.32555
G1 Z23.272 X102.979 Y85.023 E444.35934
G1 Z23.274 X103.952 Y85.25 E444.39316
G1 Z23.276 X104.908 Y85.54 E444.42698
G1 Z23.278 X105.844 Y85.892 E444.46083
G1 Z23.280 X106.754 Y86.305 E444.49466
G1 Z23.282 X107.635 Y86.776 E444.52847
G1 Z23.284 X108.484 Y87.303 E444.56229
G1 Z23.286 X109.296 Y87.886 E444.59613
G1 Z23.288 X110.068 Y88.519 E444.62992
G1 Z23.290 X110.797 Y89.202 E444.66373
G1 Z23.292 X111.481 Y89.932 E444.69759
G1 Z23.294 X112.114 Y90.704 E444.73138
G1 Z23.297 X112.697 Y91.516 E444.76522
G1 Z23.299 X113.224 Y92.365 E444.79904
G1 Z23.301 X113.695 Y93.246 E444.83285
G1 Z23.303 X114.108 Y94.156 E444.86668
G1 Z23.305 X114.46 Y95.092 E444.90053
G1 Z23.307 X114.75 Y96.048 E444.93435
G1 Z23.309 X114.977 Y97.021 E444.96817
G1 Z23.311 X115.139 Y98.007 E445.00199
G1 Z23.313 X115.237 Y99.001 E445.0358
G1 Z23.315 X115.267 Y99.898 E445.06618
G1 Z23.317 X115.237 Y100.999 E445.10346
G1 Z23.319 X115.139 Y101.993 E445.13727
G1 Z23.322 X114.977 Y102.979 E445.17109
G1 Z23.324 X114.75 Y103.952 E445.20491
G1 Z23.326 X114.46 Y104.908 E445.23873
G1 Z23.328 X114.108 Y105.844 E445.27258
G1 Z23.330 X113.695 Y106.754 E445.30641
G1 Z23.332 X113.224 Y107.635 E445.34022
G1 Z23.334 X112.697 Y108.484 E445.37404
G1 Z23.336 X112.114 Y109.296 E445.40788
G1 Z23.338 X111.481 Y110.068 E445.44167
G1 Z23.340 X110.798 Y110.797 E445.47548
G1 Z23.342 X110.068 Y111.481 E445.50934
G1 Z23.344 X109.296 Y112.114 E445.54313
G1 Z23.347 X108.484 Y112.697 E445.57697
G1 Z23.349 X107.635 Y113.224 E445.61079
G1 Z23.351 X106.754 Y113.695 E445.6446
G1 Z23.353 X105.844 Y114.108 E445.67843
G1 Z23.355 X104.908 Y114.46 E445.71228
G1 Z23.357 X103.952 Y114.75 E445.7461
G1 Z23.359 X102.979 Y114.977 E445.77992
G1 Z23.361 X101.993 Y115.139 E445.81374
G1 Z23.363 X100.999 Y115.237 E445.84755
G1 Z23.365 X100.102 Y115.267 E445.87793
G1 Z23.367 X99.001 Y115.237 E445.91521
G1 Z23.369 X98.007 Y115.139 E445.94902
G1 Z23.372 X97.021 Y114.977 E445.98284
G1 Z23.374 X96.048 Y114.75 E446.01666
G1 Z23.376 X95.092 Y114.46 E446.05048
G1 Z23.378 X94.156 Y114.108 E446.08433
G1 Z23.380 X93.246 Y113.695 E446.11816
G1 Z23.382 X92.365 Y113.224 E446.15197
G1 Z23.384 X91.516 Y112.697 E446.18579
G1 Z23.386 X90.704 Y112.114 E446.21963
G1 Z23.388 X89.932 Y111.481 E446.25342
G1 Z23.390 X89.203 Y110.798 E446.28723
G1 Z23.392 X88.519 Y110.068 E446.32109
G1 Z23.394 X87.886 Y109.296 E446.35488
G1 Z23.397 X87.303 Y108.484 E446.38872
G1 Z23.399 X86.776 Y107.635 E446.42254
G1 Z23.400 X86.469 Y107.061 E446.44457
;LAYER_CHANGE
;Z:23.6
;HEIGHT:0.200001
G1 Z23.400 F7800
G1 F1140
G1 Z23.401 X86.433 Y106.69 E446.4562
G1 Z23.403 X86.025 Y105.789 E446.48968
G1 Z23.405 X85.676 Y104.862 E446.52321
G1 Z23.407 X85.389 Y103.915 E446.5567
G1 Z23.409 X85.164 Y102.951 E446.59021
G1 Z23.411 X85.003 Y101.974 E446.62373
G1 Z23.413 X84.906 Y100.989 E446.65723
G1 Z23.415 X84.874 Y100 E446.69072
G1 Z23.417 X84.906 Y99.011 E446.72421
G1 Z23.419 X85.003 Y98.026 E446.75771
G1 Z23.422 X85.164 Y97.049 E446.79123
G1 Z23.424 X85.389 Y96.085 E446.82474
G1 Z23.426 X85.676 Y95.138 E446.85823
G1 Z23.428 X86.025 Y94.211 E446.89176
G1 Z23.430 X86.433 Y93.31 E446.92524
G1 Z23.432 X86.9 Y92.437 E446.95875
G1 Z23.434 X87.423 Y91.596 E446.99227
G1 Z23.436 X87.999 Y90.792 E447.02575
G1 Z23.438 X88.627 Y90.026 E447.05928
G1 Z23.440 X89.304 Y89.304 E447.09278
G1 Z23.442 X90.026 Y88.627 E447.12628
G1 Z23.444 X90.792 Y87.999 E447.15981
G1 Z23.447 X91.596 Y87.423 E447.19329
G1 Z23.449 X92.437 Y86.9 E447.22681
G1 Z23.451 X93.31 Y86.433 E447.26032
G1 Z23.453 X94.211 Y86.025 E447.2938
G1 Z23.455 X95.138 Y85.676 E447.32733
G1 Z23.457 X96.085 Y85.389 E447.36082
G1 Z23.459 X97.049 Y85.164 E447.39433
G1 Z23.461 X98.026 Y85.003 E447.42785
G1 Z23.463 X99.011 Y84.906 E447.46135
G1 Z23.465 X100 Y84.874 E447.49484
G1 Z23.466 X100.491 Y84.89 E447.51147
G1 Z23.467 X100.989 Y84.906 E447.52834
G1 Z23.469 X101.974 Y85.003 E447.56184
G1 Z23.472 X102.951 Y85.164 E447.59536
G1 Z23.474 X103.915 Y85.389 E447.62887
G1 Z23.476 X104.862 Y85.676 E447.66236
G1 Z23.478 X105.789 Y86.025 E447.69589
G1 Z23.480 X106.69 Y86.433 E447.72937
G1 Z23.482 X107.563 Y86.9 E447.76288
G1 Z23.484 X108.404 Y87.423 E447.7964
G1 Z23.486 X109.208 Y87.999 E447.82988
G1 Z23.488 X109.974 Y88.627 E447.86341
G1 Z23.490 X110.696 Y89.304 E447.89691
G1 Z23.492 X111.373 Y90.026 E447.93041
G1 Z23.494 X112.001 Y90.792 E447.96394
G1 Z23.497 X112.577 Y91.596 E447.99742
G1 Z23.499 X113.1 Y92.437 E448.03094
G1 Z23.501 X113.567 Y93.31 E448.06445
G1 Z23.503 X113.975 Y94.211 E448.09793
G1 Z23.505 X114.324 Y95.138 E448.13146
G1 Z23.506 X114.466 Y95.608 E448.14808
G1 Z23.507 X114.611 Y96.085 E448.16496
G1 Z23.509 X114.836 Y97.049 E448.19847
G1 Z23.511 X114.997 Y98.026 E448.23199
G1 Z23.513 X115.094 Y99.011 E448.26549
G1 Z23.515 X115.126 Y100 E448.29898
G1 Z23.517 X115.094 Y100.989 E448.33247
G1 Z23.519 X114.997 Y101.974 E448.36597
G1 Z23.522 X114.836 Y102.951 E448.39949
G1 Z23.524 X114.611 Y103.915 E448.433
G1 Z23.526 X114.324 Y104.862 E448.46649
G1 Z23.528 X113.975 Y105.789 E448.50002
G1 Z23.530 X113.567 Y106.69 E448.5335
G1 Z23.532 X113.1 Y107.563 E448.56701
G1 Z23.534 X112.577 Y108.404 E448.60053
G1 Z23.536 X112.001 Y109.208 E448.63401
G1 Z23.537 X111.689 Y109.588 E448.65065
G1 Z23.538 X111.373 Y109.974 E448.66754
G1 Z23.540 X110.696 Y110.696 E448.70104
G1 Z23.542 X109.974 Y111.373 E448.73454
G1 Z23.544 X109.208 Y112.001 E448.76807
G1 Z23.547 X108.404 Y112.577 E448.80155
G1 Z23.549 X107.563 Y113.1 E448.83507
G1 Z23.551 X106.69 Y113.567 E448.86858
G1 Z23.553 X105.789 Y113.975 E448.90206
G1 Z23.555 X104.862 Y114.324 E448.93559
G1 Z23.556 X104.392 Y114.466 E448.95221
G1 Z23.557 X103.915 Y114.611 E448.96909
G1 Z23.559 X102.951 Y114.836 E449.0026
G1 Z23.561 X101.974 Y114.997 E449.03612
G1 Z23.563 X100.989 Y115.094 E449.06962
G1 Z23.565 X100 Y115.126 E449.10311
G1 Z23.567 X99.011 Y115.094 E449.1366
G1 Z23.569 X98.026 Y114.997 E449.1701
G1 Z23.572 X97.049 Y114.836 E449.20362
G1 Z23.574 X96.085 Y114.611 E449.23713
G1 Z23.576 X95.138 Y114.324 E449.27062
G1 Z23.578 X94.211 Y113.975 E449.30415
G1 Z23.580 X93.31 Y113.567 E449.33763
G1 Z23.582 X92.437 Y113.1 E449.37114
G1 Z23.584 X91.596 Y112.577 E449.40466
G1 Z23.586 X90.792 Y112.001 E449.43814
G1 Z23.587 X90.412 Y111.689 E449.45478
G1 Z23.588 X90.026 Y111.373 E449.47167
G1 Z23.590 X89.304 Y110.696 E449.50517
G1 Z23.592 X88.627 Y109.974 E449.53867
G1 Z23.594 X87.999 Y109.208 E449.5722
G1 Z23.597 X87.423 Y108.404 E449.60568
G1 Z23.599 X86.9 Y107.563 E449.6392
G1 Z23.600 X86.595 Y106.993 E449.66108
;LAYER_CHANGE
;Z:23.8
;HEIGHT:0.199999
G1 Z23.600 F7800
G1 F1129
G1 Z23.601 X86.561 Y106.627 E449.67256
G1 Z23.603 X86.157 Y105.734 E449.70574
G1 Z23.605 X85.811 Y104.816 E449.73895
G1 Z23.607 X85.526 Y103.878 E449.77213
G1 Z23.609 X85.304 Y102.923 E449.80532
G1 Z23.611 X85.144 Y101.956 E449.8385
G1 Z23.613 X85.048 Y100.98 E449.8717
G1 Z23.615 X85.016 Y100 E449.90489
G1 Z23.617 X85.048 Y99.02 E449.93808
G1 Z23.619 X85.144 Y98.044 E449.97128
G1 Z23.622 X85.304 Y97.077 E450.00446
G1 Z23.624 X85.526 Y96.122 E450.03765
G1 Z23.626 X85.811 Y95.184 E450.07083
G1 Z23.628 X86.157 Y94.266 E450.10404
G1 Z23.630 X86.561 Y93.373 E450.13722
G1 Z23.632 X87.023 Y92.508 E450.17041
G1 Z23.634 X87.541 Y91.675 E450.20361
G1 Z23.636 X88.112 Y90.878 E450.2368
G1 Z23.638 X88.734 Y90.12 E450.26999
G1 Z23.640 X89.405 Y89.405 E450.30318
G1 Z23.642 X90.12 Y88.734 E450.33637
G1 Z23.644 X90.878 Y88.112 E450.36956
G1 Z23.647 X91.675 Y87.541 E450.40275
G1 Z23.649 X92.508 Y87.023 E450.43595
G1 Z23.651 X93.373 Y86.561 E450.46914
G1 Z23.653 X94.266 Y86.157 E450.50232
G1 Z23.655 X95.184 Y85.811 E450.53553
G1 Z23.657 X96.122 Y85.526 E450.56871
G1 Z23.659 X97.077 Y85.304 E450.6019
G1 Z23.661 X98.044 Y85.144 E450.63508
G1 Z23.663 X99.019 Y85.048 E450.66824
G1 Z23.666 X100.097 Y85.019 E450.70474
G1 Z23.667 X100.98 Y85.048 E450.73464
G1 Z23.669 X101.956 Y85.144 E450.76784
G1 Z23.672 X102.923 Y85.304 E450.80102
G1 Z23.674 X103.878 Y85.526 E450.83421
G1 Z23.676 X104.816 Y85.811 E450.86739
G1 Z23.678 X105.734 Y86.157 E450.9006
G1 Z23.680 X106.627 Y86.561 E450.93378
G1 Z23.682 X107.492 Y87.023 E450.96697
G1 Z23.684 X108.325 Y87.541 E451.00017
G1 Z23.686 X109.122 Y88.112 E451.03336
G1 Z23.688 X109.88 Y88.734 E451.06655
G1 Z23.690 X110.595 Y89.405 E451.09974
G1 Z23.692 X111.266 Y90.12 E451.13293
G1 Z23.694 X111.888 Y90.878 E451.16612
G1 Z23.697 X112.459 Y91.675 E451.19931
G1 Z23.699 X112.977 Y92.508 E451.23251
G1 Z23.701 X113.439 Y93.373 E451.2657
G1 Z23.703 X113.843 Y94.266 E451.29888
G1 Z23.705 X114.189 Y95.184 E451.33209
G1 Z23.707 X114.474 Y96.122 E451.36527
G1 Z23.709 X114.696 Y97.077 E451.39846
G1 Z23.711 X114.856 Y98.044 E451.43164
G1 Z23.713 X114.952 Y99.02 E451.46484
G1 Z23.715 X114.984 Y100 E451.49803
G1 Z23.717 X114.952 Y100.98 E451.53122
G1 Z23.719 X114.856 Y101.956 E451.56442
G1 Z23.722 X114.696 Y102.923 E451.5976
G1 Z23.724 X114.474 Y103.878 E451.63079
G1 Z23.726 X114.189 Y104.816 E451.66397
G1 Z23.728 X113.843 Y105.734 E451.69718
G1 Z23.730 X113.439 Y106.627 E451.73036
G1 Z23.732 X112.977 Y107.492 E451.76355
G1 Z23.734 X112.459 Y108.325 E451.79675
G1 Z23.736 X111.888 Y109.122 E451.82994
G1 Z23.738 X111.266 Y109.88 E451.86313
G1 Z23.740 X110.595 Y110.595 E451.89632
G1 Z23.742 X109.88 Y111.266 E451.92951
G1 Z23.744 X109.122 Y111.888 E451.9627
G1 Z23.747 X108.325 Y112.459 E451.99589
G1 Z23.749 X107.492 Y112.977 E452.02909
G1 Z23.751 X106.627 Y113.439 E452.06228
G1 Z23.753 X105.734 Y113.843 E452.09546
G1 Z23.755 X104.816 Y114.189 E452.12867
G1 Z23.757 X103.878 Y114.474 E452.16185
G1 Z23.759 X102.923 Y114.696 E452.19504
G1 Z23.761 X101.956 Y114.856 E452.22822
G1 Z23.763 X100.98 Y114.952 E452.26142
G1 Z23.765 X100 Y114.984 E452.29461
G1 Z23.767 X99.02 Y114.952 E452.3278
G1 Z23.769 X98.044 Y114.856 E452.361
G1 Z23.772 X97.077 Y114.696 E452.39418
G1 Z23.774 X96.122 Y114.474 E452.42737
G1 Z23.776 X95.184 Y114.189 E452.46055
G1 Z23.778 X94.266 Y113.843 E452.49376
G1 Z23.780 X93.373 Y113.439 E452.52694
G1 Z23.782 X92.508 Y112.977 E452.56013
G1 Z23.784 X91.675 Y112.459 E452.59333
G1 Z23.786 X90.878 Y111.888 E452.62652
G1 Z23.788 X90.12 Y111.266 E452.65971
G1 Z23.790 X89.405 Y110.595 E452.6929
G1 Z23.792 X88.734 Y109.88 E452.72609
G1 Z23.794 X88.112 Y109.122 E452.75928
G1 Z23.797 X87.541 Y108.325 E452.79247
G1 Z23.799 X87.023 Y107.492 E452.82567
G1 Z23.800 X86.721 Y106.926 E452.84739
;LAYER_CHANGE
;Z:24
;HEIGHT:0.200001
G1 Z23.800 F7800
G1 F1118
G1 Z23.801 X86.686 Y106.566 E452.85869
G1 Z23.803 X86.285 Y105.681 E452.89158
G1 Z23.805 X85.943 Y104.772 E452.92445
G1 Z23.807 X85.661 Y103.842 E452.95734
G1 Z23.809 X85.441 Y102.896 E452.99022
G1 Z23.811 X85.282 Y101.938 E453.02309
G1 Z23.813 X85.187 Y100.971 E453.05598
G1 Z23.815 X85.165 Y100.292 E453.07898
G1 Z23.815 X85.155 Y100 E453.08887
G1 Z23.817 X85.187 Y99.029 E453.12176
G1 Z23.819 X85.282 Y98.062 E453.15465
G1 Z23.822 X85.441 Y97.104 E453.18752
G1 Z23.824 X85.661 Y96.158 E453.2204
G1 Z23.826 X85.943 Y95.228 E453.25329
G1 Z23.828 X86.285 Y94.319 E453.28616
G1 Z23.830 X86.686 Y93.434 E453.31905
G1 Z23.832 X87.144 Y92.578 E453.35191
G1 Z23.834 X87.657 Y91.753 E453.38479
G1 Z23.836 X88.223 Y90.963 E453.41769
G1 Z23.838 X88.839 Y90.212 E453.45057
G1 Z23.840 X89.503 Y89.503 E453.48345
G1 Z23.842 X90.212 Y88.839 E453.51633
G1 Z23.844 X90.963 Y88.223 E453.54921
G1 Z23.847 X91.753 Y87.657 E453.58211
G1 Z23.849 X92.578 Y87.144 E453.61499
G1 Z23.851 X93.434 Y86.686 E453.64785
G1 Z23.853 X94.319 Y86.285 E453.68074
G1 Z23.855 X95.228 Y85.943 E453.71361
G1 Z23.857 X96.158 Y85.661 E453.7465
G1 Z23.859 X97.104 Y85.441 E453.77938
G1 Z23.861 X98.062 Y85.282 E453.81225
G1 Z23.863 X99.029 Y85.187 E453.84514
G1 Z23.865 X100 Y85.155 E453.87803
G1 Z23.867 X100.679 Y85.178 E453.90103
G1 Z23.867 X100.971 Y85.187 E453.91092
G1 Z23.869 X101.938 Y85.282 E453.94381
G1 Z23.872 X102.896 Y85.441 E453.97668
G1 Z23.874 X103.842 Y85.661 E454.00956
G1 Z23.876 X104.772 Y85.943 E454.04245
G1 Z23.878 X105.681 Y86.285 E454.07532
G1 Z23.880 X106.566 Y86.686 E454.10821
G1 Z23.882 X107.422 Y87.144 E454.14107
G1 Z23.884 X108.247 Y87.657 E454.17395
G1 Z23.886 X109.037 Y88.223 E454.20685
G1 Z23.888 X109.788 Y88.839 E454.23973
G1 Z23.890 X110.497 Y89.503 E454.27261
G1 Z23.892 X111.161 Y90.212 E454.30549
G1 Z23.894 X111.777 Y90.963 E454.33837
G1 Z23.897 X112.343 Y91.753 E454.37127
G1 Z23.899 X112.856 Y92.578 E454.40415
G1 Z23.901 X113.314 Y93.434 E454.43701
G1 Z23.903 X113.715 Y94.319 E454.4699
G1 Z23.905 X114.057 Y95.228 E454.50277
G1 Z23.907 X114.339 Y96.158 E454.53566
G1 Z23.909 X114.559 Y97.104 E454.56854
G1 Z23.911 X114.718 Y98.062 E454.60141
G1 Z23.913 X114.813 Y99.029 E454.6343
G1 Z23.915 X114.835 Y99.708 E454.6573
G1 Z23.915 X114.845 Y100 E454.66719
G1 Z23.917 X114.813 Y100.971 E454.70008
G1 Z23.919 X114.718 Y101.938 E454.73297
G1 Z23.922 X114.559 Y102.896 E454.76584
G1 Z23.924 X114.339 Y103.842 E454.79872
G1 Z23.926 X114.057 Y104.772 E454.83161
G1 Z23.928 X113.715 Y105.681 E454.86448
G1 Z23.930 X113.314 Y106.566 E454.89737
G1 Z23.932 X112.856 Y107.422 E454.93023
G1 Z23.934 X112.343 Y108.247 E454.96311
G1 Z23.936 X111.777 Y109.037 E454.99601
G1 Z23.938 X111.161 Y109.788 E455.02889
G1 Z23.940 X110.497 Y110.497 E455.06177
G1 Z23.942 X109.788 Y111.161 E455.09465
G1 Z23.944 X109.037 Y111.777 E455.12753
G1 Z23.947 X108.247 Y112.343 E455.16043
G1 Z23.949 X107.422 Y112.856 E455.19331
G1 Z23.951 X106.566 Y113.314 E455.22617
G1 Z23.953 X105.681 Y113.715 E455.25906
G1 Z23.955 X104.772 Y114.057 E455.29193
G1 Z23.957 X103.842 Y114.339 E455.32482
G1 Z23.959 X102.896 Y114.559 E455.3577
G1 Z23.961 X101.938 Y114.718 E455.39057
G1 Z23.963 X100.971 Y114.813 E455.42346
G1 Z23.965 X100.292 Y114.835 E455.44646
G1 Z23.965 X100 Y114.845 E455.45635
G1 Z23.967 X99.029 Y114.813 E455.48924
G1 Z23.969 X98.062 Y114.718 E455.52213
G1 Z23.972 X97.104 Y114.559 E455.555
G1 Z23.974 X96.158 Y114.339 E455.58788
G1 Z23.976 X95.228 Y114.057 E455.62077
G1 Z23.978 X94.319 Y113.715 E455.65364
G1 Z23.980 X93.434 Y113.314 E455.68653
G1 Z23.982 X92.578 Y112.856 E455.71939
G1 Z23.984 X91.753 Y112.343 E455.75227
G1 Z23.986 X90.963 Y111.777 E455.78517
G1 Z23.988 X90.212 Y111.161 E455.81805
G1 Z23.990 X89.503 Y110.497 E455.85093
G1 Z23.992 X88.839 Y109.788 E455.88381
G1 Z23.994 X88.223 Y109.037 E455.91669
G1 Z23.997 X87.657 Y108.247 E455.94959
G1 Z23.999 X87.144 Y107.422 E455.98247
G1 Z24.000 X86.844 Y106.86 E456.00403
;LAYER_CHANGE
;Z:24.2
;HEIGHT:0.200001
G1 Z24.000 F7800
G1 F1107
G1 Z24.001 X86.82 Y106.5 E456.01516
G1 Z24.003 X86.423 Y105.624 E456.04771
G1 Z24.005 X86.084 Y104.724 E456.08026
G1 Z24.007 X85.805 Y103.804 E456.1128
G1 Z24.009 X85.587 Y102.867 E456.14536
G1 Z24.011 X85.43 Y101.918 E456.17792
G1 Z24.013 X85.336 Y100.961 E456.21047
G1 Z24.015 X85.304 Y100 E456.24302
G1 Z24.017 X85.336 Y99.039 E456.27557
G1 Z24.019 X85.43 Y98.082 E456.30812
G1 Z24.022 X85.587 Y97.133 E456.34068
G1 Z24.024 X85.805 Y96.196 E456.37324
G1 Z24.026 X86.084 Y95.276 E456.40578
G1 Z24.028 X86.423 Y94.376 E456.43833
G1 Z24.030 X86.82 Y93.5 E456.47088
G1 Z24.032 X87.273 Y92.652 E456.50342
G1 Z24.034 X87.781 Y91.835 E456.53598
G1 Z24.036 X88.341 Y91.054 E456.56851
G1 Z24.038 X88.951 Y90.31 E456.60108
G1 Z24.040 X89.608 Y89.608 E456.63363
G1 Z24.042 X90.31 Y88.951 E456.66618
G1 Z24.044 X91.054 Y88.341 E456.69875
G1 Z24.047 X91.835 Y87.781 E456.73128
G1 Z24.049 X92.652 Y87.273 E456.76384
G1 Z24.051 X93.5 Y86.82 E456.79638
G1 Z24.053 X94.376 Y86.423 E456.82893
G1 Z24.055 X95.276 Y86.084 E456.86148
G1 Z24.057 X96.196 Y85.805 E456.89402
G1 Z24.059 X97.133 Y85.587 E456.92658
G1 Z24.061 X98.082 Y85.43 E456.95914
G1 Z24.063 X99.039 Y85.336 E456.99169
G1 Z24.065 X100 Y85.304 E457.02424
G1 Z24.066 X100.282 Y85.313 E457.03379
G1 Z24.067 X100.961 Y85.336 E457.05679
G1 Z24.069 X101.918 Y85.43 E457.08934
G1 Z24.072 X102.867 Y85.587 E457.1219
G1 Z24.074 X103.804 Y85.805 E457.15446
G1 Z24.076 X104.724 Y86.084 E457.187
G1 Z24.078 X105.624 Y86.423 E457.21955
G1 Z24.080 X106.5 Y86.82 E457.2521
G1 Z24.082 X107.348 Y87.273 E457.28464
G1 Z24.084 X108.165 Y87.781 E457.3172
G1 Z24.086 X108.946 Y88.341 E457.34973
G1 Z24.088 X109.69 Y88.951 E457.3823
G1 Z24.090 X110.392 Y89.608 E457.41485
G1 Z24.092 X111.049 Y90.31 E457.4474
G1 Z24.094 X111.659 Y91.054 E457.47997
G1 Z24.097 X112.219 Y91.835 E457.5125
G1 Z24.099 X112.727 Y92.652 E457.54506
G1 Z24.101 X113.18 Y93.5 E457.5776
G1 Z24.103 X113.577 Y94.376 E457.61015
G1 Z24.105 X113.916 Y95.276 E457.6427
G1 Z24.107 X114.195 Y96.196 E457.67524
G1 Z24.109 X114.413 Y97.133 E457.7078
G1 Z24.111 X114.57 Y98.082 E457.74036
G1 Z24.113 X114.664 Y99.039 E457.77291
G1 Z24.115 X114.696 Y100 E457.80546
G1 Z24.117 X114.664 Y100.961 E457.83801
G1 Z24.119 X114.57 Y101.918 E457.87056
G1 Z24.122 X114.413 Y102.867 E457.90312
G1 Z24.124 X114.195 Y103.804 E457.93568
G1 Z24.126 X113.916 Y104.724 E457.96822
G1 Z24.128 X113.577 Y105.624 E458.00077
G1 Z24.130 X113.18 Y106.5 E458.03332
G1 Z24.132 X112.727 Y107.348 E458.06586
G1 Z24.134 X112.219 Y108.165 E458.09842
G1 Z24.136 X111.659 Y108.946 E458.13095
G1 Z24.138 X111.049 Y109.69 E458.16352
G1 Z24.140 X110.392 Y110.392 E458.19607
G1 Z24.142 X109.69 Y111.049 E458.22862
G1 Z24.144 X108.946 Y111.659 E458.26119
G1 Z24.147 X108.165 Y112.219 E458.29372
G1 Z24.149 X107.348 Y112.727 E458.32628
G1 Z24.151 X106.5 Y113.18 E458.35882
G1 Z24.153 X105.624 Y113.577 E458.39137
G1 Z24.155 X104.724 Y113.916 E458.42392
G1 Z24.157 X103.804 Y114.195 E458.45646
G1 Z24.159 X102.867 Y114.413 E458.48902
G1 Z24.161 X101.918 Y114.57 E458.52158
G1 Z24.163 X100.961 Y114.664 E458.55413
G1 Z24.165 X100 Y114.696 E458.58668
G1 Z24.167 X99.039 Y114.664 E458.61923
G1 Z24.169 X98.082 Y114.57 E458.65178
G1 Z24.172 X97.133 Y114.413 E458.68434
G1 Z24.174 X96.196 Y114.195 E458.7169
G1 Z24.176 X95.276 Y113.916 E458.74944
G1 Z24.178 X94.376 Y113.577 E458.78199
G1 Z24.180 X93.5 Y113.18 E458.81454
G1 Z24.182 X92.652 Y112.727 E458.84708
G1 Z24.184 X91.835 Y112.219 E458.87964
G1 Z24.186 X91.054 Y111.659 E458.91217
G1 Z24.188 X90.31 Y111.049 E458.94474
G1 Z24.190 X89.608 Y110.392 E458.97729
G1 Z24.192 X88.951 Y109.69 E459.00984
G1 Z24.194 X88.341 Y108.946 E459.04241
G1 Z24.197 X87.781 Y108.165 E459.07494
G1 Z24.199 X87.273 Y107.348 E459.1075
G1 Z24.200 X86.975 Y106.79 E459.12891
;LAYER_CHANGE
;Z:24.4
;HEIGHT:0.199999
G1 Z24.200 F7800
G1 F1095
G1 Z24.201 X86.961 Y106.43 E459.13989
G1 Z24.203 X86.569 Y105.563 E459.1721
G1 Z24.205 X86.234 Y104.673 E459.20429
G1 Z24.207 X85.958 Y103.763 E459.23648
G1 Z24.209 X85.741 Y102.836 E459.26871
G1 Z24.211 X85.587 Y101.898 E459.30089
G1 Z24.213 X85.493 Y100.951 E459.3331
G1 Z24.215 X85.465 Y100.097 E459.36202
G1 Z24.217 X85.493 Y99.048 E459.39754
G1 Z24.219 X85.587 Y98.102 E459.42972
G1 Z24.222 X85.741 Y97.164 E459.4619
G1 Z24.224 X85.958 Y96.237 E459.49413
G1 Z24.226 X86.234 Y95.327 E459.52632
G1 Z24.228 X86.534 Y94.528 E459.55521
G1 Z24.230 X86.962 Y93.569 E459.59076
G1 Z24.232 X87.41 Y92.731 E459.62292
G1 Z24.234 X87.912 Y91.923 E459.65512
G1 Z24.236 X88.466 Y91.15 E459.68731
G1 Z24.238 X89.07 Y90.415 E459.71951
G1 Z24.240 X89.72 Y89.72 E459.75172
G1 Z24.242 X90.415 Y89.07 E459.78393
G1 Z24.244 X91.15 Y88.466 E459.81613
G1 Z24.247 X91.923 Y87.912 E459.84832
G1 Z24.249 X92.731 Y87.41 E459.88052
G1 Z24.251 X93.57 Y86.961 E459.91273
G1 Z24.253 X94.437 Y86.569 E459.94494
G1 Z24.255 X95.327 Y86.234 E459.97713
G1 Z24.257 X96.237 Y85.958 E460.00932
G1 Z24.259 X97.164 Y85.741 E460.04155
G1 Z24.261 X98.102 Y85.587 E460.07373
G1 Z24.263 X99.049 Y85.493 E460.10594
G1 Z24.265 X100 Y85.462 E460.13815
G1 Z24.267 X100.853 Y85.49 E460.16704
G1 Z24.269 X101.898 Y85.587 E460.20256
G1 Z24.272 X102.836 Y85.741 E460.23474
G1 Z24.274 X103.763 Y85.958 E460.26697
G1 Z24.276 X104.673 Y86.234 E460.29916
G1 Z24.278 X105.472 Y86.534 E460.32805
G1 Z24.280 X106.431 Y86.962 E460.3636
G1 Z24.282 X107.269 Y87.41 E460.39576
G1 Z24.284 X108.077 Y87.912 E460.42796
G1 Z24.286 X108.85 Y88.466 E460.46015
G1 Z24.288 X109.585 Y89.07 E460.49235
G1 Z24.290 X110.28 Y89.72 E460.52456
G1 Z24.292 X110.93 Y90.415 E460.55677
G1 Z24.294 X111.534 Y91.15 E460.58897
G1 Z24.297 X112.088 Y91.923 E460.62116
G1 Z24.299 X112.59 Y92.731 E460.65336
G1 Z24.301 X113.039 Y93.57 E460.68557
G1 Z24.303 X113.431 Y94.437 E460.71778
G1 Z24.305 X113.766 Y95.327 E460.74997
G1 Z24.307 X114.042 Y96.237 E460.78216
G1 Z24.309 X114.259 Y97.164 E460.81439
G1 Z24.311 X114.413 Y98.102 E460.84657
G1 Z24.313 X114.507 Y99.049 E460.87878
G1 Z24.315 X114.535 Y99.903 E460.9077
G1 Z24.317 X114.507 Y100.952 E460.94322
G1 Z24.319 X114.413 Y101.898 E460.9754
G1 Z24.322 X114.259 Y102.836 E461.00758
G1 Z24.324 X114.042 Y103.763 E461.03981
G1 Z24.326 X113.766 Y104.673 E461.072
G1 Z24.328 X113.466 Y105.472 E461.10089
G1 Z24.330 X113.038 Y106.431 E461.13644
G1 Z24.332 X112.59 Y107.269 E461.1686
G1 Z24.334 X112.088 Y108.077 E461.2008
G1 Z24.336 X111.534 Y108.85 E461.23299
G1 Z24.338 X110.93 Y109.585 E461.26519
G1 Z24.340 X110.28 Y110.28 E461.2974
G1 Z24.342 X109.585 Y110.93 E461.32961
G1 Z24.344 X108.85 Y111.534 E461.36181
G1 Z24.347 X108.077 Y112.088 E461.394
G1 Z24.349 X107.269 Y112.59 E461.4262
G1 Z24.351 X106.43 Y113.039 E461.45841
G1 Z24.353 X105.563 Y113.431 E461.49062
G1 Z24.355 X104.673 Y113.766 E461.52281
G1 Z24.357 X103.763 Y114.042 E461.555
G1 Z24.359 X102.836 Y114.259 E461.58723
G1 Z24.361 X101.898 Y114.413 E461.61941
G1 Z24.363 X100.951 Y114.507 E461.65162
G1 Z24.365 X100.097 Y114.535 E461.68054
G1 Z24.367 X99.048 Y114.507 E461.71606
G1 Z24.369 X98.102 Y114.413 E461.74824
G1 Z24.372 X97.164 Y114.259 E461.78042
G1 Z24.374 X96.237 Y114.042 E461.81265
G1 Z24.376 X95.327 Y113.766 E461.84484
G1 Z24.378 X94.528 Y113.466 E461.87373
G1 Z24.380 X93.569 Y113.038 E461.90928
G1 Z24.382 X92.731 Y112.59 E461.94144
G1 Z24.384 X91.923 Y112.088 E461.97364
G1 Z24.386 X91.15 Y111.534 E462.00583
G1 Z24.388 X90.415 Y110.93 E462.03803
G1 Z24.390 X89.72 Y110.28 E462.07024
G1 Z24.392 X89.07 Y109.585 E462.10245
G1 Z24.394 X88.466 Y108.85 E462.13465
G1 Z24.397 X87.912 Y108.077 E462.16684
G1 Z24.399 X87.41 Y107.269 E462.19904
G1 Z24.400 X87.114 Y106.716 E462.22027
;LAYER_CHANGE
;Z:24.6
;HEIGHT:0.200001
G1 Z24.400 F7800
G1 F1083
G1 Z24.401 X87.11 Y106.357 E462.23107
G1 Z24.403 X86.722 Y105.5 E462.26291
G1 Z24.405 X86.391 Y104.62 E462.29473
G1 Z24.407 X86.118 Y103.72 E462.32656
G1 Z24.409 X85.904 Y102.804 E462.3584
G1 Z24.411 X85.751 Y101.876 E462.39024
G1 Z24.413 X85.659 Y100.94 E462.42208
G1 Z24.415 X85.628 Y100 E462.45392
G1 Z24.417 X85.659 Y99.06 E462.48576
G1 Z24.419 X85.751 Y98.124 E462.5176
G1 Z24.422 X85.904 Y97.196 E462.54944
G1 Z24.424 X86.118 Y96.28 E462.58128
G1 Z24.426 X86.391 Y95.38 E462.61311
G1 Z24.428 X86.722 Y94.5 E462.64493
G1 Z24.430 X87.11 Y93.644 E462.67674
G1 Z24.432 X87.554 Y92.814 E462.7086
G1 Z24.434 X88.05 Y92.015 E462.74043
G1 Z24.436 X88.598 Y91.251 E462.77226
G1 Z24.437 X88.893 Y90.891 E462.78801
G1 Z24.438 X89.195 Y90.524 E462.8041
G1 Z24.440 X89.838 Y89.838 E462.83593
G1 Z24.442 X90.524 Y89.195 E462.86776
G1 Z24.444 X91.251 Y88.598 E462.8996
G1 Z24.447 X92.015 Y88.05 E462.93143
G1 Z24.449 X92.814 Y87.554 E462.96326
G1 Z24.451 X93.644 Y87.11 E462.99512
G1 Z24.453 X94.5 Y86.722 E463.02693
G1 Z24.455 X95.38 Y86.391 E463.05875
G1 Z24.457 X96.28 Y86.118 E463.09058
G1 Z24.459 X97.196 Y85.904 E463.12242
G1 Z24.461 X98.124 Y85.751 E463.15426
G1 Z24.463 X99.06 Y85.659 E463.1861
G1 Z24.465 X100 Y85.628 E463.21794
G1 Z24.466 X100.465 Y85.643 E463.23369
G1 Z24.467 X100.94 Y85.659 E463.24978
G1 Z24.469 X101.876 Y85.751 E463.28162
G1 Z24.472 X102.804 Y85.904 E463.31346
G1 Z24.474 X103.72 Y86.118 E463.3453
G1 Z24.476 X104.62 Y86.391 E463.37713
G1 Z24.478 X105.5 Y86.722 E463.40895
G1 Z24.480 X106.357 Y87.11 E463.44079
G1 Z24.482 X107.186 Y87.554 E463.47262
G1 Z24.484 X107.985 Y88.05 E463.50445
G1 Z24.486 X108.749 Y88.598 E463.53628
G1 Z24.487 X109.109 Y88.893 E463.55203
G1 Z24.488 X109.476 Y89.195 E463.56812
G1 Z24.490 X110.162 Y89.838 E463.59995
G1 Z24.492 X110.805 Y90.524 E463.63178
G1 Z24.494 X111.402 Y91.251 E463.66362
G1 Z24.497 X111.95 Y92.015 E463.69545
G1 Z24.499 X112.446 Y92.814 E463.72728
G1 Z24.501 X112.89 Y93.644 E463.75914
G1 Z24.503 X113.278 Y94.5 E463.79095
G1 Z24.505 X113.609 Y95.38 E463.82277
G1 Z24.507 X113.882 Y96.28 E463.8546
G1 Z24.509 X114.096 Y97.196 E463.88644
G1 Z24.511 X114.249 Y98.124 E463.91828
G1 Z24.513 X114.341 Y99.06 E463.95012
G1 Z24.515 X114.372 Y100 E463.98196
G1 Z24.517 X114.341 Y100.94 E464.0138
G1 Z24.519 X114.249 Y101.876 E464.04564
G1 Z24.522 X114.096 Y102.804 E464.07748
G1 Z24.524 X113.882 Y103.72 E464.10932
G1 Z24.526 X113.609 Y104.62 E464.14115
G1 Z24.528 X113.278 Y105.5 E464.17297
G1 Z24.530 X112.89 Y106.356 E464.20478
G1 Z24.532 X112.446 Y107.186 E464.23664
G1 Z24.534 X111.95 Y107.985 E464.26847
G1 Z24.536 X111.402 Y108.749 E464.3003
G1 Z24.538 X110.805 Y109.476 E464.33214
G1 Z24.540 X110.162 Y110.162 E464.36397
G1 Z24.542 X109.476 Y110.805 E464.3958
G1 Z24.544 X108.749 Y111.402 E464.42764
G1 Z24.547 X107.985 Y111.95 E464.45947
G1 Z24.549 X107.186 Y112.446 E464.4913
G1 Z24.550 X106.775 Y112.666 E464.50708
G1 Z24.551 X106.356 Y112.89 E464.52316
G1 Z24.553 X105.5 Y113.278 E464.55497
G1 Z24.555 X104.62 Y113.609 E464.58679
G1 Z24.557 X103.72 Y113.882 E464.61862
G1 Z24.559 X102.804 Y114.096 E464.65046
G1 Z24.561 X101.876 Y114.249 E464.6823
G1 Z24.563 X100.94 Y114.341 E464.71414
G1 Z24.565 X100 Y114.372 E464.74598
G1 Z24.567 X99.06 Y114.341 E464.77782
G1 Z24.569 X98.124 Y114.249 E464.80966
G1 Z24.572 X97.196 Y114.096 E464.8415
G1 Z24.574 X96.28 Y113.882 E464.87334
G1 Z24.576 X95.38 Y113.609 E464.90517
G1 Z24.578 X94.5 Y113.278 E464.93699
G1 Z24.580 X93.644 Y112.89 E464.9688
G1 Z24.582 X92.814 Y112.446 E465.00066
G1 Z24.584 X92.015 Y111.95 E465.03249
G1 Z24.586 X91.251 Y111.402 E465.06432
G1 Z24.588 X90.524 Y110.805 E465.09616
G1 Z24.590 X89.838 Y110.162 E465.12799
G1 Z24.592 X89.195 Y109.476 E465.15982
G1 Z24.594 X88.598 Y108.749 E465.19166
G1 Z24.597 X88.05 Y107.985 E465.22349
G1 Z24.599 X87.554 Y107.186 E465.25532
G1 Z24.600 X87.261 Y106.638 E465.27635
;LAYER_CHANGE
;Z:24.8
;HEIGHT:0.199999
G1 Z24.600 F7800
G1 F1070
G1 Z24.601 X87.262 Y106.282 E465.28693
G1 Z24.603 X86.878 Y105.435 E465.31841
G1 Z24.605 X86.551 Y104.565 E465.34987
G1 Z24.607 X86.281 Y103.676 E465.38132
G1 Z24.609 X86.07 Y102.771 E465.41277
G1 Z24.611 X85.919 Y101.854 E465.44423
G1 Z24.613 X85.828 Y100.929 E465.47569
G1 Z24.615 X85.797 Y100 E465.50715
G1 Z24.617 X85.828 Y99.071 E465.53861
G1 Z24.619 X85.919 Y98.146 E465.57007
G1 Z24.622 X86.07 Y97.229 E465.60153
G1 Z24.624 X86.281 Y96.324 E465.63298
G1 Z24.626 X86.551 Y95.435 E465.66443
G1 Z24.628 X86.878 Y94.565 E465.69589
G1 Z24.630 X87.262 Y93.718 E465.72737
G1 Z24.632 X87.7 Y92.899 E465.75881
G1 Z24.634 X88.191 Y92.109 E465.79029
G1 Z24.636 X88.732 Y91.354 E465.82173
G1 Z24.638 X89.322 Y90.635 E465.85321
G1 Z24.640 X89.957 Y89.957 E465.88465
G1 Z24.642 X90.635 Y89.322 E465.91609
G1 Z24.644 X91.354 Y88.732 E465.94757
G1 Z24.647 X92.109 Y88.191 E465.97901
G1 Z24.649 X92.899 Y87.7 E466.01049
G1 Z24.651 X93.718 Y87.262 E466.04193
G1 Z24.653 X94.565 Y86.878 E466.07341
G1 Z24.655 X95.435 Y86.551 E466.10487
G1 Z24.657 X96.324 Y86.281 E466.13632
G1 Z24.659 X97.229 Y86.07 E466.16777
G1 Z24.661 X98.146 Y85.919 E466.19923
G1 Z24.663 X99.07 Y85.828 E466.23066
G1 Z24.665 X100.092 Y85.8 E466.26527
G1 Z24.667 X100.929 Y85.828 E466.29362
G1 Z24.669 X101.854 Y85.919 E466.32508
G1 Z24.672 X102.771 Y86.07 E466.35654
G1 Z24.674 X103.676 Y86.281 E466.38799
G1 Z24.676 X104.565 Y86.551 E466.41944
G1 Z24.678 X105.435 Y86.878 E466.4509
G1 Z24.680 X106.282 Y87.262 E466.48238
G1 Z24.682 X107.101 Y87.7 E466.51382
G1 Z24.684 X107.891 Y88.191 E466.5453
G1 Z24.686 X108.646 Y88.732 E466.57674
G1 Z24.688 X109.365 Y89.322 E466.60822
G1 Z24.690 X110.043 Y89.957 E466.63966
G1 Z24.692 X110.678 Y90.635 E466.6711
G1 Z24.694 X111.268 Y91.354 E466.70258
G1 Z24.697 X111.809 Y92.109 E466.73402
G1 Z24.699 X112.3 Y92.899 E466.7655
G1 Z24.701 X112.738 Y93.718 E466.79694
G1 Z24.703 X113.122 Y94.565 E466.82842
G1 Z24.705 X113.449 Y95.435 E466.85988
G1 Z24.707 X113.719 Y96.324 E466.89133
G1 Z24.709 X113.93 Y97.229 E466.92278
G1 Z24.711 X114.081 Y98.146 E466.95424
G1 Z24.713 X114.172 Y99.071 E466.9857
G1 Z24.715 X114.203 Y100 E467.01716
G1 Z24.717 X114.172 Y100.929 E467.04862
G1 Z24.719 X114.081 Y101.854 E467.08008
G1 Z24.722 X113.93 Y102.771 E467.11154
G1 Z24.724 X113.719 Y103.676 E467.14299
G1 Z24.726 X113.449 Y104.565 E467.17444
G1 Z24.728 X113.122 Y105.435 E467.2059
G1 Z24.730 X112.738 Y106.282 E467.23738
G1 Z24.732 X112.3 Y107.101 E467.26882
G1 Z24.734 X111.809 Y107.891 E467.3003
G1 Z24.736 X111.268 Y108.646 E467.33174
G1 Z24.738 X110.678 Y109.365 E467.36322
G1 Z24.740 X110.043 Y110.043 E467.39466
G1 Z24.742 X109.365 Y110.678 E467.4261
G1 Z24.744 X108.646 Y111.268 E467.45758
G1 Z24.747 X107.891 Y111.809 E467.48902
G1 Z24.749 X107.101 Y112.3 E467.5205
G1 Z24.751 X106.282 Y112.738 E467.55194
G1 Z24.753 X105.435 Y113.122 E467.58342
G1 Z24.755 X104.565 Y113.449 E467.61488
G1 Z24.757 X103.676 Y113.719 E467.64633
G1 Z24.759 X102.771 Y113.93 E467.67778
G1 Z24.761 X101.854 Y114.081 E467.70924
G1 Z24.763 X100.929 Y114.172 E467.7407
G1 Z24.765 X100 Y114.203 E467.77216
G1 Z24.767 X99.071 Y114.172 E467.80362
G1 Z24.769 X98.146 Y114.081 E467.83508
G1 Z24.772 X97.229 Y113.93 E467.86654
G1 Z24.774 X96.324 Y113.719 E467.89799
G1 Z24.776 X95.435 Y113.449 E467.92944
G1 Z24.778 X94.565 Y113.122 E467.9609
G1 Z24.780 X93.718 Y112.738 E467.99238
G1 Z24.782 X92.899 Y112.3 E468.02382
G1 Z24.784 X92.109 Y111.809 E468.0553
G1 Z24.786 X91.354 Y111.268 E468.08674
G1 Z24.788 X90.635 Y110.678 E468.11822
G1 Z24.790 X89.957 Y110.043 E468.14966
G1 Z24.792 X89.322 Y109.365 E468.1811
G1 Z24.794 X88.732 Y108.646 E468.21258
G1 Z24.797 X88.191 Y107.891 E468.24402
G1 Z24.799 X87.7 Y107.101 E468.2755
G1 Z24.800 X87.409 Y106.558 E468.29635
;LAYER_CHANGE
;Z:25
;HEIGHT:0.200001
G1 Z24.800 F7800
G1 F1057
G1 Z24.801 X87.42 Y106.204 E468.30674
G1 Z24.803 X87.041 Y105.368 E468.33781
G1 Z24.805 X86.717 Y104.509 E468.36889
G1 Z24.807 X86.451 Y103.63 E468.39998
G1 Z24.809 X86.243 Y102.737 E468.43102
G1 Z24.811 X86.093 Y101.831 E468.4621
G1 Z24.813 X86.003 Y100.917 E468.49319
G1 Z24.815 X85.982 Y100.276 E468.5149
G1 Z24.815 X85.973 Y100 E468.52425
G1 Z24.817 X86.003 Y99.083 E468.55531
G1 Z24.819 X86.093 Y98.169 E468.5864
G1 Z24.821 X86.198 Y97.536 E468.60812
G1 Z24.822 X86.243 Y97.263 E468.61749
G1 Z24.824 X86.451 Y96.37 E468.64853
G1 Z24.826 X86.717 Y95.491 E468.67962
G1 Z24.828 X87.041 Y94.632 E468.7107
G1 Z24.830 X87.42 Y93.796 E468.74177
G1 Z24.832 X87.852 Y92.987 E468.77281
G1 Z24.834 X88.337 Y92.207 E468.8039
G1 Z24.836 X88.872 Y91.461 E468.83497
G1 Z24.838 X89.454 Y90.751 E468.86605
G1 Z24.840 X90.081 Y90.081 E468.89711
G1 Z24.842 X90.751 Y89.454 E468.92817
G1 Z24.844 X91.461 Y88.872 E468.95925
G1 Z24.847 X92.207 Y88.337 E468.99032
G1 Z24.849 X92.987 Y87.852 E469.02141
G1 Z24.851 X93.796 Y87.42 E469.05245
G1 Z24.853 X94.632 Y87.041 E469.08352
G1 Z24.855 X95.491 Y86.717 E469.1146
G1 Z24.857 X96.37 Y86.451 E469.14569
G1 Z24.859 X97.263 Y86.243 E469.17673
G1 Z24.861 X98.169 Y86.093 E469.20781
G1 Z24.863 X99.083 Y86.003 E469.2389
G1 Z24.865 X100 Y85.973 E469.26996
G1 Z24.867 X100.641 Y85.994 E469.29167
G1 Z24.867 X100.917 Y86.003 E469.30102
G1 Z24.869 X101.831 Y86.093 E469.33211
G1 Z24.872 X102.737 Y86.243 E469.36319
G1 Z24.874 X103.63 Y86.451 E469.39423
G1 Z24.876 X104.509 Y86.717 E469.42532
G1 Z24.878 X105.368 Y87.041 E469.4564
G1 Z24.880 X106.204 Y87.42 E469.48747
G1 Z24.882 X107.014 Y87.852 E469.51854
G1 Z24.884 X107.793 Y88.337 E469.5496
G1 Z24.886 X108.539 Y88.872 E469.58067
G1 Z24.888 X109.249 Y89.454 E469.61175
G1 Z24.890 X109.919 Y90.081 E469.64281
G1 Z24.892 X110.546 Y90.751 E469.67387
G1 Z24.894 X111.128 Y91.461 E469.70495
G1 Z24.897 X111.663 Y92.207 E469.73602
G1 Z24.899 X112.148 Y92.987 E469.76711
G1 Z24.901 X112.58 Y93.796 E469.79815
G1 Z24.903 X112.959 Y94.632 E469.82922
G1 Z24.905 X113.283 Y95.491 E469.8603
G1 Z24.907 X113.549 Y96.37 E469.89139
G1 Z24.909 X113.757 Y97.263 E469.92243
G1 Z24.911 X113.907 Y98.169 E469.95351
G1 Z24.913 X113.997 Y99.083 E469.9846
G1 Z24.915 X114.018 Y99.724 E470.00631
G1 Z24.915 X114.027 Y100 E470.01566
G1 Z24.917 X113.997 Y100.917 E470.04672
G1 Z24.919 X113.907 Y101.831 E470.07781
G1 Z24.921 X113.802 Y102.464 E470.09953
G1 Z24.922 X113.757 Y102.737 E470.1089
G1 Z24.924 X113.549 Y103.63 E470.13994
G1 Z24.926 X113.283 Y104.509 E470.17103
G1 Z24.928 X112.959 Y105.368 E470.20211
G1 Z24.930 X112.58 Y106.204 E470.23318
G1 Z24.932 X112.148 Y107.014 E470.26425
G1 Z24.934 X111.663 Y107.793 E470.29531
G1 Z24.936 X111.128 Y108.539 E470.32638
G1 Z24.938 X110.546 Y109.249 E470.35746
G1 Z24.940 X109.919 Y109.919 E470.38852
G1 Z24.942 X109.249 Y110.546 E470.41958
G1 Z24.944 X108.539 Y111.128 E470.45066
G1 Z24.947 X107.793 Y111.663 E470.48173
G1 Z24.949 X107.014 Y112.148 E470.51279
G1 Z24.951 X106.204 Y112.58 E470.54386
G1 Z24.953 X105.368 Y112.959 E470.57493
G1 Z24.955 X104.509 Y113.283 E470.60601
G1 Z24.957 X103.63 Y113.549 E470.6371
G1 Z24.959 X102.737 Y113.757 E470.66814
G1 Z24.961 X101.831 Y113.907 E470.69922
G1 Z24.963 X100.917 Y113.997 E470.73031
G1 Z24.965 X100.276 Y114.018 E470.75202
G1 Z24.965 X100 Y114.027 E470.76137
G1 Z24.967 X99.083 Y113.997 E470.79243
G1 Z24.969 X98.169 Y113.907 E470.82352
G1 Z24.971 X97.536 Y113.802 E470.84524
G1 Z24.972 X97.263 Y113.757 E470.85461
G1 Z24.974 X96.37 Y113.549 E470.88565
G1 Z24.976 X95.491 Y113.283 E470.91674
G1 Z24.978 X94.632 Y112.959 E470.94782
G1 Z24.980 X93.796 Y112.58 E470.97889
G1 Z24.982 X92.987 Y112.148 E471.00993
G1 Z24.984 X92.207 Y111.663 E471.04102
G1 Z24.986 X91.461 Y111.128 E471.07209
G1 Z24.988 X90.751 Y110.546 E471.10317
G1 Z24.990 X90.081 Y109.919 E471.13423
G1 Z24.992 X89.454 Y109.249 E471.16529
G1 Z24.994 X88.872 Y108.539 E471.19637
G1 Z24.997 X88.337 Y107.793 E471.22744
G1 Z24.999 X87.852 Y107.014 E471.2585
G1 Z25.000 X87.564 Y106.475 E471.27919
;LAYER_CHANGE
;Z:25.2
;HEIGHT:0.200001
G1 Z25.000 F7800
G1 F1043
G1 Z25.001 X87.58 Y106.125 E471.28941
G1 Z25.003 X87.206 Y105.299 E471.3201
G1 Z25.005 X86.887 Y104.451 E471.35077
G1 Z25.007 X86.624 Y103.584 E471.38144
G1 Z25.009 X86.418 Y102.702 E471.4121
G1 Z25.011 X86.271 Y101.807 E471.4428
G1 Z25.013 X86.182 Y100.906 E471.47345
G1 Z25.015 X86.152 Y100 E471.50413
G1 Z25.017 X86.182 Y99.094 E471.53481
G1 Z25.019 X86.271 Y98.193 E471.56546
G1 Z25.022 X86.418 Y97.298 E471.59616
G1 Z25.024 X86.624 Y96.416 E471.62682
G1 Z25.026 X86.887 Y95.549 E471.65749
G1 Z25.028 X87.206 Y94.701 E471.68816
G1 Z25.030 X87.58 Y93.875 E471.71885
G1 Z25.032 X88.008 Y93.076 E471.74953
G1 Z25.034 X88.486 Y92.307 E471.78018
G1 Z25.036 X89.014 Y91.57 E471.81087
G1 Z25.038 X89.589 Y90.87 E471.84153
G1 Z25.040 X90.208 Y90.208 E471.87221
G1 Z25.042 X90.87 Y89.589 E471.90289
G1 Z25.044 X91.57 Y89.014 E471.93355
G1 Z25.047 X92.307 Y88.486 E471.96424
G1 Z25.049 X93.076 Y88.008 E471.99489
G1 Z25.051 X93.875 Y87.58 E472.02557
G1 Z25.053 X94.701 Y87.206 E472.05626
G1 Z25.055 X95.549 Y86.887 E472.08693
G1 Z25.057 X96.416 Y86.624 E472.1176
G1 Z25.059 X97.298 Y86.418 E472.14826
G1 Z25.061 X98.193 Y86.271 E472.17896
G1 Z25.063 X99.094 Y86.182 E472.20961
G1 Z25.065 X100 Y86.152 E472.24029
G1 Z25.066 X100.265 Y86.161 E472.24927
G1 Z25.067 X100.906 Y86.182 E472.27098
G1 Z25.069 X101.807 Y86.271 E472.30163
G1 Z25.072 X102.702 Y86.418 E472.33233
G1 Z25.074 X103.584 Y86.624 E472.36299
G1 Z25.076 X104.451 Y86.887 E472.39366
G1 Z25.078 X105.299 Y87.206 E472.42433
G1 Z25.080 X106.125 Y87.58 E472.45502
G1 Z25.082 X106.924 Y88.008 E472.4857
G1 Z25.084 X107.693 Y88.486 E472.51635
G1 Z25.086 X108.43 Y89.014 E472.54704
G1 Z25.088 X109.13 Y89.589 E472.5777
G1 Z25.090 X109.792 Y90.208 E472.60838
G1 Z25.092 X110.411 Y90.87 E472.63906
G1 Z25.094 X110.986 Y91.57 E472.66972
G1 Z25.097 X111.514 Y92.307 E472.70041
G1 Z25.099 X111.992 Y93.076 E472.73106
G1 Z25.101 X112.42 Y93.875 E472.76174
G1 Z25.103 X112.794 Y94.701 E472.79243
G1 Z25.105 X113.113 Y95.549 E472.8231
G1 Z25.107 X113.376 Y96.416 E472.85377
G1 Z25.109 X113.582 Y97.298 E472.88443
G1 Z25.111 X113.729 Y98.193 E472.91513
G1 Z25.113 X113.818 Y99.094 E472.94578
G1 Z25.115 X113.848 Y100 E472.97646
G1 Z25.117 X113.818 Y100.906 E473.00714
G1 Z25.119 X113.729 Y101.807 E473.03779
G1 Z25.122 X113.582 Y102.702 E473.06849
G1 Z25.124 X113.376 Y103.584 E473.09915
G1 Z25.126 X113.113 Y104.451 E473.12982
G1 Z25.128 X112.794 Y105.299 E473.16049
G1 Z25.130 X112.42 Y106.125 E473.19118
G1 Z25.132 X111.992 Y106.924 E473.22186
G1 Z25.134 X111.514 Y107.693 E473.25251
G1 Z25.136 X110.986 Y108.43 E473.2832
G1 Z25.138 X110.411 Y109.13 E473.31386
G1 Z25.140 X109.792 Y109.792 E473.34454
G1 Z25.142 X109.13 Y110.411 E473.37522
G1 Z25.144 X108.43 Y110.986 E473.40588
G1 Z25.147 X107.693 Y111.514 E473.43657
G1 Z25.149 X106.924 Y111.992 E473.46722
G1 Z25.151 X106.125 Y112.42 E473.4979
G1 Z25.153 X105.299 Y112.794 E473.52859
G1 Z25.155 X104.451 Y113.113 E473.55926
G1 Z25.157 X103.584 Y113.376 E473.58993
G1 Z25.159 X102.702 Y113.582 E473.62059
G1 Z25.161 X101.807 Y113.729 E473.65129
G1 Z25.163 X100.906 Y113.818 E473.68194
G1 Z25.165 X100 Y113.848 E473.71262
G1 Z25.167 X99.094 Y113.818 E473.7433
G1 Z25.169 X98.193 Y113.729 E473.77395
G1 Z25.172 X97.298 Y113.582 E473.80465
G1 Z25.174 X96.416 Y113.376 E473.83531
G1 Z25.176 X95.549 Y113.113 E473.86598
G1 Z25.178 X94.701 Y112.794 E473.89665
G1 Z25.180 X93.875 Y112.42 E473.92734
G1 Z25.182 X93.076 Y111.992 E473.95802
G1 Z25.184 X92.307 Y111.514 E473.98867
G1 Z25.186 X91.57 Y110.986 E474.01936
G1 Z25.188 X90.87 Y110.411 E474.05002
G1 Z25.190 X90.208 Y109.792 E474.0807
G1 Z25.192 X89.589 Y109.13 E474.11138
G1 Z25.194 X89.014 Y108.43 E474.14204
G1 Z25.197 X88.486 Y107.693 E474.17273
G1 Z25.199 X88.008 Y106.924 E474.20338
G1 Z25.200 X87.723 Y106.391 E474.22384
;LAYER_CHANGE
;Z:25.4
;HEIGHT:0.199999
G1 Z25.200 F7800
G1 F1030
G1 Z25.201 X87.744 Y106.044 E474.23384
G1 Z25.203 X87.413 Y105.313 E474.261
G1 Z25.205 X87.06 Y104.392 E474.29439
G1 Z25.207 X86.801 Y103.537 E474.32463
G1 Z25.209 X86.619 Y102.755 E474.35181
G1 Z25.211 X86.452 Y101.783 E474.38519
G1 Z25.213 X86.364 Y100.894 E474.41543
G1 Z25.215 X86.335 Y100 E474.44571
G1 Z25.217 X86.364 Y99.106 E474.47599
G1 Z25.219 X86.452 Y98.216 E474.50626
G1 Z25.221 X86.583 Y97.425 E474.5334
G1 Z25.224 X86.801 Y96.463 E474.56679
G1 Z25.226 X87.06 Y95.608 E474.59703
G1 Z25.228 X87.375 Y94.771 E474.6273
G1 Z25.230 X87.744 Y93.956 E474.65758
G1 Z25.232 X88.166 Y93.168 E474.68784
G1 Z25.234 X88.638 Y92.408 E474.71812
G1 Z25.236 X89.159 Y91.681 E474.74839
G1 Z25.238 X89.726 Y90.99 E474.77865
G1 Z25.240 X90.337 Y90.337 E474.80892
G1 Z25.242 X90.99 Y89.726 E474.83919
G1 Z25.244 X91.681 Y89.159 E474.86945
G1 Z25.247 X92.408 Y88.638 E474.89972
G1 Z25.249 X93.168 Y88.166 E474.93
G1 Z25.251 X93.956 Y87.744 E474.96026
G1 Z25.253 X94.687 Y87.413 E474.98742
G1 Z25.255 X95.608 Y87.06 E475.02081
G1 Z25.257 X96.463 Y86.801 E475.05105
G1 Z25.259 X97.245 Y86.619 E475.07823
G1 Z25.261 X98.217 Y86.452 E475.11161
G1 Z25.263 X99.106 Y86.364 E475.14185
G1 Z25.265 X100 Y86.335 E475.17213
G1 Z25.267 X100.802 Y86.361 E475.19929
G1 Z25.269 X101.784 Y86.452 E475.23267
G1 Z25.272 X102.666 Y86.598 E475.26293
G1 Z25.274 X103.537 Y86.801 E475.2932
G1 Z25.276 X104.392 Y87.06 E475.32344
G1 Z25.278 X105.229 Y87.375 E475.35371
G1 Z25.280 X106.044 Y87.744 E475.38399
G1 Z25.282 X106.832 Y88.166 E475.41425
G1 Z25.284 X107.592 Y88.638 E475.44453
G1 Z25.286 X108.319 Y89.159 E475.4748
G1 Z25.288 X109.01 Y89.726 E475.50506
G1 Z25.290 X109.663 Y90.337 E475.53533
G1 Z25.292 X110.274 Y90.99 E475.5656
G1 Z25.294 X110.841 Y91.681 E475.59586
G1 Z25.297 X111.362 Y92.408 E475.62613
G1 Z25.299 X111.834 Y93.168 E475.65641
G1 Z25.301 X112.256 Y93.956 E475.68667
G1 Z25.303 X112.587 Y94.687 E475.71383
G1 Z25.305 X112.94 Y95.608 E475.74722
G1 Z25.307 X113.199 Y96.463 E475.77746
G1 Z25.309 X113.381 Y97.245 E475.80464
G1 Z25.311 X113.548 Y98.217 E475.83802
G1 Z25.313 X113.636 Y99.106 E475.86826
G1 Z25.315 X113.665 Y100 E475.89854
G1 Z25.317 X113.636 Y100.894 E475.92882
G1 Z25.319 X113.548 Y101.784 E475.95909
G1 Z25.321 X113.417 Y102.575 E475.98623
G1 Z25.324 X113.199 Y103.537 E476.01962
G1 Z25.326 X112.94 Y104.392 E476.04986
G1 Z25.328 X112.625 Y105.229 E476.08013
G1 Z25.330 X112.256 Y106.044 E476.11041
G1 Z25.332 X111.834 Y106.832 E476.14067
G1 Z25.334 X111.362 Y107.592 E476.17095
G1 Z25.336 X110.841 Y108.319 E476.20122
G1 Z25.338 X110.274 Y109.01 E476.23148
G1 Z25.340 X109.663 Y109.663 E476.26175
G1 Z25.342 X109.01 Y110.274 E476.29202
G1 Z25.344 X108.319 Y110.841 E476.32228
G1 Z25.347 X107.592 Y111.362 E476.35255
G1 Z25.349 X106.832 Y111.834 E476.38283
G1 Z25.351 X106.044 Y112.256 E476.41309
G1 Z25.353 X105.313 Y112.587 E476.44025
G1 Z25.355 X104.392 Y112.94 E476.47364
G1 Z25.357 X103.537 Y113.199 E476.50388
G1 Z25.359 X102.755 Y113.381 E476.53106
G1 Z25.361 X101.783 Y113.548 E476.56444
G1 Z25.363 X100.894 Y113.636 E476.59468
G1 Z25.365 X100 Y113.665 E476.62496
G1 Z25.367 X99.106 Y113.636 E476.65524
G1 Z25.369 X98.216 Y113.548 E476.68551
G1 Z25.371 X97.425 Y113.417 E476.71265
G1 Z25.374 X96.463 Y113.199 E476.74604
G1 Z25.376 X95.608 Y112.94 E476.77628
G1 Z25.378 X94.771 Y112.625 E476.80655
G1 Z25.380 X93.956 Y112.256 E476.83683
G1 Z25.382 X93.168 Y111.834 E476.86709
G1 Z25.384 X92.408 Y111.362 E476.89737
G1 Z25.386 X91.681 Y110.841 E476.92764
G1 Z25.388 X90.99 Y110.274 E476.9579
G1 Z25.390 X90.337 Y109.663 E476.98817
G1 Z25.392 X89.726 Y109.01 E477.01844
G1 Z25.394 X89.159 Y108.319 E477.0487
G1 Z25.397 X88.638 Y107.592 E477.07897
G1 Z25.399 X88.166 Y106.832 E477.10925
G1 Z25.400 X87.884 Y106.304 E477.12951
;LAYER_CHANGE
;Z:25.6
;HEIGHT:0.200001
G1 Z25.400 F7800
G1 F1016
G1 Z25.401 X87.912 Y105.961 E477.13931
G1 Z25.403 X87.548 Y105.158 E477.16915
G1 Z25.405 X87.238 Y104.332 E477.19901
G1 Z25.407 X86.982 Y103.488 E477.22886
G1 Z25.409 X86.781 Y102.629 E477.25872
G1 Z25.411 X86.638 Y101.759 E477.28856
G1 Z25.413 X86.551 Y100.881 E477.31842
G1 Z25.415 X86.523 Y100 E477.34826
G1 Z25.417 X86.551 Y99.119 E477.3781
G1 Z25.419 X86.638 Y98.241 E477.40796
G1 Z25.422 X86.781 Y97.371 E477.4378
G1 Z25.424 X86.982 Y96.512 E477.46766
G1 Z25.426 X87.238 Y95.668 E477.49751
G1 Z25.428 X87.548 Y94.842 E477.52737
G1 Z25.430 X87.912 Y94.039 E477.55721
G1 Z25.432 X88.328 Y93.261 E477.58707
G1 Z25.434 X88.794 Y92.512 E477.61693
G1 Z25.436 X89.308 Y91.795 E477.64679
G1 Z25.438 X89.867 Y91.114 E477.67661
G1 Z25.440 X90.47 Y90.47 E477.70647
G1 Z25.442 X91.114 Y89.867 E477.73633
G1 Z25.444 X91.795 Y89.308 E477.76615
G1 Z25.447 X92.512 Y88.794 E477.79601
G1 Z25.449 X93.261 Y88.328 E477.82587
G1 Z25.451 X94.039 Y87.912 E477.85573
G1 Z25.453 X94.842 Y87.548 E477.88557
G1 Z25.455 X95.668 Y87.238 E477.91543
G1 Z25.457 X96.512 Y86.982 E477.94528
G1 Z25.459 X97.371 Y86.781 E477.97514
G1 Z25.461 X98.241 Y86.638 E478.00498
G1 Z25.463 X99.119 Y86.551 E478.03484
G1 Z25.465 X100 Y86.523 E478.06468
G1 Z25.466 X100.436 Y86.537 E478.07945
G1 Z25.467 X100.881 Y86.551 E478.09452
G1 Z25.469 X101.759 Y86.638 E478.12438
G1 Z25.472 X102.629 Y86.781 E478.15422
G1 Z25.474 X103.488 Y86.982 E478.18408
G1 Z25.476 X104.332 Y87.238 E478.21393
G1 Z25.478 X105.158 Y87.548 E478.24379
G1 Z25.480 X105.961 Y87.912 E478.27363
G1 Z25.482 X106.739 Y88.328 E478.30349
G1 Z25.484 X107.488 Y88.794 E478.33335
G1 Z25.486 X108.205 Y89.308 E478.36321
G1 Z25.487 X108.541 Y89.584 E478.37793
G1 Z25.488 X108.886 Y89.867 E478.39303
G1 Z25.490 X109.53 Y90.47 E478.42289
G1 Z25.492 X110.133 Y91.114 E478.45275
G1 Z25.494 X110.692 Y91.795 E478.48257
G1 Z25.497 X111.206 Y92.512 E478.51243
G1 Z25.499 X111.672 Y93.261 E478.54229
G1 Z25.501 X112.088 Y94.039 E478.57215
G1 Z25.503 X112.452 Y94.842 E478.60199
G1 Z25.505 X112.762 Y95.668 E478.63185
G1 Z25.507 X113.018 Y96.512 E478.6617
G1 Z25.509 X113.219 Y97.371 E478.69156
G1 Z25.511 X113.362 Y98.241 E478.7214
G1 Z25.513 X113.449 Y99.119 E478.75126
G1 Z25.515 X113.477 Y100 E478.7811
G1 Z25.517 X113.449 Y100.881 E478.81094
G1 Z25.519 X113.362 Y101.759 E478.8408
G1 Z25.522 X113.219 Y102.629 E478.87064
G1 Z25.524 X113.018 Y103.488 E478.9005
G1 Z25.526 X112.762 Y104.332 E478.93035
G1 Z25.528 X112.452 Y105.158 E478.96021
G1 Z25.530 X112.088 Y105.961 E478.99005
G1 Z25.532 X111.672 Y106.739 E479.01991
G1 Z25.534 X111.206 Y107.488 E479.04977
G1 Z25.536 X110.692 Y108.205 E479.07963
G1 Z25.537 X110.416 Y108.541 E479.09435
G1 Z25.538 X110.133 Y108.886 E479.10945
G1 Z25.540 X109.53 Y109.53 E479.13931
G1 Z25.542 X108.886 Y110.133 E479.16917
G1 Z25.544 X108.205 Y110.692 E479.19899
G1 Z25.547 X107.488 Y111.206 E479.22885
G1 Z25.549 X106.739 Y111.672 E479.25871
G1 Z25.551 X105.961 Y112.088 E479.28857
G1 Z25.553 X105.158 Y112.452 E479.31841
G1 Z25.555 X104.332 Y112.762 E479.34827
G1 Z25.557 X103.488 Y113.018 E479.37812
G1 Z25.559 X102.629 Y113.219 E479.40798
G1 Z25.561 X101.759 Y113.362 E479.43782
G1 Z25.563 X100.881 Y113.449 E479.46768
G1 Z25.565 X100 Y113.477 E479.49752
G1 Z25.567 X99.119 Y113.449 E479.52736
G1 Z25.569 X98.241 Y113.362 E479.55722
G1 Z25.572 X97.371 Y113.219 E479.58706
G1 Z25.574 X96.512 Y113.018 E479.61692
G1 Z25.576 X95.668 Y112.762 E479.64677
G1 Z25.578 X94.842 Y112.452 E479.67663
G1 Z25.580 X94.039 Y112.088 E479.70647
G1 Z25.582 X93.261 Y111.672 E479.73633
G1 Z25.584 X92.512 Y111.206 E479.76619
G1 Z25.586 X91.795 Y110.692 E479.79605
G1 Z25.588 X91.114 Y110.133 E479.82587
G1 Z25.590 X90.47 Y109.53 E479.85573
G1 Z25.592 X89.867 Y108.886 E479.88559
G1 Z25.594 X89.308 Y108.205 E479.91541
G1 Z25.597 X88.794 Y107.488 E479.94527
G1 Z25.599 X88.328 Y106.739 E479.97513
G1 Z25.600 X88.049 Y106.216 E479.99519
;LAYER_CHANGE
;Z:25.8
;HEIGHT:0.199999
G1 Z25.600 F7800
G1 F1001
G1 Z25.601 X88.082 Y105.877 E480.00479
G1 Z25.603 X87.723 Y105.085 E480.03422
G1 Z25.605 X87.417 Y104.271 E480.06366
G1 Z25.607 X87.164 Y103.439 E480.0931
G1 Z25.609 X86.967 Y102.592 E480.12254
G1 Z25.611 X86.825 Y101.734 E480.15198
G1 Z25.613 X86.74 Y100.869 E480.1814
G1 Z25.615 X86.712 Y100 E480.21083
G1 Z25.617 X86.74 Y99.131 E480.24026
G1 Z25.619 X86.825 Y98.266 E480.26968
G1 Z25.622 X86.967 Y97.408 E480.29912
G1 Z25.624 X87.164 Y96.561 E480.32856
G1 Z25.626 X87.417 Y95.729 E480.358
G1 Z25.628 X87.723 Y94.915 E480.38744
G1 Z25.630 X88.082 Y94.123 E480.41687
G1 Z25.632 X88.492 Y93.356 E480.44631
G1 Z25.634 X88.951 Y92.618 E480.47573
G1 Z25.636 X89.512 Y91.844 E480.50809
G1 Z25.638 X90.009 Y91.238 E480.53462
G1 Z25.640 X90.604 Y90.604 E480.56405
G1 Z25.642 X91.238 Y90.009 E480.59348
G1 Z25.644 X91.911 Y89.458 E480.62292
G1 Z25.647 X92.617 Y88.951 E480.65234
G1 Z25.649 X93.356 Y88.492 E480.68179
G1 Z25.651 X94.123 Y88.082 E480.71123
G1 Z25.653 X94.915 Y87.723 E480.74066
G1 Z25.655 X95.729 Y87.417 E480.7701
G1 Z25.657 X96.561 Y87.164 E480.79954
G1 Z25.659 X97.408 Y86.967 E480.82898
G1 Z25.661 X98.266 Y86.825 E480.85842
G1 Z25.663 X99.13 Y86.74 E480.88781
G1 Z25.665 X100.086 Y86.714 E480.92018
G1 Z25.667 X100.869 Y86.74 E480.9467
G1 Z25.669 X101.734 Y86.825 E480.97612
G1 Z25.672 X102.592 Y86.967 E481.00556
G1 Z25.674 X103.439 Y87.164 E481.035
G1 Z25.676 X104.271 Y87.417 E481.06444
G1 Z25.678 X105.085 Y87.723 E481.09388
G1 Z25.680 X105.877 Y88.082 E481.12331
G1 Z25.682 X106.644 Y88.492 E481.15275
G1 Z25.684 X107.382 Y88.951 E481.18217
G1 Z25.686 X108.156 Y89.512 E481.21453
G1 Z25.688 X108.762 Y90.009 E481.24106
G1 Z25.690 X109.396 Y90.604 E481.27049
G1 Z25.692 X109.991 Y91.238 E481.29992
G1 Z25.694 X110.542 Y91.911 E481.32936
G1 Z25.697 X111.049 Y92.617 E481.35878
G1 Z25.699 X111.508 Y93.356 E481.38823
G1 Z25.701 X111.918 Y94.123 E481.41767
G1 Z25.703 X112.277 Y94.915 E481.4471
G1 Z25.705 X112.583 Y95.729 E481.47654
G1 Z25.707 X112.836 Y96.561 E481.50598
G1 Z25.709 X113.033 Y97.408 E481.53542
G1 Z25.711 X113.175 Y98.266 E481.56486
G1 Z25.713 X113.26 Y99.131 E481.59428
G1 Z25.715 X113.288 Y100 E481.62371
G1 Z25.717 X113.26 Y100.869 E481.65314
G1 Z25.719 X113.175 Y101.734 E481.68256
G1 Z25.722 X113.033 Y102.592 E481.712
G1 Z25.724 X112.836 Y103.439 E481.74144
G1 Z25.726 X112.583 Y104.271 E481.77088
G1 Z25.728 X112.277 Y105.085 E481.80032
G1 Z25.730 X111.918 Y105.877 E481.82975
G1 Z25.732 X111.508 Y106.644 E481.85919
G1 Z25.734 X111.049 Y107.382 E481.88861
G1 Z25.736 X110.488 Y108.156 E481.92097
G1 Z25.738 X109.991 Y108.762 E481.9475
G1 Z25.740 X109.396 Y109.396 E481.97693
G1 Z25.742 X108.762 Y109.991 E482.00636
G1 Z25.744 X108.089 Y110.542 E482.0358
G1 Z25.747 X107.383 Y111.049 E482.06522
G1 Z25.749 X106.644 Y111.508 E482.09467
G1 Z25.751 X105.877 Y111.918 E482.12411
G1 Z25.753 X105.085 Y112.277 E482.15354
G1 Z25.755 X104.271 Y112.583 E482.18298
G1 Z25.757 X103.439 Y112.836 E482.21242
G1 Z25.759 X102.592 Y113.033 E482.24186
G1 Z25.761 X101.734 Y113.175 E482.2713
G1 Z25.763 X100.869 Y113.26 E482.30072
G1 Z25.765 X100 Y113.288 E482.33015
G1 Z25.767 X99.131 Y113.26 E482.35958
G1 Z25.769 X98.266 Y113.175 E482.389
G1 Z25.772 X97.408 Y113.033 E482.41844
G1 Z25.774 X96.561 Y112.836 E482.44788
G1 Z25.776 X95.729 Y112.583 E482.47732
G1 Z25.778 X94.915 Y112.277 E482.50676
G1 Z25.780 X94.123 Y111.918 E482.53619
G1 Z25.782 X93.356 Y111.508 E482.56563
G1 Z25.784 X92.618 Y111.049 E482.59505
G1 Z25.786 X91.844 Y110.488 E482.62741
G1 Z25.788 X91.238 Y109.991 E482.65394
G1 Z25.790 X90.604 Y109.396 E482.68337
G1 Z25.792 X90.009 Y108.762 E482.7128
G1 Z25.794 X89.458 Y108.089 E482.74224
G1 Z25.797 X88.951 Y107.383 E482.77166
G1 Z25.799 X88.492 Y106.644 E482.80111
G1 Z25.800 X88.216 Y106.127 E482.82095
;LAYER_CHANGE
;Z:26
;HEIGHT:0.200001
G1 Z25.800 F7800
G1 F987
G1 Z25.801 X88.255 Y105.792 E482.83031
G1 Z25.803 X87.901 Y105.012 E482.8593
G1 Z25.805 X87.599 Y104.21 E482.88831
G1 Z25.807 X87.35 Y103.389 E482.91735
G1 Z25.809 X87.156 Y102.555 E482.94633
G1 Z25.811 X87.016 Y101.709 E482.97536
G1 Z25.813 X86.932 Y100.857 E483.00434
G1 Z25.815 X86.913 Y100.258 E483.02463
G1 Z25.815 X86.904 Y100 E483.03337
G1 Z25.817 X86.932 Y99.143 E483.06239
G1 Z25.819 X87.016 Y98.291 E483.09137
G1 Z25.822 X87.156 Y97.445 E483.1204
G1 Z25.824 X87.35 Y96.611 E483.14938
G1 Z25.826 X87.599 Y95.79 E483.17842
G1 Z25.828 X87.901 Y94.988 E483.20743
G1 Z25.830 X88.255 Y94.208 E483.23642
G1 Z25.832 X88.659 Y93.452 E483.26543
G1 Z25.833 X88.975 Y92.944 E483.28568
G1 Z25.834 X89.111 Y92.724 E483.29443
G1 Z25.836 X89.61 Y92.028 E483.32342
G1 Z25.838 X90.154 Y91.365 E483.35245
G1 Z25.840 X90.563 Y90.929 E483.37269
G1 Z25.840 X90.74 Y90.74 E483.38145
G1 Z25.842 X91.365 Y90.154 E483.41045
G1 Z25.844 X92.028 Y89.61 E483.43948
G1 Z25.847 X92.724 Y89.111 E483.46847
G1 Z25.849 X93.452 Y88.659 E483.49748
G1 Z25.851 X94.208 Y88.255 E483.52649
G1 Z25.853 X94.988 Y87.901 E483.55548
G1 Z25.855 X95.79 Y87.599 E483.58449
G1 Z25.857 X96.611 Y87.35 E483.61353
G1 Z25.859 X97.445 Y87.156 E483.64251
G1 Z25.861 X98.291 Y87.016 E483.67154
G1 Z25.863 X99.143 Y86.932 E483.70052
G1 Z25.865 X100 Y86.904 E483.72954
G1 Z25.867 X100.598 Y86.924 E483.74979
G1 Z25.867 X100.857 Y86.932 E483.75856
G1 Z25.869 X101.709 Y87.016 E483.78754
G1 Z25.872 X102.555 Y87.156 E483.81657
G1 Z25.874 X103.389 Y87.35 E483.84555
G1 Z25.876 X104.21 Y87.599 E483.87459
G1 Z25.878 X105.012 Y87.901 E483.9036
G1 Z25.880 X105.792 Y88.255 E483.93259
G1 Z25.882 X106.548 Y88.659 E483.9616
G1 Z25.883 X107.056 Y88.975 E483.98185
G1 Z25.884 X107.276 Y89.111 E483.9906
G1 Z25.886 X107.972 Y89.61 E484.01959
G1 Z25.888 X108.635 Y90.154 E484.04862
G1 Z25.890 X109.071 Y90.563 E484.06886
G1 Z25.890 X109.26 Y90.74 E484.07762
G1 Z25.892 X109.846 Y91.365 E484.10662
G1 Z25.894 X110.39 Y92.028 E484.13565
G1 Z25.897 X110.889 Y92.724 E484.16464
G1 Z25.899 X111.341 Y93.452 E484.19365
G1 Z25.901 X111.745 Y94.208 E484.22266
G1 Z25.903 X112.099 Y94.988 E484.25165
G1 Z25.905 X112.401 Y95.79 E484.28066
G1 Z25.907 X112.65 Y96.611 E484.3097
G1 Z25.909 X112.844 Y97.445 E484.33868
G1 Z25.911 X112.984 Y98.291 E484.36771
G1 Z25.913 X113.068 Y99.143 E484.39669
G1 Z25.915 X113.087 Y99.742 E484.41698
G1 Z25.915 X113.096 Y100 E484.42572
G1 Z25.917 X113.068 Y100.857 E484.45474
G1 Z25.919 X112.984 Y101.709 E484.48372
G1 Z25.922 X112.844 Y102.555 E484.51275
G1 Z25.924 X112.65 Y103.389 E484.54173
G1 Z25.926 X112.401 Y104.21 E484.57077
G1 Z25.928 X112.099 Y105.012 E484.59978
G1 Z25.930 X111.745 Y105.792 E484.62877
G1 Z25.932 X111.341 Y106.548 E484.65778
G1 Z25.933 X111.025 Y107.056 E484.67803
G1 Z25.934 X110.889 Y107.276 E484.68678
G1 Z25.936 X110.39 Y107.972 E484.71577
G1 Z25.938 X109.846 Y108.635 E484.7448
G1 Z25.940 X109.437 Y109.071 E484.76504
G1 Z25.940 X109.26 Y109.26 E484.7738
G1 Z25.942 X108.635 Y109.846 E484.8028
G1 Z25.944 X107.972 Y110.39 E484.83183
G1 Z25.947 X107.276 Y110.889 E484.86082
G1 Z25.949 X106.548 Y111.341 E484.88983
G1 Z25.951 X105.792 Y111.745 E484.91884
G1 Z25.953 X105.012 Y112.099 E484.94783
G1 Z25.955 X104.21 Y112.401 E484.97684
G1 Z25.957 X103.389 Y112.65 E485.00588
G1 Z25.959 X102.555 Y112.844 E485.03486
G1 Z25.961 X101.709 Y112.984 E485.06389
G1 Z25.963 X100.857 Y113.068 E485.09287
G1 Z25.965 X100.258 Y113.087 E485.11316
G1 Z25.965 X100 Y113.096 E485.1219
G1 Z25.967 X99.143 Y113.068 E485.15092
G1 Z25.969 X98.291 Y112.984 E485.1799
G1 Z25.972 X97.445 Y112.844 E485.20893
G1 Z25.974 X96.611 Y112.65 E485.23791
G1 Z25.976 X95.79 Y112.401 E485.26695
G1 Z25.978 X94.988 Y112.099 E485.29596
G1 Z25.980 X94.208 Y111.745 E485.32495
G1 Z25.982 X93.452 Y111.341 E485.35396
G1 Z25.983 X92.944 Y111.025 E485.37421
G1 Z25.984 X92.724 Y110.889 E485.38296
G1 Z25.986 X92.028 Y110.39 E485.41195
G1 Z25.988 X91.365 Y109.846 E485.44098
G1 Z25.990 X90.929 Y109.437 E485.46122
G1 Z25.990 X90.74 Y109.26 E485.46998
G1 Z25.992 X90.154 Y108.635 E485.49898
G1 Z25.994 X89.61 Y107.972 E485.52801
G1 Z25.997 X89.111 Y107.276 E485.557
G1 Z25.999 X88.659 Y106.548 E485.58601
G1 Z26.000 X88.385 Y106.036 E485.60567
;LAYER_CHANGE
;Z:26.2
;HEIGHT:0.200001
G1 Z26.000 F7800
G1 F972
G1 Z26.001 X88.429 Y105.706 E485.61483
G1 Z26.003 X88.08 Y104.937 E485.64341
G1 Z26.005 X87.783 Y104.147 E485.67198
G1 Z26.007 X87.538 Y103.339 E485.70056
G1 Z26.009 X87.346 Y102.517 E485.72913
G1 Z26.011 X87.209 Y101.684 E485.7577
G1 Z26.013 X87.126 Y100.844 E485.78627
G1 Z26.015 X87.098 Y100 E485.81485
G1 Z26.017 X87.126 Y99.156 E485.84343
G1 Z26.019 X87.209 Y98.316 E485.872
G1 Z26.022 X87.346 Y97.483 E485.90057
G1 Z26.024 X87.538 Y96.661 E485.92914
G1 Z26.026 X87.783 Y95.853 E485.95772
G1 Z26.028 X88.08 Y95.063 E485.98629
G1 Z26.030 X88.429 Y94.294 E486.01487
G1 Z26.032 X88.827 Y93.549 E486.04346
G1 Z26.034 X89.273 Y92.832 E486.07204
G1 Z26.036 X89.764 Y92.146 E486.1006
G1 Z26.038 X90.3 Y91.493 E486.1292
G1 Z26.040 X90.877 Y90.877 E486.15777
G1 Z26.042 X91.493 Y90.3 E486.18634
G1 Z26.044 X92.146 Y89.764 E486.21494
G1 Z26.047 X92.832 Y89.273 E486.2435
G1 Z26.049 X93.549 Y88.827 E486.27208
G1 Z26.051 X94.294 Y88.429 E486.30067
G1 Z26.053 X95.063 Y88.08 E486.32925
G1 Z26.055 X95.853 Y87.783 E486.35782
G1 Z26.057 X96.661 Y87.538 E486.3864
G1 Z26.059 X97.483 Y87.346 E486.41497
G1 Z26.061 X98.316 Y87.209 E486.44354
G1 Z26.063 X99.156 Y87.126 E486.47211
G1 Z26.066 X100.246 Y87.106 E486.50901
G1 Z26.067 X100.844 Y87.126 E486.52926
G1 Z26.069 X101.684 Y87.209 E486.55783
G1 Z26.072 X102.517 Y87.346 E486.5864
G1 Z26.074 X103.339 Y87.538 E486.61497
G1 Z26.076 X104.147 Y87.783 E486.64355
G1 Z26.078 X104.937 Y88.08 E486.67212
G1 Z26.080 X105.706 Y88.429 E486.7007
G1 Z26.082 X106.451 Y88.827 E486.72929
G1 Z26.084 X107.168 Y89.273 E486.75787
G1 Z26.086 X107.854 Y89.764 E486.78643
G1 Z26.088 X108.507 Y90.3 E486.81503
G1 Z26.090 X109.123 Y90.877 E486.8436
G1 Z26.092 X109.7 Y91.493 E486.87217
G1 Z26.094 X110.236 Y92.146 E486.90077
G1 Z26.097 X110.727 Y92.832 E486.92933
G1 Z26.099 X111.173 Y93.549 E486.95791
G1 Z26.101 X111.571 Y94.294 E486.9865
G1 Z26.103 X111.92 Y95.063 E487.01508
G1 Z26.105 X112.217 Y95.853 E487.04365
G1 Z26.107 X112.462 Y96.661 E487.07223
G1 Z26.109 X112.654 Y97.483 E487.1008
G1 Z26.111 X112.791 Y98.316 E487.12937
G1 Z26.113 X112.874 Y99.156 E487.15794
G1 Z26.115 X112.902 Y100 E487.18652
G1 Z26.117 X112.874 Y100.844 E487.2151
G1 Z26.119 X112.791 Y101.684 E487.24367
G1 Z26.122 X112.654 Y102.517 E487.27224
G1 Z26.124 X112.462 Y103.339 E487.30081
G1 Z26.126 X112.217 Y104.147 E487.32939
G1 Z26.128 X111.92 Y104.937 E487.35796
G1 Z26.130 X111.571 Y105.706 E487.38654
G1 Z26.132 X111.173 Y106.451 E487.41513
G1 Z26.134 X110.727 Y107.168 E487.44371
G1 Z26.136 X110.236 Y107.854 E487.47227
G1 Z26.138 X109.7 Y108.507 E487.50087
G1 Z26.140 X109.123 Y109.123 E487.52944
G1 Z26.142 X108.507 Y109.7 E487.55801
G1 Z26.144 X107.854 Y110.236 E487.58661
G1 Z26.146 X107.168 Y110.727 E487.61517
G1 Z26.149 X106.451 Y111.173 E487.64375
G1 Z26.151 X105.706 Y111.571 E487.67234
G1 Z26.153 X104.937 Y111.92 E487.70092
G1 Z26.155 X104.147 Y112.217 E487.72949
G1 Z26.157 X103.339 Y112.462 E487.75807
G1 Z26.159 X102.517 Y112.654 E487.78664
G1 Z26.161 X101.684 Y112.791 E487.81521
G1 Z26.163 X100.844 Y112.874 E487.84378
G1 Z26.165 X100 Y112.902 E487.87236
G1 Z26.167 X99.156 Y112.874 E487.90094
G1 Z26.169 X98.316 Y112.791 E487.92951
G1 Z26.172 X97.483 Y112.654 E487.95808
G1 Z26.174 X96.661 Y112.462 E487.98665
G1 Z26.176 X95.853 Y112.217 E488.01523
G1 Z26.178 X95.063 Y111.92 E488.0438
G1 Z26.180 X94.294 Y111.571 E488.07238
G1 Z26.182 X93.549 Y111.173 E488.10097
G1 Z26.184 X92.832 Y110.727 E488.12955
G1 Z26.186 X92.146 Y110.236 E488.15811
G1 Z26.188 X91.493 Y109.7 E488.18671
G1 Z26.190 X90.877 Y109.123 E488.21528
G1 Z26.192 X90.3 Y108.507 E488.24385
G1 Z26.194 X89.764 Y107.854 E488.27245
G1 Z26.197 X89.273 Y107.168 E488.30101
G1 Z26.199 X88.827 Y106.451 E488.32959
G1 Z26.200 X88.556 Y105.945 E488.34902
;LAYER_CHANGE
;Z:26.4
;HEIGHT:0.199999
G1 Z26.200 F7800
G1 F958
G1 Z26.201 X88.604 Y105.62 E488.35797
G1 Z26.203 X88.261 Y104.863 E488.3861
G1 Z26.205 X87.968 Y104.084 E488.41427
G1 Z26.207 X87.727 Y103.289 E488.44239
G1 Z26.209 X87.538 Y102.479 E488.47054
G1 Z26.211 X87.402 Y101.659 E488.49868
G1 Z26.213 X87.321 Y100.831 E488.52684
G1 Z26.215 X87.294 Y100 E488.55498
G1 Z26.217 X87.321 Y99.169 E488.58312
G1 Z26.219 X87.402 Y98.341 E488.61128
G1 Z26.221 X87.538 Y97.521 E488.63942
G1 Z26.224 X87.727 Y96.711 E488.66757
G1 Z26.226 X87.968 Y95.916 E488.69569
G1 Z26.228 X88.261 Y95.137 E488.72386
G1 Z26.230 X88.604 Y94.38 E488.75199
G1 Z26.232 X88.996 Y93.647 E488.78013
G1 Z26.234 X89.435 Y92.941 E488.80827
G1 Z26.236 X89.919 Y92.265 E488.83641
G1 Z26.238 X90.447 Y91.622 E488.86457
G1 Z26.240 X90.957 Y91.078 E488.88981
G1 Z26.242 X91.623 Y90.446 E488.92089
G1 Z26.244 X92.265 Y89.919 E488.949
G1 Z26.246 X92.941 Y89.435 E488.97714
G1 Z26.249 X93.647 Y88.996 E489.00528
G1 Z26.251 X94.38 Y88.604 E489.03342
G1 Z26.253 X95.137 Y88.261 E489.06155
G1 Z26.255 X95.916 Y87.968 E489.08972
G1 Z26.257 X96.711 Y87.727 E489.11784
G1 Z26.259 X97.521 Y87.538 E489.14599
G1 Z26.261 X98.341 Y87.402 E489.17413
G1 Z26.263 X99.169 Y87.321 E489.20229
G1 Z26.265 X100 Y87.294 E489.23043
G1 Z26.267 X100.745 Y87.318 E489.25566
G1 Z26.269 X101.659 Y87.402 E489.28673
G1 Z26.271 X102.479 Y87.538 E489.31487
G1 Z26.274 X103.289 Y87.727 E489.34302
G1 Z26.276 X104.084 Y87.968 E489.37114
G1 Z26.278 X104.863 Y88.261 E489.39931
G1 Z26.280 X105.62 Y88.604 E489.42744
G1 Z26.282 X106.353 Y88.996 E489.45558
G1 Z26.284 X107.059 Y89.435 E489.48372
G1 Z26.286 X107.735 Y89.919 E489.51186
G1 Z26.288 X108.378 Y90.447 E489.54002
G1 Z26.290 X108.922 Y90.957 E489.56526
G1 Z26.292 X109.554 Y91.623 E489.59634
G1 Z26.294 X110.081 Y92.265 E489.62445
G1 Z26.296 X110.565 Y92.941 E489.65259
G1 Z26.299 X111.004 Y93.647 E489.68073
G1 Z26.301 X111.396 Y94.38 E489.70887
G1 Z26.303 X111.739 Y95.137 E489.737
G1 Z26.305 X112.032 Y95.916 E489.76517
G1 Z26.307 X112.273 Y96.711 E489.79329
G1 Z26.309 X112.462 Y97.521 E489.82144
G1 Z26.311 X112.598 Y98.341 E489.84958
G1 Z26.313 X112.679 Y99.169 E489.87774
G1 Z26.315 X112.706 Y100 E489.90588
G1 Z26.317 X112.679 Y100.831 E489.93402
G1 Z26.319 X112.598 Y101.659 E489.96218
G1 Z26.321 X112.462 Y102.479 E489.99032
G1 Z26.324 X112.273 Y103.289 E490.01847
G1 Z26.326 X112.032 Y104.084 E490.04659
G1 Z26.328 X111.739 Y104.863 E490.07476
G1 Z26.330 X111.396 Y105.62 E490.10289
G1 Z26.332 X111.004 Y106.353 E490.13103
G1 Z26.334 X110.565 Y107.059 E490.15917
G1 Z26.336 X110.081 Y107.735 E490.18731
G1 Z26.338 X109.553 Y108.378 E490.21547
G1 Z26.340 X109.043 Y108.922 E490.24071
G1 Z26.342 X108.377 Y109.554 E490.27179
G1 Z26.344 X107.735 Y110.081 E490.2999
G1 Z26.346 X107.059 Y110.565 E490.32804
G1 Z26.349 X106.353 Y111.004 E490.35618
G1 Z26.351 X105.62 Y111.396 E490.38432
G1 Z26.353 X104.863 Y111.739 E490.41245
G1 Z26.355 X104.084 Y112.032 E490.44062
G1 Z26.357 X103.289 Y112.273 E490.46874
G1 Z26.359 X102.479 Y112.462 E490.49689
G1 Z26.361 X101.659 Y112.598 E490.52503
G1 Z26.363 X100.831 Y112.679 E490.55319
G1 Z26.365 X100 Y112.706 E490.58133
G1 Z26.367 X99.169 Y112.679 E490.60947
G1 Z26.369 X98.341 Y112.598 E490.63763
G1 Z26.371 X97.521 Y112.462 E490.66577
G1 Z26.374 X96.711 Y112.273 E490.69392
G1 Z26.376 X95.916 Y112.032 E490.72204
G1 Z26.378 X95.137 Y111.739 E490.75021
G1 Z26.380 X94.38 Y111.396 E490.77834
G1 Z26.382 X93.647 Y111.004 E490.80648
G1 Z26.384 X92.941 Y110.565 E490.83462
G1 Z26.386 X92.265 Y110.081 E490.86276
G1 Z26.388 X91.622 Y109.553 E490.89092
G1 Z26.390 X91.078 Y109.043 E490.91616
G1 Z26.392 X90.446 Y108.377 E490.94724
G1 Z26.394 X89.919 Y107.735 E490.97535
G1 Z26.396 X89.435 Y107.059 E491.00349
G1 Z26.399 X88.996 Y106.353 E491.03163
G1 Z26.400 X88.729 Y105.853 E491.05082
;LAYER_CHANGE
;Z:26.6
;HEIGHT:0.200001
G1 Z26.400 F7800
G1 F943
G1 Z26.401 X88.781 Y105.533 E491.05953
G1 Z26.403 X88.443 Y104.787 E491.08725
G1 Z26.405 X88.154 Y104.021 E491.11496
G1 Z26.407 X87.917 Y103.238 E491.14265
G1 Z26.409 X87.731 Y102.44 E491.17039
G1 Z26.411 X87.597 Y101.633 E491.19808
G1 Z26.413 X87.517 Y100.818 E491.2258
G1 Z26.415 X87.49 Y100 E491.2535
G1 Z26.417 X87.517 Y99.182 E491.2812
G1 Z26.419 X87.597 Y98.367 E491.30892
G1 Z26.421 X87.731 Y97.56 E491.33661
G1 Z26.424 X87.917 Y96.762 E491.36435
G1 Z26.426 X88.154 Y95.979 E491.39204
G1 Z26.428 X88.443 Y95.213 E491.41975
G1 Z26.430 X88.781 Y94.467 E491.44747
G1 Z26.432 X89.166 Y93.745 E491.47517
G1 Z26.434 X89.599 Y93.05 E491.50289
G1 Z26.436 X90.075 Y92.385 E491.53057
G1 Z26.438 X90.595 Y91.752 E491.5583
G1 Z26.440 X91.154 Y91.154 E491.58601
G1 Z26.442 X91.752 Y90.595 E491.61372
G1 Z26.444 X92.385 Y90.075 E491.64145
G1 Z26.446 X93.05 Y89.599 E491.66913
G1 Z26.449 X93.745 Y89.166 E491.69685
G1 Z26.451 X94.467 Y88.781 E491.72455
G1 Z26.453 X95.213 Y88.443 E491.75227
G1 Z26.455 X95.979 Y88.154 E491.77998
G1 Z26.457 X96.762 Y87.917 E491.80767
G1 Z26.459 X97.56 Y87.731 E491.83541
G1 Z26.461 X98.367 Y87.597 E491.8631
G1 Z26.463 X99.182 Y87.517 E491.89082
G1 Z26.465 X100 Y87.49 E491.91852
G1 Z26.466 X100.404 Y87.504 E491.9322
G1 Z26.467 X100.818 Y87.517 E491.94622
G1 Z26.469 X101.633 Y87.597 E491.97394
G1 Z26.471 X102.44 Y87.731 E492.00163
G1 Z26.474 X103.238 Y87.917 E492.02937
G1 Z26.476 X104.021 Y88.154 E492.05706
G1 Z26.478 X104.787 Y88.443 E492.08477
G1 Z26.480 X105.533 Y88.781 E492.11249
G1 Z26.482 X106.255 Y89.166 E492.14019
G1 Z26.484 X106.95 Y89.599 E492.16791
G1 Z26.486 X107.615 Y90.075 E492.19559
G1 Z26.488 X108.248 Y90.595 E492.22332
G1 Z26.490 X108.846 Y91.154 E492.25103
G1 Z26.492 X109.405 Y91.752 E492.27874
G1 Z26.494 X109.925 Y92.385 E492.30647
G1 Z26.496 X110.401 Y93.05 E492.33415
G1 Z26.499 X110.834 Y93.745 E492.36187
G1 Z26.501 X111.219 Y94.467 E492.38957
G1 Z26.503 X111.557 Y95.213 E492.41729
G1 Z26.505 X111.846 Y95.979 E492.445
G1 Z26.506 X111.963 Y96.365 E492.45865
G1 Z26.507 X112.083 Y96.762 E492.47269
G1 Z26.509 X112.269 Y97.56 E492.50043
G1 Z26.511 X112.403 Y98.367 E492.52812
G1 Z26.513 X112.483 Y99.182 E492.55584
G1 Z26.515 X112.51 Y100 E492.58354
G1 Z26.517 X112.483 Y100.818 E492.61124
G1 Z26.519 X112.403 Y101.633 E492.63896
G1 Z26.521 X112.269 Y102.44 E492.66665
G1 Z26.524 X112.083 Y103.238 E492.69439
G1 Z26.526 X111.846 Y104.021 E492.72208
G1 Z26.528 X111.557 Y104.787 E492.74979
G1 Z26.530 X111.219 Y105.533 E492.77751
G1 Z26.532 X110.834 Y106.255 E492.80521
G1 Z26.534 X110.401 Y106.95 E492.83293
G1 Z26.536 X109.925 Y107.615 E492.86061
G1 Z26.538 X109.405 Y108.248 E492.88834
G1 Z26.540 X108.846 Y108.846 E492.91605
G1 Z26.542 X108.248 Y109.405 E492.94376
G1 Z26.544 X107.615 Y109.925 E492.97149
G1 Z26.546 X106.95 Y110.401 E492.99917
G1 Z26.549 X106.255 Y110.834 E493.02689
G1 Z26.551 X105.533 Y111.219 E493.05459
G1 Z26.553 X104.787 Y111.557 E493.08231
G1 Z26.555 X104.021 Y111.846 E493.11002
G1 Z26.556 X103.635 Y111.963 E493.12367
G1 Z26.557 X103.238 Y112.083 E493.13771
G1 Z26.559 X102.44 Y112.269 E493.16545
G1 Z26.561 X101.633 Y112.403 E493.19314
G1 Z26.563 X100.818 Y112.483 E493.22086
G1 Z26.565 X100 Y112.51 E493.24856
G1 Z26.567 X99.182 Y112.483 E493.27626
G1 Z26.569 X98.367 Y112.403 E493.30398
G1 Z26.571 X97.56 Y112.269 E493.33167
G1 Z26.574 X96.762 Y112.083 E493.35941
G1 Z26.576 X95.979 Y111.846 E493.3871
G1 Z26.578 X95.213 Y111.557 E493.41481
G1 Z26.580 X94.467 Y111.219 E493.44253
G1 Z26.582 X93.745 Y110.834 E493.47023
G1 Z26.584 X93.05 Y110.401 E493.49795
G1 Z26.586 X92.385 Y109.925 E493.52563
G1 Z26.588 X91.752 Y109.405 E493.55336
G1 Z26.590 X91.154 Y108.846 E493.58107
G1 Z26.592 X90.595 Y108.248 E493.60878
G1 Z26.594 X90.075 Y107.615 E493.63651
G1 Z26.596 X89.599 Y106.95 E493.66419
G1 Z26.599 X89.166 Y106.255 E493.69191
G1 Z26.600 X88.902 Y105.76 E493.7109
;LAYER_CHANGE
;Z:26.8
;HEIGHT:0.199999
G1 Z26.600 F7800
G1 F928
G1 Z26.601 X88.957 Y105.446 E493.7194
G1 Z26.603 X88.625 Y104.712 E493.74667
G1 Z26.605 X88.341 Y103.958 E493.77394
G1 Z26.607 X88.107 Y103.187 E493.80121
G1 Z26.609 X87.924 Y102.402 E493.82849
G1 Z26.611 X87.793 Y101.607 E493.85576
G1 Z26.613 X87.714 Y100.805 E493.88304
G1 Z26.615 X87.688 Y100 E493.9103
G1 Z26.617 X87.714 Y99.195 E493.93756
G1 Z26.619 X87.793 Y98.393 E493.96484
G1 Z26.621 X87.924 Y97.598 E493.99211
G1 Z26.624 X88.107 Y96.813 E494.01939
G1 Z26.626 X88.341 Y96.042 E494.04666
G1 Z26.628 X88.625 Y95.288 E494.07393
G1 Z26.630 X88.957 Y94.554 E494.1012
G1 Z26.632 X89.337 Y93.844 E494.12846
G1 Z26.634 X89.762 Y93.16 E494.15572
G1 Z26.636 X90.282 Y92.443 E494.1857
G1 Z26.638 X90.743 Y91.882 E494.21028
G1 Z26.640 X91.294 Y91.294 E494.23756
G1 Z26.642 X91.882 Y90.743 E494.26484
G1 Z26.644 X92.505 Y90.232 E494.29211
G1 Z26.646 X93.159 Y89.763 E494.31935
G1 Z26.649 X93.914 Y89.3 E494.34933
G1 Z26.651 X94.554 Y88.957 E494.37391
G1 Z26.653 X95.288 Y88.625 E494.40118
G1 Z26.655 X96.042 Y88.341 E494.42845
G1 Z26.657 X96.813 Y88.107 E494.45572
G1 Z26.659 X97.598 Y87.924 E494.483
G1 Z26.661 X98.393 Y87.793 E494.51027
G1 Z26.663 X99.194 Y87.714 E494.53751
G1 Z26.665 X100.079 Y87.69 E494.56748
G1 Z26.667 X100.805 Y87.714 E494.59207
G1 Z26.669 X101.607 Y87.793 E494.61935
G1 Z26.671 X102.402 Y87.924 E494.64662
G1 Z26.674 X103.187 Y88.107 E494.6739
G1 Z26.676 X103.958 Y88.341 E494.70117
G1 Z26.678 X104.712 Y88.625 E494.72844
G1 Z26.680 X105.446 Y88.957 E494.75571
G1 Z26.682 X106.156 Y89.337 E494.78297
G1 Z26.684 X106.84 Y89.762 E494.81023
G1 Z26.686 X107.557 Y90.282 E494.84021
G1 Z26.688 X108.118 Y90.743 E494.86479
G1 Z26.690 X108.706 Y91.294 E494.89207
G1 Z26.692 X109.257 Y91.882 E494.91935
G1 Z26.694 X109.768 Y92.505 E494.94662
G1 Z26.696 X110.237 Y93.159 E494.97386
G1 Z26.699 X110.7 Y93.914 E495.00384
G1 Z26.701 X111.043 Y94.554 E495.02842
G1 Z26.703 X111.375 Y95.288 E495.05569
G1 Z26.705 X111.659 Y96.042 E495.08296
G1 Z26.707 X111.893 Y96.813 E495.11023
G1 Z26.709 X112.076 Y97.598 E495.13751
G1 Z26.711 X112.207 Y98.393 E495.16478
G1 Z26.713 X112.286 Y99.195 E495.19206
G1 Z26.715 X112.312 Y100 E495.21932
G1 Z26.717 X112.286 Y100.805 E495.24658
G1 Z26.719 X112.207 Y101.607 E495.27386
G1 Z26.721 X112.076 Y102.402 E495.30113
G1 Z26.724 X111.893 Y103.187 E495.32841
G1 Z26.726 X111.659 Y103.958 E495.35568
G1 Z26.728 X111.375 Y104.712 E495.38295
G1 Z26.730 X111.043 Y105.446 E495.41022
G1 Z26.732 X110.663 Y106.156 E495.43748
G1 Z26.734 X110.238 Y106.84 E495.46474
G1 Z26.736 X109.718 Y107.557 E495.49472
G1 Z26.738 X109.257 Y108.118 E495.5193
G1 Z26.740 X108.706 Y108.706 E495.54658
G1 Z26.742 X108.118 Y109.257 E495.57386
G1 Z26.744 X107.495 Y109.768 E495.60113
G1 Z26.746 X106.841 Y110.237 E495.62837
G1 Z26.749 X106.086 Y110.7 E495.65835
G1 Z26.751 X105.446 Y111.043 E495.68293
G1 Z26.753 X104.712 Y111.375 E495.7102
G1 Z26.755 X103.958 Y111.659 E495.73747
G1 Z26.757 X103.187 Y111.893 E495.76474
G1 Z26.759 X102.402 Y112.076 E495.79202
G1 Z26.761 X101.607 Y112.207 E495.81929
G1 Z26.763 X100.805 Y112.286 E495.84657
G1 Z26.765 X100 Y112.312 E495.87383
G1 Z26.767 X99.195 Y112.286 E495.90109
G1 Z26.769 X98.393 Y112.207 E495.92837
G1 Z26.771 X97.598 Y112.076 E495.95564
G1 Z26.774 X96.813 Y111.893 E495.98292
G1 Z26.776 X96.042 Y111.659 E496.01019
G1 Z26.778 X95.288 Y111.375 E496.03746
G1 Z26.780 X94.554 Y111.043 E496.06473
G1 Z26.782 X93.844 Y110.663 E496.09199
G1 Z26.784 X93.16 Y110.238 E496.11925
G1 Z26.786 X92.443 Y109.718 E496.14923
G1 Z26.788 X91.882 Y109.257 E496.17381
G1 Z26.790 X91.294 Y108.706 E496.20109
G1 Z26.792 X90.743 Y108.118 E496.22837
G1 Z26.794 X90.232 Y107.495 E496.25564
G1 Z26.796 X89.763 Y106.841 E496.28288
G1 Z26.799 X89.3 Y106.086 E496.31286
G1 Z26.800 X89.076 Y105.667 E496.32894
;LAYER_CHANGE
;Z:27
;HEIGHT:0.200001
G1 Z26.800 F7800
G1 F913
G1 Z26.801 X89.134 Y105.358 E496.33724
G1 Z26.803 X88.807 Y104.636 E496.36407
G1 Z26.805 X88.528 Y103.894 E496.3909
G1 Z26.807 X88.298 Y103.136 E496.41771
G1 Z26.809 X88.118 Y102.364 E496.44454
G1 Z26.811 X87.988 Y101.581 E496.47141
G1 Z26.813 X87.911 Y100.792 E496.49824
G1 Z26.815 X87.893 Y100.245 E496.51677
G1 Z26.817 X87.911 Y99.206 E496.55194
G1 Z26.819 X87.988 Y98.419 E496.57871
G1 Z26.821 X88.118 Y97.636 E496.60558
G1 Z26.824 X88.298 Y96.864 E496.63241
G1 Z26.826 X88.528 Y96.106 E496.65922
G1 Z26.828 X88.807 Y95.364 E496.68605
G1 Z26.830 X89.134 Y94.642 E496.71288
G1 Z26.832 X89.508 Y93.942 E496.73974
G1 Z26.833 X89.797 Y93.477 E496.75827
G1 Z26.836 X90.389 Y92.623 E496.79344
G1 Z26.838 X90.891 Y92.012 E496.82021
G1 Z26.840 X91.266 Y91.612 E496.83877
G1 Z26.842 X92.013 Y90.89 E496.87394
G1 Z26.844 X92.625 Y90.388 E496.90073
G1 Z26.846 X93.269 Y89.927 E496.92754
G1 Z26.849 X93.942 Y89.508 E496.95437
G1 Z26.851 X94.642 Y89.134 E496.98123
G1 Z26.853 X95.364 Y88.807 E497.00806
G1 Z26.855 X96.106 Y88.528 E497.03489
G1 Z26.857 X96.864 Y88.298 E497.0617
G1 Z26.859 X97.636 Y88.118 E497.08853
G1 Z26.861 X98.419 Y87.988 E497.1154
G1 Z26.863 X99.208 Y87.911 E497.14223
G1 Z26.865 X100 Y87.885 E497.16905
G1 Z26.867 X100.547 Y87.903 E497.18758
G1 Z26.869 X101.583 Y87.989 E497.22277
G1 Z26.871 X102.364 Y88.118 E497.24956
G1 Z26.874 X103.136 Y88.298 E497.27639
G1 Z26.876 X103.894 Y88.528 E497.3032
G1 Z26.878 X104.636 Y88.807 E497.33003
G1 Z26.880 X105.358 Y89.134 E497.35686
G1 Z26.882 X106.058 Y89.508 E497.38372
G1 Z26.883 X106.523 Y89.797 E497.40225
G1 Z26.886 X107.377 Y90.389 E497.43742
G1 Z26.888 X107.988 Y90.891 E497.46419
G1 Z26.890 X108.388 Y91.266 E497.48275
G1 Z26.892 X109.11 Y92.013 E497.51792
G1 Z26.894 X109.612 Y92.625 E497.54471
G1 Z26.896 X110.073 Y93.269 E497.57152
G1 Z26.899 X110.492 Y93.942 E497.59835
G1 Z26.901 X110.866 Y94.642 E497.62521
G1 Z26.903 X111.193 Y95.364 E497.65204
G1 Z26.905 X111.472 Y96.106 E497.67887
G1 Z26.907 X111.702 Y96.864 E497.70568
G1 Z26.909 X111.882 Y97.636 E497.73251
G1 Z26.911 X112.012 Y98.419 E497.75938
G1 Z26.913 X112.089 Y99.208 E497.78621
G1 Z26.915 X112.107 Y99.755 E497.80474
G1 Z26.917 X112.089 Y100.794 E497.83991
G1 Z26.919 X112.012 Y101.581 E497.86668
G1 Z26.921 X111.882 Y102.364 E497.89355
G1 Z26.924 X111.702 Y103.136 E497.92038
G1 Z26.926 X111.472 Y103.894 E497.94719
G1 Z26.928 X111.193 Y104.636 E497.97402
G1 Z26.930 X110.866 Y105.358 E498.00085
G1 Z26.932 X110.492 Y106.058 E498.02771
G1 Z26.933 X110.203 Y106.523 E498.04624
G1 Z26.936 X109.611 Y107.377 E498.08141
G1 Z26.938 X109.109 Y107.988 E498.10818
G1 Z26.940 X108.734 Y108.388 E498.12674
G1 Z26.942 X107.987 Y109.11 E498.16191
G1 Z26.944 X107.375 Y109.612 E498.1887
G1 Z26.946 X106.731 Y110.073 E498.21551
G1 Z26.949 X106.058 Y110.492 E498.24234
G1 Z26.951 X105.358 Y110.866 E498.2692
G1 Z26.953 X104.636 Y111.193 E498.29603
G1 Z26.955 X103.894 Y111.472 E498.32286
G1 Z26.957 X103.136 Y111.702 E498.34967
G1 Z26.959 X102.364 Y111.882 E498.3765
G1 Z26.961 X101.581 Y112.012 E498.40337
G1 Z26.963 X100.792 Y112.089 E498.4302
G1 Z26.965 X100.245 Y112.107 E498.44873
G1 Z26.967 X99.206 Y112.089 E498.4839
G1 Z26.969 X98.419 Y112.012 E498.51067
G1 Z26.971 X97.636 Y111.882 E498.53754
G1 Z26.974 X96.864 Y111.702 E498.56437
G1 Z26.976 X96.106 Y111.472 E498.59118
G1 Z26.978 X95.364 Y111.193 E498.61801
G1 Z26.980 X94.642 Y110.866 E498.64484
G1 Z26.982 X93.942 Y110.492 E498.6717
G1 Z26.983 X93.477 Y110.203 E498.69023
G1 Z26.986 X92.623 Y109.611 E498.7254
G1 Z26.988 X92.012 Y109.109 E498.75217
G1 Z26.990 X91.612 Y108.734 E498.77073
G1 Z26.992 X90.89 Y107.987 E498.8059
G1 Z26.994 X90.388 Y107.375 E498.83269
G1 Z26.996 X89.927 Y106.731 E498.8595
G1 Z26.999 X89.508 Y106.058 E498.88633
G1 Z27.000 X89.25 Y105.574 E498.9049
;LAYER_CHANGE
;Z:27.2
;HEIGHT:0.200001
G1 Z27.000 F7800
G1 F898
G1 Z27.001 X89.311 Y105.271 E498.91299
G1 Z27.003 X88.989 Y104.561 E498.93938
G1 Z27.005 X88.714 Y103.831 E498.96578
G1 Z27.007 X88.488 Y103.085 E498.99216
G1 Z27.009 X88.31 Y102.325 E499.01858
G1 Z27.011 X88.183 Y101.556 E499.04496
G1 Z27.013 X88.107 Y100.78 E499.07135
G1 Z27.015 X88.081 Y100 E499.09777
G1 Z27.017 X88.107 Y99.22 E499.12419
G1 Z27.019 X88.183 Y98.444 E499.15058
G1 Z27.021 X88.31 Y97.675 E499.17696
G1 Z27.024 X88.488 Y96.915 E499.20338
G1 Z27.026 X88.714 Y96.169 E499.22976
G1 Z27.028 X88.989 Y95.439 E499.25616
G1 Z27.030 X89.311 Y94.729 E499.28255
G1 Z27.032 X89.678 Y94.041 E499.30894
G1 Z27.034 X90.089 Y93.38 E499.33529
G1 Z27.037 X90.692 Y92.565 E499.36961
G1 Z27.038 X91.039 Y92.142 E499.38813
G1 Z27.040 X91.571 Y91.574 E499.41447
G1 Z27.043 X92.321 Y90.892 E499.44878
G1 Z27.044 X92.744 Y90.544 E499.46732
G1 Z27.046 X93.378 Y90.09 E499.49371
G1 Z27.049 X94.041 Y89.678 E499.52013
G1 Z27.051 X94.729 Y89.311 E499.54652
G1 Z27.053 X95.439 Y88.989 E499.57291
G1 Z27.055 X96.169 Y88.714 E499.59931
G1 Z27.057 X96.915 Y88.488 E499.62569
G1 Z27.059 X97.675 Y88.31 E499.65211
G1 Z27.061 X98.444 Y88.183 E499.67849
G1 Z27.063 X99.219 Y88.107 E499.70485
G1 Z27.066 X100.232 Y88.089 E499.73914
G1 Z27.067 X100.78 Y88.107 E499.7577
G1 Z27.069 X101.556 Y88.183 E499.78409
G1 Z27.071 X102.325 Y88.31 E499.81047
G1 Z27.074 X103.085 Y88.488 E499.83689
G1 Z27.076 X103.831 Y88.714 E499.86327
G1 Z27.078 X104.561 Y88.989 E499.88967
G1 Z27.080 X105.271 Y89.311 E499.91606
G1 Z27.082 X105.959 Y89.678 E499.94245
G1 Z27.084 X106.62 Y90.089 E499.9688
G1 Z27.087 X107.435 Y90.692 E500.00312
G1 Z27.088 X107.858 Y91.039 E500.02164
G1 Z27.090 X108.426 Y91.571 E500.04798
G1 Z27.093 X109.108 Y92.321 E500.08229
G1 Z27.094 X109.456 Y92.744 E500.10083
G1 Z27.096 X109.91 Y93.378 E500.12722
G1 Z27.099 X110.322 Y94.041 E500.15364
G1 Z27.101 X110.689 Y94.729 E500.18003
G1 Z27.103 X111.011 Y95.439 E500.20642
G1 Z27.105 X111.286 Y96.169 E500.23282
G1 Z27.107 X111.512 Y96.915 E500.2592
G1 Z27.109 X111.69 Y97.675 E500.28562
G1 Z27.111 X111.817 Y98.444 E500.312
G1 Z27.113 X111.893 Y99.22 E500.33839
G1 Z27.115 X111.919 Y100 E500.36481
G1 Z27.117 X111.893 Y100.78 E500.39123
G1 Z27.119 X111.817 Y101.556 E500.41762
G1 Z27.121 X111.69 Y102.325 E500.444
G1 Z27.124 X111.512 Y103.085 E500.47042
G1 Z27.126 X111.286 Y103.831 E500.4968
G1 Z27.128 X111.011 Y104.561 E500.5232
G1 Z27.130 X110.689 Y105.271 E500.54959
G1 Z27.132 X110.322 Y105.959 E500.57598
G1 Z27.134 X109.911 Y106.62 E500.60233
G1 Z27.137 X109.308 Y107.435 E500.63665
G1 Z27.138 X108.961 Y107.858 E500.65517
G1 Z27.140 X108.429 Y108.426 E500.68151
G1 Z27.143 X107.679 Y109.108 E500.71582
G1 Z27.144 X107.256 Y109.456 E500.73436
G1 Z27.146 X106.622 Y109.91 E500.76075
G1 Z27.149 X105.959 Y110.322 E500.78717
G1 Z27.151 X105.271 Y110.689 E500.81356
G1 Z27.153 X104.561 Y111.011 E500.83995
G1 Z27.155 X103.831 Y111.286 E500.86635
G1 Z27.157 X103.085 Y111.512 E500.89273
G1 Z27.159 X102.325 Y111.69 E500.91915
G1 Z27.161 X101.556 Y111.817 E500.94553
G1 Z27.163 X100.78 Y111.893 E500.97192
G1 Z27.165 X100 Y111.919 E500.99834
G1 Z27.167 X99.22 Y111.893 E501.02476
G1 Z27.169 X98.444 Y111.817 E501.05115
G1 Z27.171 X97.675 Y111.69 E501.07753
G1 Z27.174 X96.915 Y111.512 E501.10395
G1 Z27.176 X96.169 Y111.286 E501.13033
G1 Z27.178 X95.439 Y111.011 E501.15673
G1 Z27.180 X94.729 Y110.689 E501.18312
G1 Z27.182 X94.041 Y110.322 E501.20951
G1 Z27.184 X93.38 Y109.911 E501.23586
G1 Z27.187 X92.565 Y109.308 E501.27018
G1 Z27.188 X92.142 Y108.961 E501.2887
G1 Z27.190 X91.574 Y108.429 E501.31504
G1 Z27.193 X90.892 Y107.679 E501.34935
G1 Z27.194 X90.544 Y107.256 E501.36789
G1 Z27.196 X90.09 Y106.622 E501.39428
G1 Z27.199 X89.678 Y105.959 E501.4207
G1 Z27.200 X89.423 Y105.482 E501.43901
;LAYER_CHANGE
;Z:27.4
;HEIGHT:0.199999
G1 Z27.200 F7800
G1 F884
G1 Z27.201 X89.486 Y105.185 E501.44686
G1 Z27.202 X89.203 Y104.558 E501.47014
G1 Z27.205 X88.899 Y103.767 E501.49882
G1 Z27.207 X88.677 Y103.034 E501.52474
G1 Z27.209 X88.503 Y102.287 E501.5507
G1 Z27.211 X88.378 Y101.53 E501.57667
G1 Z27.213 X88.303 Y100.767 E501.60262
G1 Z27.215 X88.28 Y100.079 E501.62592
G1 Z27.217 X88.303 Y99.233 E501.65457
G1 Z27.219 X88.378 Y98.47 E501.68052
G1 Z27.221 X88.503 Y97.713 E501.70649
G1 Z27.224 X88.677 Y96.966 E501.73245
G1 Z27.226 X88.9 Y96.232 E501.75842
G1 Z27.228 X89.17 Y95.514 E501.78439
G1 Z27.230 X89.486 Y94.815 E501.81036
G1 Z27.232 X89.848 Y94.139 E501.83632
G1 Z27.234 X90.253 Y93.487 E501.8623
G1 Z27.236 X90.7 Y92.864 E501.88825
G1 Z27.238 X91.187 Y92.271 E501.91422
G1 Z27.240 X91.711 Y91.711 E501.94018
G1 Z27.242 X92.271 Y91.187 E501.96614
G1 Z27.244 X92.864 Y90.7 E501.99211
G1 Z27.246 X93.487 Y90.253 E502.01806
G1 Z27.249 X94.139 Y89.848 E502.04404
G1 Z27.251 X94.815 Y89.486 E502.07
G1 Z27.252 X95.442 Y89.203 E502.09328
G1 Z27.255 X96.233 Y88.899 E502.12196
G1 Z27.257 X96.966 Y88.677 E502.14788
G1 Z27.259 X97.713 Y88.503 E502.17384
G1 Z27.261 X98.47 Y88.378 E502.19981
G1 Z27.263 X99.233 Y88.303 E502.22576
G1 Z27.265 X100 Y88.278 E502.25174
G1 Z27.267 X100.687 Y88.3 E502.27501
G1 Z27.269 X101.531 Y88.378 E502.3037
G1 Z27.271 X102.287 Y88.503 E502.32964
G1 Z27.274 X103.034 Y88.677 E502.3556
G1 Z27.276 X103.768 Y88.9 E502.38157
G1 Z27.278 X104.486 Y89.17 E502.40754
G1 Z27.280 X105.185 Y89.486 E502.43351
G1 Z27.282 X105.861 Y89.848 E502.45947
G1 Z27.284 X106.513 Y90.253 E502.48545
G1 Z27.286 X107.136 Y90.7 E502.5114
G1 Z27.288 X107.729 Y91.187 E502.53737
G1 Z27.290 X108.289 Y91.711 E502.56333
G1 Z27.292 X108.813 Y92.271 E502.58929
G1 Z27.294 X109.3 Y92.864 E502.61526
G1 Z27.296 X109.747 Y93.487 E502.64121
G1 Z27.299 X110.152 Y94.139 E502.66719
G1 Z27.301 X110.514 Y94.815 E502.69315
G1 Z27.302 X110.797 Y95.442 E502.71643
G1 Z27.305 X111.101 Y96.233 E502.74511
G1 Z27.307 X111.323 Y96.966 E502.77103
G1 Z27.309 X111.497 Y97.713 E502.79699
G1 Z27.311 X111.622 Y98.47 E502.82296
G1 Z27.313 X111.697 Y99.233 E502.84891
G1 Z27.315 X111.72 Y99.921 E502.87221
G1 Z27.317 X111.697 Y100.767 E502.90086
G1 Z27.319 X111.622 Y101.53 E502.92681
G1 Z27.321 X111.497 Y102.287 E502.95278
G1 Z27.324 X111.323 Y103.034 E502.97874
G1 Z27.326 X111.1 Y103.768 E503.00471
G1 Z27.328 X110.83 Y104.486 E503.03068
G1 Z27.330 X110.514 Y105.185 E503.05665
G1 Z27.332 X110.152 Y105.861 E503.08261
G1 Z27.334 X109.747 Y106.513 E503.10859
G1 Z27.336 X109.3 Y107.136 E503.13454
G1 Z27.338 X108.813 Y107.729 E503.16051
G1 Z27.340 X108.289 Y108.289 E503.18647
G1 Z27.342 X107.729 Y108.813 E503.21243
G1 Z27.344 X107.136 Y109.3 E503.2384
G1 Z27.346 X106.513 Y109.747 E503.26435
G1 Z27.349 X105.861 Y110.152 E503.29033
G1 Z27.351 X105.185 Y110.514 E503.31629
G1 Z27.352 X104.558 Y110.797 E503.33957
G1 Z27.355 X103.767 Y111.101 E503.36825
G1 Z27.357 X103.034 Y111.323 E503.39417
G1 Z27.359 X102.287 Y111.497 E503.42013
G1 Z27.361 X101.53 Y111.622 E503.4461
G1 Z27.363 X100.767 Y111.697 E503.47205
G1 Z27.365 X100.079 Y111.72 E503.49535
G1 Z27.367 X99.233 Y111.697 E503.524
G1 Z27.369 X98.47 Y111.622 E503.54995
G1 Z27.371 X97.713 Y111.497 E503.57592
G1 Z27.374 X96.966 Y111.323 E503.60188
G1 Z27.376 X96.232 Y111.1 E503.62785
G1 Z27.378 X95.514 Y110.83 E503.65382
G1 Z27.380 X94.815 Y110.514 E503.67979
G1 Z27.382 X94.139 Y110.152 E503.70575
G1 Z27.384 X93.487 Y109.747 E503.73173
G1 Z27.386 X92.864 Y109.3 E503.75768
G1 Z27.388 X92.271 Y108.813 E503.78365
G1 Z27.390 X91.711 Y108.289 E503.80961
G1 Z27.392 X91.187 Y107.729 E503.83557
G1 Z27.394 X90.7 Y107.136 E503.86154
G1 Z27.396 X90.253 Y106.513 E503.88749
G1 Z27.399 X89.848 Y105.861 E503.91347
G1 Z27.400 X89.596 Y105.389 E503.93158
;LAYER_CHANGE
;Z:27.6
;HEIGHT:0.200001
G1 Z27.400 F7800
G1 F869
G1 Z27.401 X89.66 Y105.099 E503.93923
G1 Z27.403 X89.349 Y104.412 E503.96476
G1 Z27.405 X89.083 Y103.706 E503.9903
G1 Z27.407 X88.864 Y102.984 E504.01584
G1 Z27.409 X88.693 Y102.249 E504.04138
G1 Z27.411 X88.57 Y101.505 E504.06691
G1 Z27.413 X88.496 Y100.754 E504.09245
G1 Z27.415 X88.472 Y100 E504.11798
G1 Z27.417 X88.496 Y99.246 E504.14351
G1 Z27.419 X88.57 Y98.495 E504.16905
G1 Z27.421 X88.693 Y97.751 E504.19458
G1 Z27.424 X88.864 Y97.016 E504.22012
G1 Z27.426 X89.083 Y96.294 E504.24566
G1 Z27.428 X89.349 Y95.588 E504.2712
G1 Z27.430 X89.66 Y94.901 E504.29673
G1 Z27.432 X90.016 Y94.236 E504.32226
G1 Z27.434 X90.414 Y93.595 E504.3478
G1 Z27.436 X90.854 Y92.982 E504.37334
G1 Z27.438 X91.333 Y92.399 E504.39888
G1 Z27.440 X91.848 Y91.848 E504.42441
G1 Z27.442 X92.399 Y91.333 E504.44994
G1 Z27.444 X92.982 Y90.854 E504.47548
G1 Z27.446 X93.595 Y90.414 E504.50102
G1 Z27.449 X94.236 Y90.016 E504.52656
G1 Z27.451 X94.901 Y89.66 E504.55209
G1 Z27.453 X95.588 Y89.349 E504.57762
G1 Z27.455 X96.294 Y89.083 E504.60316
G1 Z27.457 X97.016 Y88.864 E504.6287
G1 Z27.459 X97.751 Y88.693 E504.65424
G1 Z27.461 X98.495 Y88.57 E504.67977
G1 Z27.463 X99.246 Y88.496 E504.70531
G1 Z27.465 X100 Y88.472 E504.73084
G1 Z27.466 X100.372 Y88.484 E504.74344
G1 Z27.467 X100.754 Y88.496 E504.75638
G1 Z27.469 X101.505 Y88.57 E504.78192
G1 Z27.471 X102.249 Y88.693 E504.80745
G1 Z27.474 X102.984 Y88.864 E504.83299
G1 Z27.476 X103.706 Y89.083 E504.85853
G1 Z27.478 X104.412 Y89.349 E504.88407
G1 Z27.480 X105.099 Y89.66 E504.9096
G1 Z27.482 X105.764 Y90.016 E504.93513
G1 Z27.484 X106.405 Y90.414 E504.96067
G1 Z27.486 X107.018 Y90.854 E504.98621
G1 Z27.488 X107.601 Y91.332 E505.01173
G1 Z27.490 X108.152 Y91.848 E505.03728
G1 Z27.492 X108.668 Y92.399 E505.06283
G1 Z27.494 X109.146 Y92.982 E505.08835
G1 Z27.496 X109.586 Y93.595 E505.11389
G1 Z27.499 X109.984 Y94.236 E505.13943
G1 Z27.501 X110.34 Y94.901 E505.16496
G1 Z27.503 X110.651 Y95.588 E505.19049
G1 Z27.505 X110.917 Y96.294 E505.21603
G1 Z27.507 X111.136 Y97.016 E505.24157
G1 Z27.509 X111.307 Y97.751 E505.26711
G1 Z27.511 X111.43 Y98.495 E505.29264
G1 Z27.513 X111.504 Y99.246 E505.31818
G1 Z27.515 X111.528 Y100 E505.34371
G1 Z27.517 X111.504 Y100.754 E505.36924
G1 Z27.519 X111.43 Y101.505 E505.39478
G1 Z27.521 X111.307 Y102.249 E505.42031
G1 Z27.524 X111.136 Y102.984 E505.44585
G1 Z27.526 X110.917 Y103.706 E505.47139
G1 Z27.528 X110.651 Y104.412 E505.49693
G1 Z27.530 X110.34 Y105.099 E505.52246
G1 Z27.532 X109.984 Y105.764 E505.54799
G1 Z27.534 X109.586 Y106.405 E505.57353
G1 Z27.536 X109.146 Y107.018 E505.59907
G1 Z27.538 X108.668 Y107.601 E505.62459
G1 Z27.540 X108.152 Y108.152 E505.65014
G1 Z27.542 X107.601 Y108.668 E505.67569
G1 Z27.544 X107.018 Y109.146 E505.70121
G1 Z27.546 X106.405 Y109.586 E505.72675
G1 Z27.549 X105.764 Y109.984 E505.75229
G1 Z27.551 X105.099 Y110.34 E505.77782
G1 Z27.553 X104.412 Y110.651 E505.80335
G1 Z27.555 X103.706 Y110.917 E505.82889
G1 Z27.557 X102.984 Y111.136 E505.85443
G1 Z27.559 X102.249 Y111.307 E505.87997
G1 Z27.561 X101.505 Y111.43 E505.9055
G1 Z27.563 X100.754 Y111.504 E505.93104
G1 Z27.565 X100 Y111.528 E505.95657
G1 Z27.567 X99.246 Y111.504 E505.9821
G1 Z27.569 X98.495 Y111.43 E506.00764
G1 Z27.571 X97.751 Y111.307 E506.03317
G1 Z27.574 X97.016 Y111.136 E506.05871
G1 Z27.576 X96.294 Y110.917 E506.08425
G1 Z27.578 X95.588 Y110.651 E506.10979
G1 Z27.580 X94.901 Y110.34 E506.13532
G1 Z27.582 X94.236 Y109.984 E506.16085
G1 Z27.584 X93.595 Y109.586 E506.18639
G1 Z27.586 X92.982 Y109.146 E506.21193
G1 Z27.587 X92.694 Y108.91 E506.22453
G1 Z27.588 X92.399 Y108.667 E506.23747
G1 Z27.590 X91.848 Y108.152 E506.263
G1 Z27.592 X91.333 Y107.601 E506.28853
G1 Z27.594 X90.854 Y107.018 E506.31407
G1 Z27.596 X90.414 Y106.405 E506.33961
G1 Z27.599 X90.016 Y105.764 E506.36515
G1 Z27.600 X89.767 Y105.298 E506.38303
;LAYER_CHANGE
;Z:27.8
;HEIGHT:0.199999
G1 Z27.600 F7800
G1 F855
G1 Z27.601 X89.834 Y105.014 E506.39043
G1 Z27.603 X89.527 Y104.338 E506.41556
G1 Z27.605 X89.266 Y103.644 E506.44066
G1 Z27.607 X89.051 Y102.934 E506.46577
G1 Z27.609 X88.882 Y102.211 E506.4909
G1 Z27.611 X88.762 Y101.48 E506.51597
G1 Z27.613 X88.689 Y100.741 E506.54111
G1 Z27.615 X88.665 Y100 E506.56621
G1 Z27.617 X88.689 Y99.259 E506.59131
G1 Z27.619 X88.762 Y98.52 E506.61645
G1 Z27.621 X88.882 Y97.789 E506.64152
G1 Z27.624 X89.051 Y97.066 E506.66665
G1 Z27.626 X89.266 Y96.356 E506.69176
G1 Z27.628 X89.527 Y95.662 E506.71686
G1 Z27.630 X89.834 Y94.987 E506.74196
G1 Z27.632 X90.183 Y94.332 E506.76708
G1 Z27.634 X90.575 Y93.702 E506.7922
G1 Z27.636 X91.007 Y93.099 E506.81731
G1 Z27.638 X91.478 Y92.526 E506.84242
G1 Z27.640 X91.985 Y91.985 E506.86752
G1 Z27.642 X92.526 Y91.478 E506.89262
G1 Z27.644 X93.099 Y91.007 E506.91773
G1 Z27.646 X93.702 Y90.575 E506.94284
G1 Z27.649 X94.397 Y90.149 E506.97043
G1 Z27.651 X94.986 Y89.834 E506.99304
G1 Z27.653 X95.662 Y89.527 E507.01817
G1 Z27.655 X96.356 Y89.266 E507.04327
G1 Z27.657 X97.066 Y89.051 E507.06838
G1 Z27.659 X97.789 Y88.882 E507.09351
G1 Z27.661 X98.52 Y88.762 E507.11858
G1 Z27.663 X99.258 Y88.689 E507.14368
G1 Z27.665 X100.073 Y88.667 E507.17128
G1 Z27.667 X100.741 Y88.689 E507.1939
G1 Z27.669 X101.48 Y88.762 E507.21904
G1 Z27.671 X102.211 Y88.882 E507.24411
G1 Z27.674 X102.934 Y89.051 E507.26924
G1 Z27.676 X103.644 Y89.266 E507.29435
G1 Z27.678 X104.338 Y89.527 E507.31945
G1 Z27.680 X105.013 Y89.834 E507.34455
G1 Z27.682 X105.668 Y90.183 E507.36967
G1 Z27.684 X106.298 Y90.575 E507.39479
G1 Z27.686 X106.901 Y91.007 E507.4199
G1 Z27.688 X107.474 Y91.478 E507.44501
G1 Z27.690 X108.015 Y91.985 E507.47011
G1 Z27.692 X108.522 Y92.526 E507.49521
G1 Z27.694 X108.993 Y93.099 E507.52032
G1 Z27.696 X109.425 Y93.702 E507.54543
G1 Z27.699 X109.851 Y94.397 E507.57302
G1 Z27.701 X110.166 Y94.986 E507.59563
G1 Z27.703 X110.473 Y95.662 E507.62076
G1 Z27.705 X110.734 Y96.356 E507.64586
G1 Z27.707 X110.949 Y97.066 E507.67097
G1 Z27.709 X111.118 Y97.789 E507.6961
G1 Z27.711 X111.238 Y98.52 E507.72117
G1 Z27.713 X111.311 Y99.259 E507.74631
G1 Z27.715 X111.335 Y100 E507.77141
G1 Z27.717 X111.311 Y100.741 E507.79651
G1 Z27.719 X111.238 Y101.48 E507.82165
G1 Z27.721 X111.118 Y102.211 E507.84672
G1 Z27.724 X110.949 Y102.934 E507.87185
G1 Z27.726 X110.734 Y103.644 E507.89696
G1 Z27.728 X110.473 Y104.338 E507.92206
G1 Z27.730 X110.166 Y105.013 E507.94716
G1 Z27.732 X109.817 Y105.668 E507.97228
G1 Z27.734 X109.425 Y106.298 E507.9974
G1 Z27.736 X108.993 Y106.901 E508.02251
G1 Z27.738 X108.522 Y107.474 E508.04762
G1 Z27.740 X108.015 Y108.015 E508.07272
G1 Z27.742 X107.474 Y108.522 E508.09782
G1 Z27.744 X106.901 Y108.993 E508.12293
G1 Z27.746 X106.298 Y109.425 E508.14804
G1 Z27.749 X105.603 Y109.851 E508.17563
G1 Z27.751 X105.014 Y110.166 E508.19824
G1 Z27.753 X104.338 Y110.473 E508.22337
G1 Z27.755 X103.644 Y110.734 E508.24847
G1 Z27.757 X102.934 Y110.949 E508.27358
G1 Z27.759 X102.211 Y111.118 E508.29871
G1 Z27.761 X101.48 Y111.238 E508.32378
G1 Z27.763 X100.741 Y111.311 E508.34892
G1 Z27.765 X100 Y111.335 E508.37402
G1 Z27.767 X99.259 Y111.311 E508.39912
G1 Z27.769 X98.52 Y111.238 E508.42426
G1 Z27.771 X97.789 Y111.118 E508.44933
G1 Z27.774 X97.066 Y110.949 E508.47446
G1 Z27.776 X96.356 Y110.734 E508.49957
G1 Z27.778 X95.662 Y110.473 E508.52467
G1 Z27.780 X94.987 Y110.166 E508.54977
G1 Z27.782 X94.332 Y109.817 E508.57489
G1 Z27.784 X93.702 Y109.425 E508.60001
G1 Z27.786 X93.099 Y108.993 E508.62512
G1 Z27.788 X92.526 Y108.522 E508.65023
G1 Z27.790 X91.985 Y108.015 E508.67533
G1 Z27.792 X91.478 Y107.474 E508.70043
G1 Z27.794 X91.007 Y106.901 E508.72554
G1 Z27.796 X90.575 Y106.298 E508.75065
G1 Z27.799 X90.149 Y105.603 E508.77824
G1 Z27.800 X89.937 Y105.207 E508.79344
;LAYER_CHANGE
;Z:28
;HEIGHT:0.200001
G1 Z27.800 F7800
G1 F840
G1 Z27.801 X90.004 Y104.93 E508.80065
G1 Z27.803 X89.703 Y104.265 E508.82536
G1 Z27.805 X89.446 Y103.583 E508.85003
G1 Z27.807 X89.234 Y102.885 E508.87472
G1 Z27.809 X89.069 Y102.174 E508.89943
G1 Z27.811 X88.95 Y101.455 E508.9241
G1 Z27.813 X88.878 Y100.729 E508.94879
G1 Z27.815 X88.862 Y100.226 E508.96582
G1 Z27.817 X88.879 Y99.269 E508.99822
G1 Z27.819 X88.95 Y98.545 E509.02284
G1 Z27.821 X89.069 Y97.826 E509.04751
G1 Z27.824 X89.234 Y97.115 E509.07222
G1 Z27.826 X89.446 Y96.417 E509.09691
G1 Z27.828 X89.703 Y95.735 E509.12158
G1 Z27.830 X90.004 Y95.07 E509.14629
G1 Z27.832 X90.348 Y94.427 E509.17097
G1 Z27.834 X90.733 Y93.808 E509.19564
G1 Z27.836 X91.158 Y93.215 E509.22034
G1 Z27.838 X91.62 Y92.651 E509.24502
G1 Z27.840 X92.119 Y92.119 E509.26971
G1 Z27.842 X92.651 Y91.62 E509.2944
G1 Z27.844 X93.215 Y91.158 E509.31908
G1 Z27.846 X93.808 Y90.733 E509.34378
G1 Z27.849 X94.427 Y90.348 E509.36845
G1 Z27.851 X95.07 Y90.004 E509.39313
G1 Z27.853 X95.735 Y89.703 E509.41784
G1 Z27.855 X96.417 Y89.446 E509.44251
G1 Z27.857 X97.115 Y89.234 E509.4672
G1 Z27.859 X97.826 Y89.069 E509.49191
G1 Z27.861 X98.545 Y88.95 E509.51658
G1 Z27.863 X99.271 Y88.878 E509.54127
G1 Z27.865 X100 Y88.854 E509.56596
G1 Z27.867 X100.503 Y88.871 E509.583
G1 Z27.869 X101.456 Y88.95 E509.61537
G1 Z27.871 X102.174 Y89.069 E509.64
G1 Z27.874 X102.885 Y89.234 E509.66471
G1 Z27.876 X103.583 Y89.446 E509.6894
G1 Z27.878 X104.265 Y89.703 E509.71407
G1 Z27.880 X104.93 Y90.004 E509.73878
G1 Z27.882 X105.573 Y90.348 E509.76346
G1 Z27.884 X106.192 Y90.733 E509.78813
G1 Z27.886 X106.785 Y91.158 E509.81283
G1 Z27.888 X107.349 Y91.62 E509.83751
G1 Z27.890 X107.881 Y92.119 E509.8622
G1 Z27.892 X108.38 Y92.651 E509.88689
G1 Z27.894 X108.842 Y93.215 E509.91157
G1 Z27.896 X109.267 Y93.808 E509.93627
G1 Z27.899 X109.652 Y94.427 E509.96094
G1 Z27.901 X109.996 Y95.07 E509.98562
G1 Z27.903 X110.297 Y95.735 E510.01033
G1 Z27.905 X110.554 Y96.417 E510.035
G1 Z27.907 X110.766 Y97.115 E510.05969
G1 Z27.909 X110.931 Y97.826 E510.0844
G1 Z27.911 X111.05 Y98.545 E510.10907
G1 Z27.913 X111.122 Y99.271 E510.13376
G1 Z27.915 X111.138 Y99.774 E510.15079
G1 Z27.917 X111.121 Y100.731 E510.18319
G1 Z27.919 X111.05 Y101.455 E510.20781
G1 Z27.921 X110.931 Y102.174 E510.23248
G1 Z27.924 X110.766 Y102.885 E510.25719
G1 Z27.926 X110.554 Y103.583 E510.28188
G1 Z27.928 X110.297 Y104.265 E510.30655
G1 Z27.930 X109.996 Y104.93 E510.33126
G1 Z27.932 X109.652 Y105.573 E510.35594
G1 Z27.934 X109.267 Y106.192 E510.38061
G1 Z27.936 X108.842 Y106.785 E510.40531
G1 Z27.938 X108.38 Y107.349 E510.42999
G1 Z27.940 X107.881 Y107.881 E510.45468
G1 Z27.942 X107.349 Y108.38 E510.47937
G1 Z27.944 X106.785 Y108.842 E510.50405
G1 Z27.946 X106.192 Y109.267 E510.52875
G1 Z27.949 X105.573 Y109.652 E510.55342
G1 Z27.951 X104.93 Y109.996 E510.5781
G1 Z27.953 X104.265 Y110.297 E510.60281
G1 Z27.955 X103.583 Y110.554 E510.62748
G1 Z27.957 X102.885 Y110.766 E510.65217
G1 Z27.959 X102.174 Y110.931 E510.67688
G1 Z27.961 X101.455 Y111.05 E510.70155
G1 Z27.963 X100.729 Y111.122 E510.72624
G1 Z27.965 X100.226 Y111.138 E510.74327
G1 Z27.967 X99.269 Y111.121 E510.77567
G1 Z27.969 X98.545 Y111.05 E510.80029
G1 Z27.971 X97.826 Y110.931 E510.82496
G1 Z27.974 X97.115 Y110.766 E510.84967
G1 Z27.976 X96.417 Y110.554 E510.87436
G1 Z27.978 X95.735 Y110.297 E510.89903
G1 Z27.980 X95.07 Y109.996 E510.92374
G1 Z27.982 X94.427 Y109.652 E510.94842
G1 Z27.984 X93.808 Y109.267 E510.97309
G1 Z27.986 X93.215 Y108.842 E510.99779
G1 Z27.988 X92.651 Y108.38 E511.02247
G1 Z27.990 X92.119 Y107.881 E511.04716
G1 Z27.992 X91.62 Y107.349 E511.07185
G1 Z27.994 X91.158 Y106.785 E511.09653
G1 Z27.996 X90.733 Y106.192 E511.12123
G1 Z27.999 X90.348 Y105.573 E511.1459
G1 Z28.000 X90.104 Y105.118 E511.16338
;LAYER_CHANGE
;Z:28.2
;HEIGHT:0.200001
G1 Z28.000 F7800
G1 F826
G1 Z28.001 X90.172 Y104.847 E511.17036
G1 Z28.003 X89.877 Y104.195 E511.19458
G1 Z28.005 X89.561 Y103.318 E511.22613
G1 Z28.007 X89.415 Y102.836 E511.24318
G1 Z28.009 X89.252 Y102.138 E511.26744
G1 Z28.011 X89.136 Y101.43 E511.29172
G1 Z28.013 X89.065 Y100.717 E511.31597
G1 Z28.015 X89.042 Y100 E511.34025
G1 Z28.017 X89.065 Y99.283 E511.36453
G1 Z28.019 X89.136 Y98.57 E511.38878
G1 Z28.021 X89.252 Y97.862 E511.41306
G1 Z28.024 X89.415 Y97.164 E511.43732
G1 Z28.026 X89.623 Y96.478 E511.46158
G1 Z28.028 X89.876 Y95.806 E511.48589
G1 Z28.030 X90.172 Y95.153 E511.51016
G1 Z28.032 X90.51 Y94.521 E511.53442
G1 Z28.034 X90.889 Y93.912 E511.5587
G1 Z28.036 X91.306 Y93.329 E511.58296
G1 Z28.038 X91.761 Y92.775 E511.60723
G1 Z28.040 X92.251 Y92.251 E511.63151
G1 Z28.042 X92.775 Y91.761 E511.65579
G1 Z28.044 X93.329 Y91.306 E511.68006
G1 Z28.046 X93.912 Y90.889 E511.70432
G1 Z28.049 X94.521 Y90.51 E511.7286
G1 Z28.051 X95.153 Y90.172 E511.75286
G1 Z28.053 X95.805 Y89.877 E511.77708
G1 Z28.055 X96.682 Y89.561 E511.80863
G1 Z28.057 X97.164 Y89.415 E511.82568
G1 Z28.059 X97.862 Y89.252 E511.84994
G1 Z28.061 X98.57 Y89.136 E511.87422
G1 Z28.063 X99.282 Y89.065 E511.89844
G1 Z28.066 X100.214 Y89.049 E511.92999
G1 Z28.067 X100.717 Y89.065 E511.94702
G1 Z28.069 X101.43 Y89.136 E511.97127
G1 Z28.071 X102.138 Y89.252 E511.99555
G1 Z28.074 X102.836 Y89.415 E512.01981
G1 Z28.076 X103.522 Y89.623 E512.04407
G1 Z28.078 X104.194 Y89.876 E512.06838
G1 Z28.080 X104.847 Y90.172 E512.09265
G1 Z28.082 X105.479 Y90.51 E512.11691
G1 Z28.084 X106.088 Y90.889 E512.14119
G1 Z28.086 X106.671 Y91.306 E512.16545
G1 Z28.088 X107.225 Y91.761 E512.18972
G1 Z28.090 X107.749 Y92.251 E512.214
G1 Z28.092 X108.239 Y92.775 E512.23828
G1 Z28.094 X108.694 Y93.329 E512.26255
G1 Z28.096 X109.111 Y93.912 E512.28681
G1 Z28.099 X109.49 Y94.521 E512.31109
G1 Z28.101 X109.828 Y95.153 E512.33535
G1 Z28.103 X110.123 Y95.805 E512.35957
G1 Z28.105 X110.439 Y96.682 E512.39112
G1 Z28.107 X110.585 Y97.164 E512.40817
G1 Z28.109 X110.748 Y97.862 E512.43243
G1 Z28.111 X110.864 Y98.57 E512.45671
G1 Z28.113 X110.935 Y99.283 E512.48096
G1 Z28.115 X110.958 Y100 E512.50524
G1 Z28.117 X110.935 Y100.717 E512.52952
G1 Z28.119 X110.864 Y101.43 E512.55377
G1 Z28.121 X110.748 Y102.138 E512.57805
G1 Z28.124 X110.585 Y102.836 E512.60231
G1 Z28.126 X110.377 Y103.522 E512.62657
G1 Z28.128 X110.124 Y104.194 E512.65088
G1 Z28.130 X109.828 Y104.847 E512.67515
G1 Z28.132 X109.49 Y105.479 E512.69941
G1 Z28.134 X109.111 Y106.088 E512.72369
G1 Z28.136 X108.694 Y106.671 E512.74795
G1 Z28.138 X108.239 Y107.225 E512.77222
G1 Z28.140 X107.749 Y107.749 E512.7965
G1 Z28.142 X107.225 Y108.239 E512.82078
G1 Z28.144 X106.671 Y108.694 E512.84505
G1 Z28.146 X106.088 Y109.111 E512.86931
G1 Z28.149 X105.479 Y109.49 E512.89359
G1 Z28.151 X104.847 Y109.828 E512.91785
G1 Z28.153 X104.195 Y110.123 E512.94207
G1 Z28.155 X103.318 Y110.439 E512.97362
G1 Z28.157 X102.836 Y110.585 E512.99067
G1 Z28.159 X102.138 Y110.748 E513.01493
G1 Z28.161 X101.43 Y110.864 E513.03921
G1 Z28.163 X100.717 Y110.935 E513.06346
G1 Z28.165 X100 Y110.958 E513.08774
G1 Z28.167 X99.283 Y110.935 E513.11202
G1 Z28.169 X98.57 Y110.864 E513.13627
G1 Z28.171 X97.862 Y110.748 E513.16055
G1 Z28.174 X97.164 Y110.585 E513.18481
G1 Z28.176 X96.478 Y110.377 E513.20907
G1 Z28.178 X95.806 Y110.124 E513.23338
G1 Z28.180 X95.153 Y109.828 E513.25765
G1 Z28.182 X94.521 Y109.49 E513.28191
G1 Z28.184 X93.912 Y109.111 E513.30619
G1 Z28.186 X93.329 Y108.694 E513.33045
G1 Z28.188 X92.775 Y108.239 E513.35472
G1 Z28.190 X92.251 Y107.749 E513.379
G1 Z28.192 X91.761 Y107.225 E513.40328
G1 Z28.194 X91.306 Y106.671 E513.42755
G1 Z28.196 X90.889 Y106.088 E513.45181
G1 Z28.199 X90.51 Y105.479 E513.47609
G1 Z28.200 X90.269 Y105.029 E513.49337
;LAYER_CHANGE
;Z:28.4
;HEIGHT:0.199999
G1 Z28.200 F7800
G1 F812
G1 Z28.201 X90.337 Y104.765 E513.50017
G1 Z28.203 X90.047 Y104.123 E513.52402
G1 Z28.205 X89.798 Y103.463 E513.5479
G1 Z28.207 X89.594 Y102.788 E513.57177
G1 Z28.209 X89.433 Y102.102 E513.59562
G1 Z28.211 X89.319 Y101.406 E513.61949
G1 Z28.213 X89.25 Y100.705 E513.64333
G1 Z28.215 X89.229 Y100.073 E513.66473
G1 Z28.217 X89.25 Y99.295 E513.69107
G1 Z28.219 X89.319 Y98.594 E513.71491
G1 Z28.221 X89.433 Y97.898 E513.73878
G1 Z28.224 X89.594 Y97.212 E513.76263
G1 Z28.226 X89.798 Y96.537 E513.7865
G1 Z28.228 X90.047 Y95.877 E513.81038
G1 Z28.230 X90.337 Y95.235 E513.83423
G1 Z28.232 X90.67 Y94.613 E513.85811
G1 Z28.234 X91.042 Y94.015 E513.88195
G1 Z28.236 X91.453 Y93.441 E513.90585
G1 Z28.238 X91.9 Y92.897 E513.92968
G1 Z28.240 X92.382 Y92.382 E513.95356
G1 Z28.242 X92.897 Y91.9 E513.97744
G1 Z28.244 X93.441 Y91.453 E514.00127
G1 Z28.246 X94.015 Y91.042 E514.02517
G1 Z28.249 X94.613 Y90.67 E514.04901
G1 Z28.251 X95.235 Y90.337 E514.07289
G1 Z28.253 X95.877 Y90.047 E514.09674
G1 Z28.255 X96.537 Y89.798 E514.12062
G1 Z28.257 X97.212 Y89.594 E514.14449
G1 Z28.259 X97.898 Y89.433 E514.16834
G1 Z28.261 X98.594 Y89.319 E514.19221
G1 Z28.263 X99.295 Y89.25 E514.21605
G1 Z28.265 X100 Y89.226 E514.23993
G1 Z28.267 X100.632 Y89.247 E514.26133
G1 Z28.269 X101.407 Y89.319 E514.28768
G1 Z28.271 X102.102 Y89.433 E514.31152
G1 Z28.274 X102.788 Y89.594 E514.33537
G1 Z28.276 X103.463 Y89.798 E514.35924
G1 Z28.278 X104.123 Y90.047 E514.38312
G1 Z28.280 X104.765 Y90.337 E514.40697
G1 Z28.282 X105.387 Y90.67 E514.43085
G1 Z28.284 X105.985 Y91.042 E514.45469
G1 Z28.286 X106.559 Y91.453 E514.47859
G1 Z28.288 X107.103 Y91.9 E514.50242
G1 Z28.290 X107.618 Y92.382 E514.5263
G1 Z28.292 X108.1 Y92.897 E514.55018
G1 Z28.294 X108.547 Y93.441 E514.57401
G1 Z28.296 X108.958 Y94.015 E514.59791
G1 Z28.299 X109.33 Y94.613 E514.62175
G1 Z28.301 X109.663 Y95.235 E514.64563
G1 Z28.303 X109.953 Y95.877 E514.66948
G1 Z28.305 X110.202 Y96.537 E514.69336
G1 Z28.307 X110.406 Y97.212 E514.71723
G1 Z28.309 X110.567 Y97.898 E514.74108
G1 Z28.311 X110.681 Y98.594 E514.76495
G1 Z28.313 X110.75 Y99.295 E514.78879
G1 Z28.315 X110.771 Y99.927 E514.81019
G1 Z28.317 X110.75 Y100.705 E514.83653
G1 Z28.319 X110.681 Y101.406 E514.86037
G1 Z28.321 X110.567 Y102.102 E514.88424
G1 Z28.324 X110.406 Y102.788 E514.90809
G1 Z28.326 X110.202 Y103.463 E514.93196
G1 Z28.328 X109.953 Y104.123 E514.95584
G1 Z28.330 X109.663 Y104.765 E514.97969
G1 Z28.332 X109.33 Y105.387 E515.00357
G1 Z28.334 X108.958 Y105.985 E515.02741
G1 Z28.336 X108.547 Y106.559 E515.05131
G1 Z28.338 X108.1 Y107.103 E515.07514
G1 Z28.340 X107.618 Y107.618 E515.09902
G1 Z28.342 X107.103 Y108.1 E515.1229
G1 Z28.344 X106.559 Y108.547 E515.14673
G1 Z28.346 X105.985 Y108.958 E515.17063
G1 Z28.349 X105.387 Y109.33 E515.19447
G1 Z28.351 X104.765 Y109.663 E515.21835
G1 Z28.353 X104.123 Y109.953 E515.2422
G1 Z28.355 X103.463 Y110.202 E515.26608
G1 Z28.357 X102.788 Y110.406 E515.28995
G1 Z28.359 X102.102 Y110.567 E515.3138
G1 Z28.361 X101.406 Y110.681 E515.33767
G1 Z28.363 X100.705 Y110.75 E515.36151
G1 Z28.365 X100.073 Y110.771 E515.38291
G1 Z28.367 X99.295 Y110.75 E515.40925
G1 Z28.369 X98.594 Y110.681 E515.43309
G1 Z28.371 X97.898 Y110.567 E515.45696
G1 Z28.374 X97.212 Y110.406 E515.48081
G1 Z28.376 X96.537 Y110.202 E515.50468
G1 Z28.378 X95.877 Y109.953 E515.52856
G1 Z28.380 X95.235 Y109.663 E515.55241
G1 Z28.382 X94.613 Y109.33 E515.57629
G1 Z28.384 X94.015 Y108.958 E515.60013
G1 Z28.386 X93.441 Y108.547 E515.62403
G1 Z28.388 X92.897 Y108.1 E515.64786
G1 Z28.390 X92.382 Y107.618 E515.67174
G1 Z28.392 X91.9 Y107.103 E515.69562
G1 Z28.394 X91.453 Y106.559 E515.71945
G1 Z28.396 X91.042 Y105.985 E515.74335
G1 Z28.399 X90.67 Y105.387 E515.76719
G1 Z28.400 X90.432 Y104.942 E515.78427
;LAYER_CHANGE
;Z:28.6
;HEIGHT:0.200001
G1 Z28.400 F7800
G1 F799
G1 Z28.401 X90.498 Y104.686 E515.79087
G1 Z28.403 X90.212 Y104.054 E515.81435
G1 Z28.405 X89.968 Y103.405 E515.83782
G1 Z28.407 X89.767 Y102.742 E515.86127
G1 Z28.409 X89.609 Y102.067 E515.88474
G1 Z28.411 X89.496 Y101.383 E515.90821
G1 Z28.413 X89.428 Y100.693 E515.93168
G1 Z28.415 X89.406 Y100 E515.95515
G1 Z28.417 X89.428 Y99.307 E515.97862
G1 Z28.419 X89.496 Y98.617 E516.00209
G1 Z28.421 X89.609 Y97.933 E516.02556
G1 Z28.424 X89.767 Y97.258 E516.04903
G1 Z28.426 X89.968 Y96.595 E516.07248
G1 Z28.428 X90.212 Y95.946 E516.09595
G1 Z28.430 X90.498 Y95.314 E516.11943
G1 Z28.432 X90.825 Y94.703 E516.14289
G1 Z28.434 X91.191 Y94.114 E516.16636
G1 Z28.436 X91.595 Y93.551 E516.18982
G1 Z28.438 X92.035 Y93.015 E516.21329
G1 Z28.440 X92.509 Y92.509 E516.23676
G1 Z28.442 X93.015 Y92.035 E516.26023
G1 Z28.444 X93.551 Y91.595 E516.2837
G1 Z28.446 X94.114 Y91.191 E516.30716
G1 Z28.449 X94.703 Y90.825 E516.33063
G1 Z28.451 X95.314 Y90.498 E516.35409
G1 Z28.453 X95.946 Y90.212 E516.37757
G1 Z28.455 X96.595 Y89.968 E516.40104
G1 Z28.457 X97.258 Y89.767 E516.42449
G1 Z28.459 X97.933 Y89.609 E516.44796
G1 Z28.461 X98.617 Y89.496 E516.47143
G1 Z28.463 X99.307 Y89.428 E516.4949
G1 Z28.465 X100 Y89.406 E516.51837
G1 Z28.466 X100.342 Y89.417 E516.52995
G1 Z28.467 X100.693 Y89.428 E516.54184
G1 Z28.469 X101.383 Y89.496 E516.56531
G1 Z28.471 X102.067 Y89.609 E516.58878
G1 Z28.474 X102.742 Y89.767 E516.61225
G1 Z28.476 X103.405 Y89.968 E516.6357
G1 Z28.478 X104.054 Y90.212 E516.65917
G1 Z28.480 X104.686 Y90.498 E516.68265
G1 Z28.482 X105.297 Y90.825 E516.70611
G1 Z28.484 X105.886 Y91.191 E516.72958
G1 Z28.486 X106.449 Y91.595 E516.75304
G1 Z28.488 X106.985 Y92.035 E516.77651
G1 Z28.490 X107.491 Y92.509 E516.79998
G1 Z28.492 X107.965 Y93.015 E516.82345
G1 Z28.494 X108.405 Y93.551 E516.84692
G1 Z28.496 X108.809 Y94.114 E516.87038
G1 Z28.499 X109.175 Y94.703 E516.89385
G1 Z28.501 X109.502 Y95.314 E516.91731
G1 Z28.503 X109.788 Y95.946 E516.94079
G1 Z28.505 X110.032 Y96.595 E516.96426
G1 Z28.507 X110.233 Y97.258 E516.98771
G1 Z28.509 X110.391 Y97.933 E517.01118
G1 Z28.511 X110.504 Y98.617 E517.03465
G1 Z28.513 X110.572 Y99.307 E517.05812
G1 Z28.515 X110.594 Y100 E517.08159
G1 Z28.517 X110.572 Y100.693 E517.10506
G1 Z28.519 X110.504 Y101.383 E517.12853
G1 Z28.521 X110.391 Y102.067 E517.152
G1 Z28.524 X110.233 Y102.742 E517.17547
G1 Z28.526 X110.032 Y103.405 E517.19892
G1 Z28.528 X109.788 Y104.054 E517.22239
G1 Z28.530 X109.502 Y104.686 E517.24587
G1 Z28.532 X109.175 Y105.297 E517.26933
G1 Z28.534 X108.809 Y105.886 E517.2928
G1 Z28.536 X108.405 Y106.449 E517.31626
G1 Z28.538 X107.965 Y106.985 E517.33973
G1 Z28.540 X107.491 Y107.491 E517.3632
G1 Z28.542 X106.985 Y107.965 E517.38667
G1 Z28.544 X106.449 Y108.405 E517.41014
G1 Z28.546 X105.886 Y108.809 E517.4336
G1 Z28.549 X105.297 Y109.175 E517.45707
G1 Z28.551 X104.686 Y109.502 E517.48053
G1 Z28.553 X104.054 Y109.788 E517.50401
G1 Z28.555 X103.405 Y110.032 E517.52748
G1 Z28.557 X102.742 Y110.233 E517.55093
G1 Z28.559 X102.067 Y110.391 E517.5744
G1 Z28.561 X101.383 Y110.504 E517.59787
G1 Z28.563 X100.693 Y110.572 E517.62134
G1 Z28.565 X100 Y110.594 E517.64481
G1 Z28.567 X99.307 Y110.572 E517.66828
G1 Z28.569 X98.617 Y110.504 E517.69175
G1 Z28.571 X97.933 Y110.391 E517.71522
G1 Z28.574 X97.258 Y110.233 E517.73869
G1 Z28.576 X96.595 Y110.032 E517.76214
G1 Z28.578 X95.946 Y109.788 E517.78561
G1 Z28.580 X95.314 Y109.502 E517.80909
G1 Z28.582 X94.703 Y109.175 E517.83255
G1 Z28.584 X94.114 Y108.809 E517.85602
G1 Z28.586 X93.551 Y108.405 E517.87948
G1 Z28.588 X93.015 Y107.965 E517.90295
G1 Z28.590 X92.509 Y107.491 E517.92642
G1 Z28.592 X92.035 Y106.985 E517.94989
G1 Z28.594 X91.595 Y106.449 E517.97336
G1 Z28.596 X91.191 Y105.886 E517.99682
G1 Z28.599 X90.825 Y105.297 E518.02029
G1 Z28.600 X90.59 Y104.858 E518.03714
;LAYER_CHANGE
;Z:28.8
;HEIGHT:0.199999
G1 Z28.600 F7800
G1 F785
G1 Z28.601 X90.657 Y104.607 E518.04355
G1 Z28.603 X90.376 Y103.987 E518.06659
G1 Z28.605 X90.136 Y103.349 E518.08966
G1 Z28.607 X89.938 Y102.696 E518.11276
G1 Z28.609 X89.783 Y102.032 E518.13584
G1 Z28.611 X89.672 Y101.36 E518.15889
G1 Z28.613 X89.605 Y100.681 E518.18198
G1 Z28.615 X89.583 Y100 E518.20504
G1 Z28.617 X89.605 Y99.319 E518.2281
G1 Z28.619 X89.672 Y98.64 E518.25119
G1 Z28.621 X89.783 Y97.968 E518.27424
G1 Z28.623 X89.938 Y97.304 E518.29732
G1 Z28.626 X90.136 Y96.651 E518.32042
G1 Z28.628 X90.376 Y96.013 E518.34349
G1 Z28.630 X90.657 Y95.393 E518.36653
G1 Z28.632 X90.978 Y94.791 E518.38962
G1 Z28.634 X91.338 Y94.212 E518.4127
G1 Z28.636 X91.735 Y93.658 E518.43577
G1 Z28.638 X92.168 Y93.131 E518.45886
G1 Z28.640 X92.634 Y92.634 E518.48192
G1 Z28.642 X93.131 Y92.168 E518.50498
G1 Z28.644 X93.658 Y91.735 E518.52807
G1 Z28.646 X94.212 Y91.338 E518.55114
G1 Z28.648 X94.791 Y90.978 E518.57422
G1 Z28.651 X95.393 Y90.657 E518.59731
G1 Z28.653 X96.013 Y90.376 E518.62035
G1 Z28.655 X96.651 Y90.136 E518.64342
G1 Z28.657 X97.304 Y89.938 E518.66652
G1 Z28.659 X97.968 Y89.783 E518.6896
G1 Z28.661 X98.64 Y89.672 E518.71265
G1 Z28.663 X99.318 Y89.605 E518.73571
G1 Z28.665 X100.067 Y89.585 E518.76107
G1 Z28.667 X100.681 Y89.605 E518.78186
G1 Z28.669 X101.36 Y89.672 E518.80495
G1 Z28.671 X102.032 Y89.783 E518.828
G1 Z28.673 X102.696 Y89.938 E518.85108
G1 Z28.676 X103.349 Y90.136 E518.87418
G1 Z28.678 X103.987 Y90.376 E518.89725
G1 Z28.680 X104.607 Y90.657 E518.92029
G1 Z28.682 X105.209 Y90.978 E518.94338
G1 Z28.684 X105.788 Y91.338 E518.96646
G1 Z28.686 X106.342 Y91.735 E518.98953
G1 Z28.688 X106.869 Y92.168 E519.01262
G1 Z28.690 X107.366 Y92.634 E519.03568
G1 Z28.692 X107.832 Y93.131 E519.05874
G1 Z28.694 X108.265 Y93.658 E519.08183
G1 Z28.696 X108.662 Y94.212 E519.1049
G1 Z28.698 X109.022 Y94.791 E519.12798
G1 Z28.701 X109.343 Y95.393 E519.15107
G1 Z28.703 X109.624 Y96.013 E519.17411
G1 Z28.705 X109.864 Y96.651 E519.19718
G1 Z28.707 X110.062 Y97.304 E519.22028
G1 Z28.709 X110.217 Y97.968 E519.24336
G1 Z28.711 X110.328 Y98.64 E519.26641
G1 Z28.713 X110.395 Y99.319 E519.2895
G1 Z28.715 X110.417 Y100 E519.31256
G1 Z28.717 X110.395 Y100.681 E519.33562
G1 Z28.719 X110.328 Y101.36 E519.35871
G1 Z28.721 X110.217 Y102.032 E519.38176
G1 Z28.723 X110.062 Y102.696 E519.40484
G1 Z28.726 X109.864 Y103.349 E519.42794
G1 Z28.728 X109.624 Y103.987 E519.45101
G1 Z28.730 X109.343 Y104.607 E519.47405
G1 Z28.732 X109.022 Y105.209 E519.49714
G1 Z28.734 X108.662 Y105.788 E519.52022
G1 Z28.736 X108.265 Y106.342 E519.54329
G1 Z28.738 X107.832 Y106.869 E519.56638
G1 Z28.740 X107.366 Y107.366 E519.58944
G1 Z28.742 X106.869 Y107.832 E519.6125
G1 Z28.744 X106.342 Y108.265 E519.63559
G1 Z28.746 X105.788 Y108.662 E519.65866
G1 Z28.748 X105.209 Y109.022 E519.68174
G1 Z28.751 X104.607 Y109.343 E519.70483
G1 Z28.753 X103.987 Y109.624 E519.72787
G1 Z28.755 X103.349 Y109.864 E519.75094
G1 Z28.757 X102.696 Y110.062 E519.77404
G1 Z28.759 X102.032 Y110.217 E519.79712
G1 Z28.761 X101.36 Y110.328 E519.82017
G1 Z28.763 X100.681 Y110.395 E519.84326
G1 Z28.765 X100 Y110.417 E519.86632
G1 Z28.767 X99.319 Y110.395 E519.88938
G1 Z28.769 X98.64 Y110.328 E519.91247
G1 Z28.771 X97.968 Y110.217 E519.93552
G1 Z28.773 X97.304 Y110.062 E519.9586
G1 Z28.776 X96.651 Y109.864 E519.9817
G1 Z28.778 X96.013 Y109.624 E520.00477
G1 Z28.780 X95.393 Y109.343 E520.02781
G1 Z28.782 X94.791 Y109.022 E520.0509
G1 Z28.784 X94.212 Y108.662 E520.07398
G1 Z28.786 X93.658 Y108.265 E520.09705
G1 Z28.788 X93.131 Y107.832 E520.12014
G1 Z28.790 X92.634 Y107.366 E520.1432
G1 Z28.792 X92.168 Y106.869 E520.16626
G1 Z28.794 X91.735 Y106.342 E520.18935
G1 Z28.796 X91.338 Y105.788 E520.21242
G1 Z28.798 X90.978 Y105.209 E520.2355
G1 Z28.800 X90.746 Y104.774 E520.25219
;LAYER_CHANGE
;Z:29
;HEIGHT:0.200001
G1 Z28.800 F7800
G1 F772
G1 Z28.801 X90.81 Y104.532 E520.2584
G1 Z28.803 X90.533 Y103.921 E520.28111
G1 Z28.805 X90.297 Y103.294 E520.30379
G1 Z28.807 X90.102 Y102.652 E520.3265
G1 Z28.809 X89.95 Y101.999 E520.34919
G1 Z28.811 X89.841 Y101.337 E520.3719
G1 Z28.813 X89.775 Y100.67 E520.39459
G1 Z28.815 X89.76 Y100.208 E520.41024
G1 Z28.817 X89.775 Y99.328 E520.44003
G1 Z28.819 X89.841 Y98.663 E520.46265
G1 Z28.821 X89.916 Y98.206 E520.47833
G1 Z28.823 X90.103 Y97.346 E520.50812
G1 Z28.826 X90.297 Y96.706 E520.53076
G1 Z28.828 X90.533 Y96.079 E520.55344
G1 Z28.830 X90.81 Y95.468 E520.57615
G1 Z28.832 X91.126 Y94.877 E520.59883
G1 Z28.834 X91.48 Y94.307 E520.62154
G1 Z28.836 X91.871 Y93.762 E520.64424
G1 Z28.838 X92.296 Y93.244 E520.66692
G1 Z28.840 X92.754 Y92.754 E520.68962
G1 Z28.842 X93.244 Y92.296 E520.71232
G1 Z28.844 X93.762 Y91.871 E520.735
G1 Z28.846 X94.307 Y91.48 E520.7577
G1 Z28.848 X94.877 Y91.126 E520.78041
G1 Z28.851 X95.468 Y90.81 E520.80309
G1 Z28.853 X96.079 Y90.533 E520.8258
G1 Z28.855 X96.706 Y90.297 E520.84848
G1 Z28.857 X97.348 Y90.102 E520.87119
G1 Z28.859 X98.001 Y89.95 E520.89388
G1 Z28.861 X98.663 Y89.841 E520.91659
G1 Z28.863 X99.33 Y89.775 E520.93928
G1 Z28.865 X100 Y89.753 E520.96197
G1 Z28.867 X100.463 Y89.768 E520.97765
G1 Z28.869 X101.339 Y89.841 E521.0074
G1 Z28.871 X101.999 Y89.95 E521.03004
G1 Z28.873 X102.652 Y90.102 E521.05273
G1 Z28.876 X103.294 Y90.297 E521.07544
G1 Z28.878 X103.921 Y90.533 E521.09812
G1 Z28.880 X104.532 Y90.81 E521.12083
G1 Z28.882 X105.123 Y91.126 E521.14351
G1 Z28.884 X105.693 Y91.48 E521.16622
G1 Z28.886 X106.238 Y91.871 E521.18892
G1 Z28.888 X106.756 Y92.296 E521.2116
G1 Z28.890 X107.246 Y92.754 E521.2343
G1 Z28.892 X107.704 Y93.244 E521.257
G1 Z28.894 X108.129 Y93.762 E521.27968
G1 Z28.896 X108.52 Y94.307 E521.30238
G1 Z28.898 X108.874 Y94.877 E521.32509
G1 Z28.901 X109.19 Y95.468 E521.34777
G1 Z28.903 X109.467 Y96.079 E521.37048
G1 Z28.905 X109.703 Y96.706 E521.39316
G1 Z28.907 X109.898 Y97.348 E521.41587
G1 Z28.909 X110.05 Y98.001 E521.43856
G1 Z28.911 X110.159 Y98.663 E521.46127
G1 Z28.913 X110.225 Y99.33 E521.48396
G1 Z28.915 X110.24 Y99.792 E521.49961
G1 Z28.917 X110.225 Y100.672 E521.5294
G1 Z28.919 X110.159 Y101.337 E521.55202
G1 Z28.921 X110.084 Y101.794 E521.5677
G1 Z28.923 X109.897 Y102.654 E521.59749
G1 Z28.926 X109.703 Y103.294 E521.62013
G1 Z28.928 X109.467 Y103.921 E521.64281
G1 Z28.930 X109.19 Y104.532 E521.66552
G1 Z28.932 X108.874 Y105.123 E521.6882
G1 Z28.934 X108.52 Y105.693 E521.71091
G1 Z28.936 X108.129 Y106.238 E521.73361
G1 Z28.938 X107.704 Y106.756 E521.75629
G1 Z28.940 X107.246 Y107.246 E521.77899
G1 Z28.942 X106.756 Y107.704 E521.80169
G1 Z28.944 X106.238 Y108.129 E521.82437
G1 Z28.946 X105.693 Y108.52 E521.84707
G1 Z28.948 X105.123 Y108.874 E521.86978
G1 Z28.951 X104.532 Y109.19 E521.89246
G1 Z28.953 X103.921 Y109.467 E521.91517
G1 Z28.955 X103.294 Y109.703 E521.93785
G1 Z28.957 X102.652 Y109.898 E521.96056
G1 Z28.959 X101.999 Y110.05 E521.98325
G1 Z28.961 X101.337 Y110.159 E522.00596
G1 Z28.963 X100.67 Y110.225 E522.02865
G1 Z28.965 X100.208 Y110.24 E522.0443
G1 Z28.967 X99.328 Y110.225 E522.07409
G1 Z28.969 X98.663 Y110.159 E522.09671
G1 Z28.971 X98.206 Y110.084 E522.11239
G1 Z28.973 X97.346 Y109.897 E522.14218
G1 Z28.976 X96.706 Y109.703 E522.16482
G1 Z28.978 X96.079 Y109.467 E522.1875
G1 Z28.980 X95.468 Y109.19 E522.21021
G1 Z28.982 X94.877 Y108.874 E522.23289
G1 Z28.984 X94.307 Y108.52 E522.2556
G1 Z28.986 X93.762 Y108.129 E522.2783
G1 Z28.988 X93.244 Y107.704 E522.30098
G1 Z28.990 X92.754 Y107.246 E522.32368
G1 Z28.992 X92.296 Y106.756 E522.34638
G1 Z28.994 X91.871 Y106.238 E522.36906
G1 Z28.996 X91.48 Y105.693 E522.39176
G1 Z28.998 X91.126 Y105.123 E522.41447
G1 Z29.000 X90.896 Y104.694 E522.43095
;LAYER_CHANGE
;Z:29.2
;HEIGHT:0.200001
G1 Z29.000 F7800
G1 F760
G1 Z29.001 X90.959 Y104.459 E522.43698
G1 Z29.003 X90.686 Y103.858 E522.45932
G1 Z29.005 X90.454 Y103.24 E522.48166
G1 Z29.007 X90.262 Y102.609 E522.50399
G1 Z29.009 X90.113 Y101.967 E522.5263
G1 Z29.011 X90.005 Y101.316 E522.54864
G1 Z29.013 X89.94 Y100.659 E522.57099
G1 Z29.015 X89.919 Y100.002 E522.59324
G1 Z29.018 X89.96 Y99.145 E522.62228
G1 Z29.019 X90.005 Y98.684 E522.63796
G1 Z29.021 X90.113 Y98.033 E522.6603
G1 Z29.023 X90.262 Y97.391 E522.68261
G1 Z29.026 X90.454 Y96.76 E522.70494
G1 Z29.028 X90.686 Y96.142 E522.72728
G1 Z29.030 X90.959 Y95.541 E522.74962
G1 Z29.032 X91.27 Y94.959 E522.77196
G1 Z29.034 X91.617 Y94.401 E522.7942
G1 Z29.037 X92.127 Y93.711 E522.82324
G1 Z29.038 X92.421 Y93.353 E522.83892
G1 Z29.040 X92.872 Y92.872 E522.86124
G1 Z29.042 X93.353 Y92.421 E522.88356
G1 Z29.044 X93.863 Y92.002 E522.9059
G1 Z29.046 X94.398 Y91.619 E522.92817
G1 Z29.049 X95.133 Y91.177 E522.9572
G1 Z29.051 X95.541 Y90.959 E522.97286
G1 Z29.053 X96.142 Y90.686 E522.9952
G1 Z29.055 X96.76 Y90.454 E523.01754
G1 Z29.057 X97.391 Y90.262 E523.03987
G1 Z29.059 X98.033 Y90.113 E523.06218
G1 Z29.061 X98.684 Y90.005 E523.08452
G1 Z29.063 X99.339 Y89.941 E523.1068
G1 Z29.066 X100.197 Y89.925 E523.13585
G1 Z29.067 X100.659 Y89.94 E523.1515
G1 Z29.069 X101.316 Y90.005 E523.17385
G1 Z29.071 X101.967 Y90.113 E523.19619
G1 Z29.073 X102.609 Y90.262 E523.2185
G1 Z29.076 X103.24 Y90.454 E523.24083
G1 Z29.078 X103.858 Y90.686 E523.26317
G1 Z29.080 X104.459 Y90.959 E523.28551
G1 Z29.082 X105.041 Y91.27 E523.30785
G1 Z29.084 X105.599 Y91.617 E523.33009
G1 Z29.087 X106.289 Y92.127 E523.35913
G1 Z29.088 X106.647 Y92.421 E523.37481
G1 Z29.090 X107.128 Y92.872 E523.39713
G1 Z29.092 X107.579 Y93.353 E523.41945
G1 Z29.094 X107.998 Y93.863 E523.44179
G1 Z29.096 X108.381 Y94.398 E523.46406
G1 Z29.099 X108.823 Y95.133 E523.49309
G1 Z29.101 X109.041 Y95.541 E523.50875
G1 Z29.103 X109.314 Y96.142 E523.53109
G1 Z29.105 X109.546 Y96.76 E523.55343
G1 Z29.107 X109.738 Y97.391 E523.57576
G1 Z29.109 X109.887 Y98.033 E523.59807
G1 Z29.111 X109.995 Y98.684 E523.62041
G1 Z29.113 X110.06 Y99.341 E523.64276
G1 Z29.115 X110.081 Y99.998 E523.66501
G1 Z29.118 X110.04 Y100.855 E523.69405
G1 Z29.119 X109.995 Y101.316 E523.70973
G1 Z29.121 X109.887 Y101.967 E523.73207
G1 Z29.123 X109.738 Y102.609 E523.75438
G1 Z29.126 X109.546 Y103.24 E523.77671
G1 Z29.128 X109.314 Y103.858 E523.79905
G1 Z29.130 X109.041 Y104.459 E523.82139
G1 Z29.132 X108.73 Y105.041 E523.84373
G1 Z29.134 X108.383 Y105.599 E523.86597
G1 Z29.137 X107.873 Y106.289 E523.89501
G1 Z29.138 X107.579 Y106.647 E523.91069
G1 Z29.140 X107.128 Y107.128 E523.93301
G1 Z29.142 X106.647 Y107.579 E523.95533
G1 Z29.144 X106.137 Y107.998 E523.97767
G1 Z29.146 X105.602 Y108.381 E523.99994
G1 Z29.149 X104.867 Y108.823 E524.02897
G1 Z29.151 X104.459 Y109.041 E524.04463
G1 Z29.153 X103.858 Y109.314 E524.06697
G1 Z29.155 X103.24 Y109.546 E524.08931
G1 Z29.157 X102.609 Y109.738 E524.11164
G1 Z29.159 X101.967 Y109.887 E524.13395
G1 Z29.161 X101.316 Y109.995 E524.15629
G1 Z29.163 X100.659 Y110.06 E524.17864
G1 Z29.165 X100.002 Y110.081 E524.20089
G1 Z29.168 X99.145 Y110.04 E524.22993
G1 Z29.169 X98.684 Y109.995 E524.24561
G1 Z29.171 X98.033 Y109.887 E524.26795
G1 Z29.173 X97.391 Y109.738 E524.29026
G1 Z29.176 X96.76 Y109.546 E524.31259
G1 Z29.178 X96.142 Y109.314 E524.33493
G1 Z29.180 X95.541 Y109.041 E524.35727
G1 Z29.182 X94.959 Y108.73 E524.37961
G1 Z29.184 X94.401 Y108.383 E524.40185
G1 Z29.187 X93.711 Y107.873 E524.43089
G1 Z29.188 X93.353 Y107.579 E524.44657
G1 Z29.190 X92.872 Y107.128 E524.46889
G1 Z29.192 X92.421 Y106.647 E524.49121
G1 Z29.194 X92.002 Y106.137 E524.51355
G1 Z29.196 X91.619 Y105.602 E524.53582
G1 Z29.199 X91.177 Y104.867 E524.56485
G1 Z29.200 X91.043 Y104.616 E524.57448
;LAYER_CHANGE
;Z:29.4
;HEIGHT:0.199999
G1 Z29.200 F7800
G1 F748
G1 Z29.201 X91.103 Y104.387 E524.58036
G1 Z29.203 X90.835 Y103.796 E524.60233
G1 Z29.205 X90.607 Y103.189 E524.62428
G1 Z29.207 X90.418 Y102.567 E524.64628
G1 Z29.209 X90.271 Y101.935 E524.66824
G1 Z29.211 X90.165 Y101.295 E524.6902
G1 Z29.213 X90.101 Y100.649 E524.71217
G1 Z29.215 X90.082 Y100.067 E524.73188
G1 Z29.217 X90.101 Y99.351 E524.75612
G1 Z29.219 X90.165 Y98.705 E524.77809
G1 Z29.221 X90.271 Y98.065 E524.80005
G1 Z29.223 X90.418 Y97.433 E524.82201
G1 Z29.226 X90.607 Y96.811 E524.84401
G1 Z29.228 X90.835 Y96.204 E524.86596
G1 Z29.230 X91.103 Y95.613 E524.88793
G1 Z29.232 X91.409 Y95.04 E524.90992
G1 Z29.234 X91.752 Y94.489 E524.93189
G1 Z29.236 X92.13 Y93.961 E524.95387
G1 Z29.238 X92.542 Y93.459 E524.97585
G1 Z29.240 X92.986 Y92.986 E524.99781
G1 Z29.242 X93.459 Y92.542 E525.01977
G1 Z29.244 X93.961 Y92.13 E525.04175
G1 Z29.246 X94.489 Y91.752 E525.06373
G1 Z29.248 X95.04 Y91.409 E525.0857
G1 Z29.251 X95.613 Y91.103 E525.10769
G1 Z29.253 X96.204 Y90.835 E525.12966
G1 Z29.255 X96.811 Y90.607 E525.15161
G1 Z29.257 X97.433 Y90.418 E525.17361
G1 Z29.259 X98.065 Y90.271 E525.19557
G1 Z29.261 X98.705 Y90.165 E525.21753
G1 Z29.263 X99.351 Y90.101 E525.2395
G1 Z29.265 X100 Y90.08 E525.26148
G1 Z29.267 X100.582 Y90.099 E525.28119
G1 Z29.269 X101.295 Y90.165 E525.30543
G1 Z29.271 X101.935 Y90.271 E525.32739
G1 Z29.273 X102.567 Y90.418 E525.34935
G1 Z29.276 X103.189 Y90.607 E525.37135
G1 Z29.278 X103.796 Y90.835 E525.3933
G1 Z29.280 X104.387 Y91.103 E525.41527
G1 Z29.282 X104.96 Y91.409 E525.43726
G1 Z29.284 X105.511 Y91.752 E525.45923
G1 Z29.286 X106.039 Y92.13 E525.48121
G1 Z29.288 X106.541 Y92.542 E525.50319
G1 Z29.290 X107.014 Y92.986 E525.52515
G1 Z29.292 X107.458 Y93.459 E525.54711
G1 Z29.294 X107.87 Y93.961 E525.56909
G1 Z29.296 X108.248 Y94.489 E525.59107
G1 Z29.298 X108.591 Y95.04 E525.61304
G1 Z29.301 X108.897 Y95.613 E525.63503
G1 Z29.303 X109.165 Y96.204 E525.657
G1 Z29.305 X109.393 Y96.811 E525.67895
G1 Z29.307 X109.582 Y97.433 E525.70095
G1 Z29.309 X109.729 Y98.065 E525.72291
G1 Z29.311 X109.835 Y98.705 E525.74487
G1 Z29.313 X109.899 Y99.351 E525.76684
G1 Z29.315 X109.918 Y99.933 E525.78655
G1 Z29.317 X109.899 Y100.649 E525.81079
G1 Z29.319 X109.835 Y101.295 E525.83276
G1 Z29.321 X109.729 Y101.935 E525.85472
G1 Z29.323 X109.582 Y102.567 E525.87668
G1 Z29.326 X109.393 Y103.189 E525.89868
G1 Z29.328 X109.165 Y103.796 E525.92063
G1 Z29.330 X108.897 Y104.387 E525.9426
G1 Z29.332 X108.591 Y104.96 E525.96459
G1 Z29.334 X108.248 Y105.511 E525.98656
G1 Z29.336 X107.87 Y106.039 E526.00854
G1 Z29.338 X107.458 Y106.541 E526.03052
G1 Z29.340 X107.014 Y107.014 E526.05248
G1 Z29.342 X106.541 Y107.458 E526.07444
G1 Z29.344 X106.039 Y107.87 E526.09642
G1 Z29.346 X105.511 Y108.248 E526.1184
G1 Z29.348 X104.96 Y108.591 E526.14037
G1 Z29.351 X104.387 Y108.897 E526.16236
G1 Z29.353 X103.796 Y109.165 E526.18433
G1 Z29.355 X103.189 Y109.393 E526.20628
G1 Z29.357 X102.567 Y109.582 E526.22828
G1 Z29.359 X101.935 Y109.729 E526.25024
G1 Z29.361 X101.295 Y109.835 E526.2722
G1 Z29.363 X100.649 Y109.899 E526.29417
G1 Z29.365 X100.067 Y109.918 E526.31388
G1 Z29.367 X99.351 Y109.899 E526.33812
G1 Z29.369 X98.705 Y109.835 E526.36009
G1 Z29.371 X98.065 Y109.729 E526.38205
G1 Z29.373 X97.433 Y109.582 E526.40401
G1 Z29.376 X96.811 Y109.393 E526.42601
G1 Z29.378 X96.204 Y109.165 E526.44796
G1 Z29.380 X95.613 Y108.897 E526.46993
G1 Z29.382 X95.04 Y108.591 E526.49192
G1 Z29.384 X94.489 Y108.248 E526.51389
G1 Z29.386 X93.961 Y107.87 E526.53587
G1 Z29.388 X93.459 Y107.458 E526.55785
G1 Z29.390 X92.986 Y107.014 E526.57981
G1 Z29.392 X92.542 Y106.541 E526.60177
G1 Z29.394 X92.13 Y106.039 E526.62375
G1 Z29.396 X91.752 Y105.511 E526.64573
G1 Z29.398 X91.409 Y104.96 E526.6677
G1 Z29.400 X91.185 Y104.54 E526.68381
;LAYER_CHANGE
;Z:29.6
;HEIGHT:0.200001
G1 Z29.400 F7800
G1 F736
G1 Z29.401 X91.24 Y104.32 E526.68949
G1 Z29.403 X90.976 Y103.738 E526.71112
G1 Z29.405 X90.751 Y103.14 E526.73275
G1 Z29.407 X90.565 Y102.528 E526.7544
G1 Z29.409 X90.42 Y101.906 E526.77602
G1 Z29.411 X90.316 Y101.275 E526.79767
G1 Z29.413 X90.254 Y100.639 E526.8193
G1 Z29.415 X90.233 Y100 E526.84094
G1 Z29.417 X90.254 Y99.361 E526.86258
G1 Z29.419 X90.316 Y98.725 E526.88421
G1 Z29.421 X90.42 Y98.094 E526.90586
G1 Z29.423 X90.565 Y97.472 E526.92748
G1 Z29.426 X90.751 Y96.86 E526.94913
G1 Z29.428 X90.976 Y96.262 E526.97076
G1 Z29.430 X91.24 Y95.68 E526.99239
G1 Z29.432 X91.541 Y95.116 E527.01403
G1 Z29.434 X91.879 Y94.574 E527.03565
G1 Z29.436 X92.251 Y94.054 E527.05729
G1 Z29.438 X92.656 Y93.56 E527.07891
G1 Z29.440 X93.093 Y93.093 E527.10056
G1 Z29.442 X93.56 Y92.656 E527.12221
G1 Z29.444 X94.054 Y92.251 E527.14383
G1 Z29.446 X94.574 Y91.879 E527.16547
G1 Z29.448 X95.116 Y91.541 E527.18709
G1 Z29.451 X95.68 Y91.24 E527.20873
G1 Z29.453 X96.262 Y90.976 E527.23036
G1 Z29.455 X96.86 Y90.751 E527.25199
G1 Z29.457 X97.472 Y90.565 E527.27364
G1 Z29.459 X98.094 Y90.42 E527.29526
G1 Z29.461 X98.725 Y90.316 E527.31691
G1 Z29.463 X99.361 Y90.254 E527.33854
G1 Z29.465 X100 Y90.233 E527.36018
G1 Z29.466 X100.315 Y90.243 E527.37085
G1 Z29.467 X100.639 Y90.254 E527.38182
G1 Z29.469 X101.275 Y90.316 E527.40345
G1 Z29.471 X101.906 Y90.42 E527.4251
G1 Z29.473 X102.528 Y90.565 E527.44672
G1 Z29.476 X103.14 Y90.751 E527.46837
G1 Z29.478 X103.738 Y90.976 E527.49
G1 Z29.480 X104.32 Y91.24 E527.51163
G1 Z29.482 X104.884 Y91.541 E527.53327
G1 Z29.484 X105.426 Y91.879 E527.55489
G1 Z29.486 X105.946 Y92.251 E527.57653
G1 Z29.488 X106.44 Y92.656 E527.59815
G1 Z29.490 X106.907 Y93.093 E527.6198
G1 Z29.492 X107.344 Y93.56 E527.64145
G1 Z29.494 X107.749 Y94.054 E527.66307
G1 Z29.496 X108.121 Y94.574 E527.68471
G1 Z29.498 X108.459 Y95.116 E527.70633
G1 Z29.501 X108.76 Y95.68 E527.72797
G1 Z29.503 X109.024 Y96.262 E527.7496
G1 Z29.505 X109.249 Y96.86 E527.77123
G1 Z29.506 X109.341 Y97.162 E527.78192
G1 Z29.507 X109.435 Y97.472 E527.79288
G1 Z29.509 X109.58 Y98.094 E527.8145
G1 Z29.511 X109.684 Y98.725 E527.83615
G1 Z29.513 X109.746 Y99.361 E527.85778
G1 Z29.515 X109.767 Y100 E527.87942
G1 Z29.517 X109.746 Y100.639 E527.90106
G1 Z29.519 X109.684 Y101.275 E527.92269
G1 Z29.521 X109.58 Y101.906 E527.94434
G1 Z29.523 X109.435 Y102.528 E527.96596
G1 Z29.526 X109.249 Y103.14 E527.98761
G1 Z29.528 X109.024 Y103.738 E528.00924
G1 Z29.530 X108.76 Y104.32 E528.03087
G1 Z29.532 X108.459 Y104.884 E528.05251
G1 Z29.534 X108.121 Y105.426 E528.07413
G1 Z29.536 X107.749 Y105.946 E528.09577
G1 Z29.537 X107.549 Y106.19 E528.10645
G1 Z29.538 X107.344 Y106.44 E528.11739
G1 Z29.540 X106.907 Y106.907 E528.13904
G1 Z29.542 X106.44 Y107.344 E528.16069
G1 Z29.544 X105.946 Y107.749 E528.18231
G1 Z29.546 X105.426 Y108.121 E528.20395
G1 Z29.548 X104.884 Y108.459 E528.22557
G1 Z29.551 X104.32 Y108.76 E528.24721
G1 Z29.553 X103.738 Y109.024 E528.26884
G1 Z29.555 X103.14 Y109.249 E528.29047
G1 Z29.556 X102.838 Y109.341 E528.30116
G1 Z29.557 X102.528 Y109.435 E528.31212
G1 Z29.559 X101.906 Y109.58 E528.33374
G1 Z29.561 X101.275 Y109.684 E528.35539
G1 Z29.563 X100.639 Y109.746 E528.37702
G1 Z29.565 X100 Y109.767 E528.39866
G1 Z29.567 X99.361 Y109.746 E528.4203
G1 Z29.569 X98.725 Y109.684 E528.44193
G1 Z29.571 X98.094 Y109.58 E528.46358
G1 Z29.573 X97.472 Y109.435 E528.4852
G1 Z29.576 X96.86 Y109.249 E528.50685
G1 Z29.578 X96.262 Y109.024 E528.52848
G1 Z29.580 X95.68 Y108.76 E528.55011
G1 Z29.582 X95.116 Y108.459 E528.57175
G1 Z29.584 X94.574 Y108.121 E528.59337
G1 Z29.586 X94.054 Y107.749 E528.61501
G1 Z29.588 X93.56 Y107.344 E528.63663
G1 Z29.590 X93.093 Y106.907 E528.65828
G1 Z29.592 X92.656 Y106.44 E528.67993
G1 Z29.594 X92.251 Y105.946 E528.70155
G1 Z29.596 X91.879 Y105.426 E528.72319
G1 Z29.598 X91.541 Y104.884 E528.74481
G1 Z29.599 X91.392 Y104.605 E528.75552
G1 Z29.600 X91.319 Y104.468 E528.76077
;LAYER_CHANGE
;Z:29.8
;HEIGHT:0.199999
G1 Z29.600 F7800
G1 F725
G1 Z29.601 X91.373 Y104.254 E528.7663
G1 Z29.603 X91.114 Y103.681 E528.78758
G1 Z29.605 X90.892 Y103.092 E528.80889
G1 Z29.607 X90.709 Y102.489 E528.83022
G1 Z29.609 X90.566 Y101.876 E528.85153
G1 Z29.611 X90.464 Y101.255 E528.87283
G1 Z29.613 X90.402 Y100.629 E528.89412
G1 Z29.615 X90.381 Y100 E528.91542
G1 Z29.617 X90.402 Y99.371 E528.93672
G1 Z29.619 X90.464 Y98.745 E528.95801
G1 Z29.621 X90.566 Y98.123 E528.97935
G1 Z29.623 X90.709 Y97.511 E529.00062
G1 Z29.626 X90.892 Y96.908 E529.02195
G1 Z29.628 X91.114 Y96.319 E529.04326
G1 Z29.630 X91.373 Y95.746 E529.06454
G1 Z29.632 X91.67 Y95.191 E529.08585
G1 Z29.634 X92.002 Y94.656 E529.10716
G1 Z29.636 X92.369 Y94.145 E529.12846
G1 Z29.638 X92.768 Y93.658 E529.14977
G1 Z29.640 X93.199 Y93.199 E529.17108
G1 Z29.642 X93.658 Y92.768 E529.19239
G1 Z29.644 X94.145 Y92.369 E529.2137
G1 Z29.646 X94.656 Y92.002 E529.235
G1 Z29.648 X95.191 Y91.67 E529.25631
G1 Z29.651 X95.746 Y91.373 E529.27762
G1 Z29.653 X96.319 Y91.114 E529.2989
G1 Z29.655 X96.908 Y90.892 E529.32021
G1 Z29.657 X97.511 Y90.709 E529.34154
G1 Z29.659 X98.124 Y90.566 E529.36285
G1 Z29.661 X98.745 Y90.464 E529.38415
G1 Z29.663 X99.37 Y90.402 E529.40541
G1 Z29.665 X100.062 Y90.383 E529.42884
G1 Z29.667 X100.629 Y90.402 E529.44804
G1 Z29.669 X101.255 Y90.464 E529.46933
G1 Z29.671 X101.877 Y90.566 E529.49067
G1 Z29.673 X102.489 Y90.709 E529.51194
G1 Z29.676 X103.092 Y90.892 E529.53327
G1 Z29.678 X103.681 Y91.114 E529.55458
G1 Z29.680 X104.254 Y91.373 E529.57586
G1 Z29.682 X104.809 Y91.67 E529.59717
G1 Z29.684 X105.344 Y92.002 E529.61848
G1 Z29.686 X105.855 Y92.369 E529.63978
G1 Z29.688 X106.342 Y92.768 E529.66109
G1 Z29.690 X106.801 Y93.199 E529.6824
G1 Z29.692 X107.232 Y93.658 E529.70371
G1 Z29.694 X107.631 Y94.145 E529.72502
G1 Z29.696 X107.998 Y94.656 E529.74632
G1 Z29.698 X108.33 Y95.191 E529.76763
G1 Z29.701 X108.627 Y95.746 E529.78894
G1 Z29.703 X108.886 Y96.319 E529.81022
G1 Z29.705 X109.108 Y96.908 E529.83153
G1 Z29.707 X109.291 Y97.511 E529.85286
G1 Z29.709 X109.434 Y98.124 E529.87417
G1 Z29.711 X109.536 Y98.745 E529.89547
G1 Z29.713 X109.598 Y99.371 E529.91676
G1 Z29.715 X109.619 Y100 E529.93806
G1 Z29.717 X109.598 Y100.629 E529.95936
G1 Z29.719 X109.536 Y101.255 E529.98065
G1 Z29.721 X109.434 Y101.877 E530.00199
G1 Z29.723 X109.291 Y102.489 E530.02326
G1 Z29.726 X109.108 Y103.092 E530.04459
G1 Z29.728 X108.886 Y103.681 E530.0659
G1 Z29.730 X108.627 Y104.254 E530.08718
G1 Z29.732 X108.33 Y104.809 E530.10849
G1 Z29.734 X107.998 Y105.344 E530.1298
G1 Z29.736 X107.631 Y105.855 E530.1511
G1 Z29.738 X107.232 Y106.342 E530.17241
G1 Z29.740 X106.801 Y106.801 E530.19372
G1 Z29.742 X106.342 Y107.232 E530.21503
G1 Z29.744 X105.855 Y107.631 E530.23634
G1 Z29.746 X105.344 Y107.998 E530.25764
G1 Z29.748 X104.809 Y108.33 E530.27895
G1 Z29.751 X104.254 Y108.627 E530.30026
G1 Z29.753 X103.681 Y108.886 E530.32154
G1 Z29.755 X103.092 Y109.108 E530.34285
G1 Z29.757 X102.489 Y109.291 E530.36418
G1 Z29.759 X101.876 Y109.434 E530.38549
G1 Z29.761 X101.255 Y109.536 E530.40679
G1 Z29.763 X100.629 Y109.598 E530.42808
G1 Z29.765 X100 Y109.619 E530.44938
G1 Z29.767 X99.371 Y109.598 E530.47068
G1 Z29.769 X98.745 Y109.536 E530.49197
G1 Z29.771 X98.123 Y109.434 E530.51331
G1 Z29.773 X97.511 Y109.291 E530.53458
G1 Z29.776 X96.908 Y109.108 E530.55591
G1 Z29.778 X96.319 Y108.886 E530.57722
G1 Z29.780 X95.746 Y108.627 E530.5985
G1 Z29.782 X95.191 Y108.33 E530.61981
G1 Z29.784 X94.656 Y107.998 E530.64112
G1 Z29.786 X94.145 Y107.631 E530.66242
G1 Z29.788 X93.658 Y107.232 E530.68373
G1 Z29.790 X93.199 Y106.801 E530.70504
G1 Z29.792 X92.768 Y106.342 E530.72635
G1 Z29.794 X92.369 Y105.855 E530.74766
G1 Z29.796 X92.002 Y105.344 E530.76896
G1 Z29.798 X91.67 Y104.809 E530.79027
G1 Z29.800 X91.45 Y104.398 E530.80605
;LAYER_CHANGE
;Z:30
;HEIGHT:0.200001
G1 Z29.800 F7800
G1 F715
G1 Z29.801 X91.498 Y104.193 E530.81143
G1 Z29.803 X91.242 Y103.628 E530.83243
G1 Z29.805 X91.023 Y103.047 E530.85345
G1 Z29.807 X90.843 Y102.454 E530.87443
G1 Z29.809 X90.702 Y101.849 E530.89546
G1 Z29.811 X90.601 Y101.237 E530.91646
G1 Z29.813 X90.541 Y100.62 E530.93744
G1 Z29.815 X90.52 Y100 E530.95844
G1 Z29.817 X90.541 Y99.38 E530.97944
G1 Z29.819 X90.601 Y98.763 E531.00042
G1 Z29.821 X90.702 Y98.151 E531.02142
G1 Z29.823 X90.843 Y97.546 E531.04245
G1 Z29.826 X91.023 Y96.953 E531.06343
G1 Z29.828 X91.242 Y96.372 E531.08445
G1 Z29.830 X91.498 Y95.807 E531.10545
G1 Z29.832 X91.79 Y95.26 E531.12644
G1 Z29.834 X92.118 Y94.733 E531.14745
G1 Z29.836 X92.479 Y94.229 E531.16843
G1 Z29.838 X92.873 Y93.75 E531.18942
G1 Z29.840 X93.297 Y93.297 E531.21042
G1 Z29.842 X93.75 Y92.873 E531.23142
G1 Z29.844 X94.229 Y92.479 E531.25241
G1 Z29.846 X94.733 Y92.118 E531.27339
G1 Z29.848 X95.26 Y91.79 E531.2944
G1 Z29.851 X95.807 Y91.498 E531.31539
G1 Z29.853 X96.372 Y91.242 E531.33639
G1 Z29.855 X96.953 Y91.023 E531.35741
G1 Z29.857 X97.546 Y90.843 E531.37839
G1 Z29.859 X98.151 Y90.702 E531.39942
G1 Z29.861 X98.763 Y90.601 E531.42042
G1 Z29.863 X99.38 Y90.541 E531.4414
G1 Z29.865 X100 Y90.52 E531.4624
G1 Z29.867 X100.428 Y90.534 E531.4769
G1 Z29.869 X101.239 Y90.602 E531.50445
G1 Z29.871 X101.849 Y90.702 E531.52537
G1 Z29.873 X102.454 Y90.843 E531.5464
G1 Z29.876 X103.047 Y91.023 E531.56738
G1 Z29.878 X103.628 Y91.242 E531.5884
G1 Z29.880 X104.193 Y91.498 E531.6094
G1 Z29.882 X104.74 Y91.79 E531.63039
G1 Z29.884 X105.267 Y92.118 E531.6514
G1 Z29.886 X105.771 Y92.479 E531.67238
G1 Z29.888 X106.25 Y92.873 E531.69337
G1 Z29.890 X106.703 Y93.297 E531.71437
G1 Z29.892 X107.127 Y93.75 E531.73537
G1 Z29.894 X107.521 Y94.229 E531.75636
G1 Z29.896 X107.882 Y94.733 E531.77734
G1 Z29.898 X108.21 Y95.26 E531.79835
G1 Z29.901 X108.502 Y95.807 E531.81934
G1 Z29.903 X108.758 Y96.372 E531.84034
G1 Z29.905 X108.977 Y96.953 E531.86136
G1 Z29.907 X109.157 Y97.546 E531.88234
G1 Z29.909 X109.298 Y98.151 E531.90337
G1 Z29.911 X109.399 Y98.763 E531.92437
G1 Z29.913 X109.459 Y99.38 E531.94535
G1 Z29.915 X109.48 Y100 E531.96635
G1 Z29.917 X109.459 Y100.62 E531.98735
G1 Z29.919 X109.399 Y101.237 E532.00833
G1 Z29.921 X109.298 Y101.849 E532.02933
G1 Z29.923 X109.157 Y102.454 E532.05036
G1 Z29.926 X108.977 Y103.047 E532.07134
G1 Z29.928 X108.758 Y103.628 E532.09236
G1 Z29.930 X108.502 Y104.193 E532.11336
G1 Z29.932 X108.21 Y104.74 E532.13435
G1 Z29.934 X107.882 Y105.267 E532.15536
G1 Z29.936 X107.521 Y105.771 E532.17634
G1 Z29.938 X107.127 Y106.25 E532.19733
G1 Z29.940 X106.703 Y106.703 E532.21833
G1 Z29.942 X106.25 Y107.127 E532.23933
G1 Z29.944 X105.771 Y107.521 E532.26032
G1 Z29.946 X105.267 Y107.882 E532.2813
G1 Z29.948 X104.74 Y108.21 E532.30231
G1 Z29.951 X104.193 Y108.502 E532.3233
G1 Z29.953 X103.628 Y108.758 E532.3443
G1 Z29.955 X103.047 Y108.977 E532.36532
G1 Z29.957 X102.454 Y109.157 E532.3863
G1 Z29.959 X101.849 Y109.298 E532.40733
G1 Z29.961 X101.237 Y109.399 E532.42833
G1 Z29.963 X100.62 Y109.459 E532.44931
G1 Z29.965 X100 Y109.48 E532.47031
G1 Z29.967 X99.38 Y109.459 E532.49131
G1 Z29.969 X98.763 Y109.399 E532.51229
G1 Z29.971 X98.151 Y109.298 E532.53329
G1 Z29.973 X97.546 Y109.157 E532.55432
G1 Z29.976 X96.953 Y108.977 E532.5753
G1 Z29.978 X96.372 Y108.758 E532.59632
G1 Z29.980 X95.807 Y108.502 E532.61732
G1 Z29.982 X95.26 Y108.21 E532.63831
G1 Z29.984 X94.733 Y107.882 E532.65932
G1 Z29.986 X94.229 Y107.521 E532.6803
G1 Z29.988 X93.75 Y107.127 E532.70129
G1 Z29.990 X93.297 Y106.703 E532.72229
G1 Z29.992 X92.873 Y106.25 E532.74329
G1 Z29.994 X92.479 Y105.771 E532.76428
G1 Z29.996 X92.118 Y105.267 E532.78526
G1 Z29.998 X91.79 Y104.74 E532.80627
G1 Z30.000 X91.573 Y104.333 E532.82188
;LAYER_CHANGE
;Z:30.2
;HEIGHT:0.200001
G1 Z30.000 F7800
G1 F705
G1 Z30.001 X91.617 Y104.134 E532.82709
G1 Z30.003 X91.364 Y103.577 E532.8478
G1 Z30.005 X91.149 Y103.005 E532.86848
G1 Z30.007 X90.971 Y102.419 E532.88921
G1 Z30.009 X90.832 Y101.824 E532.90989
G1 Z30.011 X90.733 Y101.22 E532.93061
G1 Z30.013 X90.673 Y100.611 E532.95132
G1 Z30.015 X90.653 Y100 E532.97201
G1 Z30.017 X90.673 Y99.389 E532.9927
G1 Z30.019 X90.733 Y98.78 E533.01341
G1 Z30.021 X90.832 Y98.176 E533.03413
G1 Z30.023 X90.971 Y97.581 E533.05481
G1 Z30.026 X91.149 Y96.995 E533.07554
G1 Z30.028 X91.364 Y96.423 E533.09622
G1 Z30.030 X91.617 Y95.866 E533.11693
G1 Z30.032 X91.905 Y95.326 E533.13765
G1 Z30.034 X92.228 Y94.807 E533.15834
G1 Z30.036 X92.584 Y94.31 E533.17903
G1 Z30.038 X92.972 Y93.837 E533.19974
G1 Z30.040 X93.39 Y93.39 E533.22046
G1 Z30.042 X93.837 Y92.972 E533.24118
G1 Z30.044 X94.31 Y92.584 E533.26189
G1 Z30.046 X94.805 Y92.229 E533.28251
G1 Z30.049 X95.488 Y91.818 E533.30949
G1 Z30.051 X95.866 Y91.617 E533.32398
G1 Z30.053 X96.423 Y91.364 E533.34469
G1 Z30.055 X96.995 Y91.149 E533.36537
G1 Z30.057 X97.581 Y90.971 E533.3861
G1 Z30.059 X98.176 Y90.832 E533.40678
G1 Z30.061 X98.78 Y90.733 E533.4275
G1 Z30.063 X99.387 Y90.673 E533.44815
G1 Z30.066 X100.183 Y90.659 E533.4751
G1 Z30.067 X100.611 Y90.673 E533.4896
G1 Z30.069 X101.22 Y90.733 E533.51031
G1 Z30.071 X101.824 Y90.832 E533.53103
G1 Z30.073 X102.419 Y90.971 E533.55171
G1 Z30.076 X103.005 Y91.149 E533.57244
G1 Z30.078 X103.577 Y91.364 E533.59312
G1 Z30.080 X104.134 Y91.617 E533.61383
G1 Z30.082 X104.674 Y91.905 E533.63455
G1 Z30.084 X105.193 Y92.228 E533.65524
G1 Z30.086 X105.69 Y92.584 E533.67593
G1 Z30.088 X106.163 Y92.972 E533.69664
G1 Z30.090 X106.61 Y93.39 E533.71736
G1 Z30.092 X107.028 Y93.837 E533.73808
G1 Z30.094 X107.416 Y94.31 E533.75879
G1 Z30.096 X107.771 Y94.805 E533.77941
G1 Z30.099 X108.182 Y95.488 E533.80639
G1 Z30.101 X108.383 Y95.866 E533.82088
G1 Z30.103 X108.636 Y96.423 E533.84159
G1 Z30.105 X108.851 Y96.995 E533.86227
G1 Z30.107 X109.029 Y97.581 E533.883
G1 Z30.109 X109.168 Y98.176 E533.90368
G1 Z30.111 X109.267 Y98.78 E533.9244
G1 Z30.113 X109.327 Y99.389 E533.94511
G1 Z30.115 X109.347 Y100 E533.9658
G1 Z30.117 X109.327 Y100.611 E533.98649
G1 Z30.119 X109.267 Y101.22 E534.0072
G1 Z30.121 X109.168 Y101.824 E534.02792
G1 Z30.123 X109.029 Y102.419 E534.0486
G1 Z30.126 X108.851 Y103.005 E534.06933
G1 Z30.128 X108.636 Y103.577 E534.09001
G1 Z30.130 X108.383 Y104.134 E534.11072
G1 Z30.132 X108.095 Y104.674 E534.13144
G1 Z30.134 X107.772 Y105.193 E534.15213
G1 Z30.136 X107.416 Y105.69 E534.17282
G1 Z30.138 X107.028 Y106.163 E534.19353
G1 Z30.140 X106.61 Y106.61 E534.21425
G1 Z30.142 X106.163 Y107.028 E534.23497
G1 Z30.144 X105.69 Y107.416 E534.25568
G1 Z30.146 X105.195 Y107.771 E534.2763
G1 Z30.149 X104.512 Y108.182 E534.30328
G1 Z30.151 X104.134 Y108.383 E534.31777
G1 Z30.153 X103.577 Y108.636 E534.33848
G1 Z30.155 X103.005 Y108.851 E534.35916
G1 Z30.157 X102.419 Y109.029 E534.37989
G1 Z30.159 X101.824 Y109.168 E534.40057
G1 Z30.161 X101.22 Y109.267 E534.42129
G1 Z30.163 X100.611 Y109.327 E534.442
G1 Z30.165 X100 Y109.347 E534.46269
G1 Z30.167 X99.389 Y109.327 E534.48338
G1 Z30.169 X98.78 Y109.267 E534.50409
G1 Z30.171 X98.176 Y109.168 E534.52481
G1 Z30.173 X97.581 Y109.029 E534.54549
G1 Z30.176 X96.995 Y108.851 E534.56622
G1 Z30.178 X96.423 Y108.636 E534.5869
G1 Z30.180 X95.866 Y108.383 E534.60761
G1 Z30.182 X95.326 Y108.095 E534.62833
G1 Z30.184 X94.807 Y107.772 E534.64902
G1 Z30.186 X94.31 Y107.416 E534.66971
G1 Z30.188 X93.837 Y107.028 E534.69042
G1 Z30.190 X93.39 Y106.61 E534.71114
G1 Z30.192 X92.972 Y106.163 E534.73186
G1 Z30.194 X92.584 Y105.69 E534.75257
G1 Z30.196 X92.229 Y105.195 E534.77319
G1 Z30.199 X91.818 Y104.512 E534.80017
G1 Z30.200 X91.689 Y104.27 E534.80945
;LAYER_CHANGE
;Z:30.4
;HEIGHT:0.199999
G1 Z30.200 F7800
G1 F695
G1 Z30.201 X91.729 Y104.079 E534.81452
G1 Z30.203 X91.48 Y103.529 E534.83496
G1 Z30.205 X91.268 Y102.964 E534.85539
G1 Z30.207 X91.092 Y102.387 E534.87581
G1 Z30.209 X90.955 Y101.799 E534.89625
G1 Z30.211 X90.857 Y101.204 E534.91666
G1 Z30.213 X90.798 Y100.603 E534.9371
G1 Z30.215 X90.78 Y100.062 E534.95542
G1 Z30.217 X90.798 Y99.396 E534.97797
G1 Z30.219 X90.857 Y98.796 E534.99838
G1 Z30.221 X90.955 Y98.201 E535.01879
G1 Z30.223 X91.092 Y97.613 E535.03923
G1 Z30.226 X91.268 Y97.036 E535.05965
G1 Z30.228 X91.48 Y96.471 E535.08008
G1 Z30.230 X91.729 Y95.921 E535.10052
G1 Z30.232 X92.014 Y95.389 E535.12095
G1 Z30.234 X92.299 Y94.93 E535.13924
G1 Z30.236 X92.684 Y94.386 E535.1618
G1 Z30.238 X93.067 Y93.92 E535.18222
G1 Z30.240 X93.479 Y93.479 E535.20265
G1 Z30.242 X93.92 Y93.067 E535.22308
G1 Z30.244 X94.386 Y92.684 E535.2435
G1 Z30.246 X94.877 Y92.332 E535.26395
G1 Z30.248 X95.389 Y92.014 E535.28435
G1 Z30.251 X95.921 Y91.729 E535.30478
G1 Z30.253 X96.471 Y91.48 E535.32522
G1 Z30.255 X97.036 Y91.268 E535.34565
G1 Z30.257 X97.613 Y91.092 E535.36607
G1 Z30.259 X98.201 Y90.955 E535.38651
G1 Z30.261 X98.796 Y90.857 E535.40692
G1 Z30.263 X99.397 Y90.798 E535.42736
G1 Z30.265 X100 Y90.778 E535.44778
G1 Z30.267 X100.541 Y90.796 E535.4661
G1 Z30.269 X101.204 Y90.857 E535.48864
G1 Z30.271 X101.799 Y90.955 E535.50905
G1 Z30.273 X102.387 Y91.092 E535.52949
G1 Z30.276 X102.964 Y91.268 E535.54991
G1 Z30.278 X103.529 Y91.48 E535.57034
G1 Z30.280 X104.079 Y91.729 E535.59078
G1 Z30.282 X104.611 Y92.014 E535.61121
G1 Z30.284 X105.07 Y92.299 E535.6295
G1 Z30.286 X105.614 Y92.684 E535.65206
G1 Z30.288 X106.08 Y93.067 E535.67248
G1 Z30.290 X106.521 Y93.479 E535.69291
G1 Z30.292 X106.933 Y93.92 E535.71334
G1 Z30.294 X107.316 Y94.386 E535.73376
G1 Z30.296 X107.668 Y94.877 E535.75421
G1 Z30.298 X107.986 Y95.389 E535.77461
G1 Z30.301 X108.271 Y95.921 E535.79504
G1 Z30.303 X108.52 Y96.471 E535.81548
G1 Z30.305 X108.732 Y97.036 E535.83591
G1 Z30.307 X108.908 Y97.613 E535.85633
G1 Z30.309 X109.045 Y98.201 E535.87677
G1 Z30.311 X109.143 Y98.796 E535.89718
G1 Z30.313 X109.202 Y99.397 E535.91762
G1 Z30.315 X109.22 Y99.938 E535.93594
G1 Z30.317 X109.202 Y100.604 E535.95849
G1 Z30.319 X109.143 Y101.204 E535.9789
G1 Z30.321 X109.045 Y101.799 E535.99931
G1 Z30.323 X108.908 Y102.387 E536.01975
G1 Z30.326 X108.732 Y102.964 E536.04017
G1 Z30.328 X108.52 Y103.529 E536.0606
G1 Z30.330 X108.271 Y104.079 E536.08104
G1 Z30.332 X107.986 Y104.611 E536.10147
G1 Z30.334 X107.701 Y105.07 E536.11976
G1 Z30.336 X107.316 Y105.614 E536.14232
G1 Z30.338 X106.933 Y106.08 E536.16274
G1 Z30.340 X106.521 Y106.521 E536.18317
G1 Z30.342 X106.08 Y106.933 E536.2036
G1 Z30.344 X105.614 Y107.316 E536.22402
G1 Z30.346 X105.123 Y107.668 E536.24447
G1 Z30.348 X104.611 Y107.986 E536.26487
G1 Z30.351 X104.079 Y108.271 E536.2853
G1 Z30.353 X103.529 Y108.52 E536.30574
G1 Z30.355 X102.964 Y108.732 E536.32617
G1 Z30.357 X102.387 Y108.908 E536.34659
G1 Z30.359 X101.799 Y109.045 E536.36703
G1 Z30.361 X101.204 Y109.143 E536.38744
G1 Z30.363 X100.603 Y109.202 E536.40788
G1 Z30.365 X100.062 Y109.22 E536.4262
G1 Z30.367 X99.396 Y109.202 E536.44875
G1 Z30.369 X98.796 Y109.143 E536.46916
G1 Z30.371 X98.201 Y109.045 E536.48957
G1 Z30.373 X97.613 Y108.908 E536.51001
G1 Z30.376 X97.036 Y108.732 E536.53043
G1 Z30.378 X96.471 Y108.52 E536.55086
G1 Z30.380 X95.921 Y108.271 E536.5713
G1 Z30.382 X95.389 Y107.986 E536.59173
G1 Z30.384 X94.93 Y107.701 E536.61002
G1 Z30.386 X94.386 Y107.316 E536.63258
G1 Z30.388 X93.92 Y106.933 E536.653
G1 Z30.390 X93.479 Y106.521 E536.67343
G1 Z30.392 X93.067 Y106.08 E536.69386
G1 Z30.394 X92.684 Y105.614 E536.71428
G1 Z30.396 X92.332 Y105.123 E536.73473
G1 Z30.398 X92.014 Y104.611 E536.75513
G1 Z30.400 X91.8 Y104.211 E536.77049
;LAYER_CHANGE
;Z:30.6
;HEIGHT:0.200001
G1 Z30.400 F7800
G1 F686
G1 Z30.401 X91.831 Y104.028 E536.77547
G1 Z30.403 X91.585 Y103.486 E536.79562
G1 Z30.405 X91.375 Y102.928 E536.8158
G1 Z30.406 X91.29 Y102.645 E536.8258
G1 Z30.407 X91.202 Y102.357 E536.83599
G1 Z30.409 X91.067 Y101.777 E536.85615
G1 Z30.411 X90.97 Y101.189 E536.87632
G1 Z30.413 X90.911 Y100.596 E536.89649
G1 Z30.415 X90.892 Y100 E536.91667
G1 Z30.417 X90.911 Y99.404 E536.93685
G1 Z30.419 X90.97 Y98.811 E536.95702
G1 Z30.421 X91.067 Y98.223 E536.97719
G1 Z30.423 X91.202 Y97.643 E536.99735
G1 Z30.426 X91.375 Y97.072 E537.01755
G1 Z30.428 X91.585 Y96.514 E537.03773
G1 Z30.430 X91.831 Y95.972 E537.05788
G1 Z30.432 X92.112 Y95.446 E537.07807
G1 Z30.434 X92.427 Y94.94 E537.09825
G1 Z30.436 X92.774 Y94.455 E537.11844
G1 Z30.438 X93.152 Y93.995 E537.13859
G1 Z30.440 X93.56 Y93.56 E537.15878
G1 Z30.442 X93.995 Y93.152 E537.17897
G1 Z30.444 X94.455 Y92.774 E537.19912
G1 Z30.446 X94.94 Y92.427 E537.21931
G1 Z30.448 X95.446 Y92.112 E537.23949
G1 Z30.451 X95.972 Y91.831 E537.25968
G1 Z30.453 X96.514 Y91.585 E537.27983
G1 Z30.455 X97.072 Y91.375 E537.30001
G1 Z30.456 X97.355 Y91.29 E537.31001
G1 Z30.457 X97.643 Y91.202 E537.3202
G1 Z30.459 X98.223 Y91.067 E537.34036
G1 Z30.461 X98.811 Y90.97 E537.36053
G1 Z30.463 X99.404 Y90.911 E537.3807
G1 Z30.465 X100 Y90.892 E537.40088
G1 Z30.466 X100.295 Y90.902 E537.41087
G1 Z30.467 X100.596 Y90.911 E537.42106
G1 Z30.469 X101.189 Y90.97 E537.44123
G1 Z30.471 X101.777 Y91.067 E537.4614
G1 Z30.473 X102.357 Y91.202 E537.48156
G1 Z30.476 X102.928 Y91.375 E537.50176
G1 Z30.478 X103.486 Y91.585 E537.52194
G1 Z30.480 X104.028 Y91.831 E537.54209
G1 Z30.482 X104.554 Y92.112 E537.56228
G1 Z30.484 X105.06 Y92.427 E537.58246
G1 Z30.486 X105.545 Y92.774 E537.60265
G1 Z30.488 X106.005 Y93.152 E537.6228
G1 Z30.490 X106.44 Y93.56 E537.64299
G1 Z30.492 X106.848 Y93.995 E537.66318
G1 Z30.494 X107.226 Y94.455 E537.68333
G1 Z30.496 X107.573 Y94.94 E537.70352
G1 Z30.498 X107.888 Y95.446 E537.7237
G1 Z30.501 X108.169 Y95.972 E537.74389
G1 Z30.503 X108.415 Y96.514 E537.76404
G1 Z30.505 X108.625 Y97.072 E537.78422
G1 Z30.507 X108.798 Y97.643 E537.80442
G1 Z30.509 X108.933 Y98.223 E537.82458
G1 Z30.511 X109.03 Y98.811 E537.84475
G1 Z30.513 X109.089 Y99.404 E537.86492
G1 Z30.515 X109.108 Y100 E537.8851
G1 Z30.517 X109.089 Y100.596 E537.90528
G1 Z30.519 X109.03 Y101.189 E537.92545
G1 Z30.521 X108.933 Y101.777 E537.94562
G1 Z30.523 X108.798 Y102.357 E537.96578
G1 Z30.526 X108.625 Y102.928 E537.98598
G1 Z30.528 X108.415 Y103.486 E538.00616
G1 Z30.530 X108.169 Y104.028 E538.02631
G1 Z30.532 X107.888 Y104.554 E538.0465
G1 Z30.534 X107.573 Y105.06 E538.06668
G1 Z30.536 X107.226 Y105.545 E538.08687
G1 Z30.538 X106.848 Y106.005 E538.10702
G1 Z30.540 X106.44 Y106.44 E538.12721
G1 Z30.542 X106.005 Y106.848 E538.1474
G1 Z30.544 X105.545 Y107.226 E538.16755
G1 Z30.546 X105.06 Y107.573 E538.18774
G1 Z30.548 X104.554 Y107.888 E538.20792
G1 Z30.551 X104.028 Y108.169 E538.22811
G1 Z30.553 X103.486 Y108.415 E538.24826
G1 Z30.555 X102.928 Y108.625 E538.26844
G1 Z30.557 X102.357 Y108.798 E538.28864
G1 Z30.559 X101.777 Y108.933 E538.3088
G1 Z30.561 X101.189 Y109.03 E538.32897
G1 Z30.563 X100.596 Y109.089 E538.34914
G1 Z30.565 X100 Y109.108 E538.36932
G1 Z30.567 X99.404 Y109.089 E538.3895
G1 Z30.569 X98.811 Y109.03 E538.40967
G1 Z30.571 X98.223 Y108.933 E538.42984
G1 Z30.573 X97.643 Y108.798 E538.45
G1 Z30.576 X97.072 Y108.625 E538.4702
G1 Z30.578 X96.514 Y108.415 E538.49038
G1 Z30.580 X95.972 Y108.169 E538.51053
G1 Z30.582 X95.446 Y107.888 E538.53072
G1 Z30.584 X94.94 Y107.573 E538.5509
G1 Z30.586 X94.455 Y107.226 E538.57109
G1 Z30.588 X93.995 Y106.848 E538.59124
G1 Z30.590 X93.56 Y106.44 E538.61143
G1 Z30.592 X93.152 Y106.005 E538.63162
G1 Z30.594 X92.774 Y105.545 E538.65177
G1 Z30.596 X92.427 Y105.06 E538.67196
G1 Z30.598 X92.112 Y104.554 E538.69214
G1 Z30.600 X91.9 Y104.158 E538.70734
;LAYER_CHANGE
;Z:30.8
;HEIGHT:0.199999
G1 Z30.600 F7800
G1 F678
G1 Z30.601 X91.929 Y103.98 E538.71217
G1 Z30.603 X91.686 Y103.445 E538.73206
G1 Z30.605 X91.461 Y102.837 E538.754
G1 Z30.607 X91.307 Y102.329 E538.77197
G1 Z30.609 X91.173 Y101.756 E538.79189
G1 Z30.611 X91.077 Y101.175 E538.81182
G1 Z30.613 X91.02 Y100.589 E538.83175
G1 Z30.615 X91 Y100 E538.8517
G1 Z30.617 X91.02 Y99.411 E538.87165
G1 Z30.619 X91.077 Y98.825 E538.89158
G1 Z30.621 X91.173 Y98.244 E538.91151
G1 Z30.623 X91.307 Y97.671 E538.93143
G1 Z30.626 X91.478 Y97.107 E538.95138
G1 Z30.628 X91.685 Y96.556 E538.9713
G1 Z30.630 X91.929 Y96.02 E538.99123
G1 Z30.632 X92.206 Y95.5 E539.01117
G1 Z30.634 X92.517 Y95 E539.0311
G1 Z30.636 X92.86 Y94.521 E539.05104
G1 Z30.638 X93.234 Y94.066 E539.07098
G1 Z30.640 X93.636 Y93.636 E539.0909
G1 Z30.642 X94.066 Y93.234 E539.11082
G1 Z30.644 X94.521 Y92.86 E539.13076
G1 Z30.646 X95 Y92.518 E539.15068
G1 Z30.649 X95.552 Y92.178 E539.17262
G1 Z30.651 X96.02 Y91.929 E539.19056
G1 Z30.653 X96.555 Y91.686 E539.21045
G1 Z30.655 X97.163 Y91.461 E539.23239
G1 Z30.657 X97.671 Y91.307 E539.25036
G1 Z30.659 X98.244 Y91.173 E539.27028
G1 Z30.661 X98.825 Y91.077 E539.29021
G1 Z30.663 X99.411 Y91.02 E539.31014
G1 Z30.665 X100.059 Y91.002 E539.33208
G1 Z30.667 X100.589 Y91.02 E539.35003
G1 Z30.669 X101.175 Y91.077 E539.36996
G1 Z30.671 X101.756 Y91.173 E539.38989
G1 Z30.673 X102.329 Y91.307 E539.40981
G1 Z30.676 X102.893 Y91.478 E539.42976
G1 Z30.678 X103.444 Y91.685 E539.44968
G1 Z30.680 X103.98 Y91.929 E539.46961
G1 Z30.682 X104.5 Y92.206 E539.48955
G1 Z30.684 X105 Y92.517 E539.50948
G1 Z30.686 X105.479 Y92.86 E539.52942
G1 Z30.688 X105.934 Y93.234 E539.54936
G1 Z30.690 X106.364 Y93.636 E539.56928
G1 Z30.692 X106.766 Y94.066 E539.5892
G1 Z30.694 X107.14 Y94.521 E539.60914
G1 Z30.696 X107.482 Y95 E539.62906
G1 Z30.699 X107.822 Y95.552 E539.651
G1 Z30.701 X108.071 Y96.02 E539.66894
G1 Z30.703 X108.314 Y96.555 E539.68883
G1 Z30.705 X108.539 Y97.163 E539.71077
G1 Z30.707 X108.693 Y97.671 E539.72874
G1 Z30.709 X108.827 Y98.244 E539.74866
G1 Z30.711 X108.923 Y98.825 E539.76859
G1 Z30.713 X108.98 Y99.411 E539.78852
G1 Z30.715 X109 Y100 E539.80847
G1 Z30.717 X108.98 Y100.589 E539.82842
G1 Z30.719 X108.923 Y101.175 E539.84835
G1 Z30.721 X108.827 Y101.756 E539.86828
G1 Z30.723 X108.693 Y102.329 E539.8882
G1 Z30.726 X108.522 Y102.893 E539.90815
G1 Z30.728 X108.315 Y103.444 E539.92807
G1 Z30.730 X108.071 Y103.98 E539.948
G1 Z30.732 X107.794 Y104.5 E539.96794
G1 Z30.734 X107.483 Y105 E539.98787
G1 Z30.736 X107.14 Y105.479 E540.00781
G1 Z30.738 X106.766 Y105.934 E540.02775
G1 Z30.740 X106.364 Y106.364 E540.04767
G1 Z30.742 X105.934 Y106.766 E540.06759
G1 Z30.744 X105.479 Y107.14 E540.08753
G1 Z30.746 X105 Y107.482 E540.10745
G1 Z30.749 X104.448 Y107.822 E540.12939
G1 Z30.751 X103.98 Y108.071 E540.14733
G1 Z30.753 X103.445 Y108.314 E540.16722
G1 Z30.755 X102.837 Y108.539 E540.18916
G1 Z30.757 X102.329 Y108.693 E540.20713
G1 Z30.759 X101.756 Y108.827 E540.22705
G1 Z30.761 X101.175 Y108.923 E540.24698
G1 Z30.763 X100.589 Y108.98 E540.26691
G1 Z30.765 X100 Y109 E540.28686
G1 Z30.767 X99.411 Y108.98 E540.30681
G1 Z30.769 X98.825 Y108.923 E540.32674
G1 Z30.771 X98.244 Y108.827 E540.34667
G1 Z30.773 X97.671 Y108.693 E540.36659
G1 Z30.776 X97.107 Y108.522 E540.38654
G1 Z30.778 X96.556 Y108.315 E540.40646
G1 Z30.780 X96.02 Y108.071 E540.42639
G1 Z30.782 X95.5 Y107.794 E540.44633
G1 Z30.784 X95 Y107.483 E540.46626
G1 Z30.786 X94.521 Y107.14 E540.4862
G1 Z30.788 X94.066 Y106.766 E540.50614
G1 Z30.790 X93.636 Y106.364 E540.52606
G1 Z30.792 X93.234 Y105.934 E540.54598
G1 Z30.794 X92.86 Y105.479 E540.56592
G1 Z30.796 X92.518 Y105 E540.58584
G1 Z30.799 X92.178 Y104.448 E540.60778
G1 Z30.800 X91.996 Y104.106 E540.62089
;LAYER_CHANGE
;Z:31
;HEIGHT:0.200001
G1 Z30.800 F7800
G1 F671
G1 Z30.801 X92.014 Y103.938 E540.62564
G1 Z30.803 X91.774 Y103.408 E540.64533
G1 Z30.805 X91.568 Y102.862 E540.66508
G1 Z30.807 X91.399 Y102.305 E540.68478
G1 Z30.809 X91.267 Y101.737 E540.70452
G1 Z30.811 X91.172 Y101.162 E540.72425
G1 Z30.813 X91.115 Y100.582 E540.74398
G1 Z30.815 X91.096 Y100 E540.76369
G1 Z30.817 X91.115 Y99.418 E540.7834
G1 Z30.819 X91.172 Y98.838 E540.80313
G1 Z30.821 X91.267 Y98.263 E540.82286
G1 Z30.823 X91.399 Y97.695 E540.8426
G1 Z30.826 X91.568 Y97.138 E540.8623
G1 Z30.828 X91.774 Y96.592 E540.88205
G1 Z30.830 X92.014 Y96.062 E540.90174
G1 Z30.832 X92.289 Y95.548 E540.92147
G1 Z30.833 X92.501 Y95.206 E540.93509
G1 Z30.836 X92.937 Y94.578 E540.96097
G1 Z30.838 X93.305 Y94.129 E540.98062
G1 Z30.840 X93.704 Y93.704 E541.00035
G1 Z30.842 X94.129 Y93.305 E541.02008
G1 Z30.844 X94.579 Y92.936 E541.03978
G1 Z30.846 X95.053 Y92.596 E541.05953
G1 Z30.848 X95.548 Y92.289 E541.07925
G1 Z30.851 X96.062 Y92.014 E541.09898
G1 Z30.853 X96.592 Y91.774 E541.11867
G1 Z30.855 X97.138 Y91.568 E541.13842
G1 Z30.857 X97.695 Y91.399 E541.15812
G1 Z30.859 X98.263 Y91.267 E541.17786
G1 Z30.861 X98.838 Y91.172 E541.19759
G1 Z30.863 X99.418 Y91.115 E541.21732
G1 Z30.865 X100 Y91.096 E541.23703
G1 Z30.867 X100.403 Y91.109 E541.25068
G1 Z30.869 X101.164 Y91.172 E541.27653
G1 Z30.871 X101.737 Y91.267 E541.29619
G1 Z30.873 X102.305 Y91.399 E541.31593
G1 Z30.875 X102.862 Y91.568 E541.33563
G1 Z30.878 X103.408 Y91.774 E541.35538
G1 Z30.880 X103.938 Y92.014 E541.37507
G1 Z30.882 X104.452 Y92.289 E541.3948
G1 Z30.883 X104.794 Y92.501 E541.40842
G1 Z30.886 X105.422 Y92.937 E541.4343
G1 Z30.888 X105.871 Y93.305 E541.45395
G1 Z30.890 X106.296 Y93.704 E541.47368
G1 Z30.892 X106.695 Y94.129 E541.49341
G1 Z30.894 X107.064 Y94.579 E541.51311
G1 Z30.896 X107.404 Y95.053 E541.53286
G1 Z30.898 X107.711 Y95.548 E541.55258
G1 Z30.901 X107.986 Y96.062 E541.57231
G1 Z30.903 X108.226 Y96.592 E541.592
G1 Z30.905 X108.432 Y97.138 E541.61175
G1 Z30.907 X108.601 Y97.695 E541.63145
G1 Z30.909 X108.733 Y98.263 E541.65119
G1 Z30.911 X108.828 Y98.838 E541.67092
G1 Z30.913 X108.885 Y99.418 E541.69065
G1 Z30.915 X108.904 Y100 E541.71036
G1 Z30.917 X108.885 Y100.582 E541.73007
G1 Z30.919 X108.828 Y101.162 E541.7498
G1 Z30.921 X108.733 Y101.737 E541.76953
G1 Z30.923 X108.601 Y102.305 E541.78927
G1 Z30.926 X108.432 Y102.862 E541.80897
G1 Z30.928 X108.226 Y103.408 E541.82872
G1 Z30.930 X107.986 Y103.938 E541.84841
G1 Z30.932 X107.711 Y104.452 E541.86814
G1 Z30.933 X107.499 Y104.794 E541.88176
G1 Z30.936 X107.063 Y105.422 E541.90764
G1 Z30.938 X106.695 Y105.871 E541.92729
G1 Z30.940 X106.296 Y106.296 E541.94702
G1 Z30.942 X105.871 Y106.695 E541.96675
G1 Z30.944 X105.421 Y107.064 E541.98645
G1 Z30.946 X104.947 Y107.404 E542.0062
G1 Z30.948 X104.452 Y107.711 E542.02592
G1 Z30.951 X103.938 Y107.986 E542.04565
G1 Z30.953 X103.408 Y108.226 E542.06534
G1 Z30.955 X102.862 Y108.432 E542.08509
G1 Z30.957 X102.305 Y108.601 E542.10479
G1 Z30.959 X101.737 Y108.733 E542.12453
G1 Z30.961 X101.162 Y108.828 E542.14426
G1 Z30.963 X100.582 Y108.885 E542.16399
G1 Z30.965 X100 Y108.904 E542.1837
G1 Z30.967 X99.418 Y108.885 E542.20341
G1 Z30.969 X98.838 Y108.828 E542.22314
G1 Z30.971 X98.263 Y108.733 E542.24287
G1 Z30.973 X97.695 Y108.601 E542.26261
G1 Z30.976 X97.138 Y108.432 E542.28231
G1 Z30.978 X96.592 Y108.226 E542.30206
G1 Z30.980 X96.062 Y107.986 E542.32175
G1 Z30.982 X95.548 Y107.711 E542.34148
G1 Z30.983 X95.206 Y107.499 E542.3551
G1 Z30.986 X94.578 Y107.063 E542.38098
G1 Z30.988 X94.129 Y106.695 E542.40063
G1 Z30.990 X93.704 Y106.296 E542.42036
G1 Z30.992 X93.305 Y105.871 E542.44009
G1 Z30.994 X92.936 Y105.421 E542.45979
G1 Z30.996 X92.596 Y104.947 E542.47954
G1 Z30.998 X92.289 Y104.452 E542.49926
G1 Z31.000 X92.08 Y104.062 E542.51424
;LAYER_CHANGE
;Z:31.2
;HEIGHT:0.200001
G1 Z31.000 F7800
G1 F664
G1 Z31.000 X92.102 Y103.895 E542.51884
G1 Z31.003 X91.864 Y103.37 E542.53835
G1 Z31.005 X91.661 Y102.831 E542.55785
G1 Z31.007 X91.494 Y102.279 E542.57737
G1 Z31.009 X91.363 Y101.718 E542.59687
G1 Z31.011 X91.269 Y101.149 E542.61639
G1 Z31.013 X91.213 Y100.576 E542.63588
G1 Z31.015 X91.194 Y100 E542.65539
G1 Z31.017 X91.213 Y99.424 E542.6749
G1 Z31.019 X91.269 Y98.851 E542.69439
G1 Z31.021 X91.363 Y98.282 E542.71391
G1 Z31.023 X91.494 Y97.721 E542.73341
G1 Z31.025 X91.661 Y97.169 E542.75293
G1 Z31.028 X91.864 Y96.63 E542.77243
G1 Z31.030 X92.102 Y96.105 E542.79194
G1 Z31.032 X92.374 Y95.597 E542.81144
G1 Z31.034 X92.677 Y95.109 E542.83088
G1 Z31.037 X93.124 Y94.505 E542.85631
G1 Z31.038 X93.379 Y94.194 E542.86992
G1 Z31.040 X93.773 Y93.773 E542.88944
G1 Z31.042 X94.194 Y93.379 E542.90896
G1 Z31.044 X94.639 Y93.014 E542.92844
G1 Z31.046 X95.108 Y92.678 E542.94797
G1 Z31.048 X95.597 Y92.374 E542.96746
G1 Z31.050 X96.105 Y92.102 E542.98696
G1 Z31.053 X96.63 Y91.864 E543.00647
G1 Z31.055 X97.169 Y91.661 E543.02597
G1 Z31.057 X97.721 Y91.494 E543.04549
G1 Z31.059 X98.282 Y91.363 E543.06499
G1 Z31.061 X98.851 Y91.269 E543.08451
G1 Z31.063 X99.422 Y91.213 E543.10393
G1 Z31.066 X100.173 Y91.199 E543.12935
G1 Z31.067 X100.576 Y91.213 E543.143
G1 Z31.069 X101.149 Y91.269 E543.16249
G1 Z31.071 X101.718 Y91.363 E543.18201
G1 Z31.073 X102.279 Y91.494 E543.20151
G1 Z31.075 X102.831 Y91.661 E543.22103
G1 Z31.078 X103.37 Y91.864 E543.24053
G1 Z31.080 X103.895 Y92.102 E543.26004
G1 Z31.082 X104.403 Y92.374 E543.27954
G1 Z31.084 X104.891 Y92.677 E543.29898
G1 Z31.087 X105.495 Y93.124 E543.32441
G1 Z31.088 X105.806 Y93.379 E543.33802
G1 Z31.090 X106.227 Y93.773 E543.35754
G1 Z31.092 X106.621 Y94.194 E543.37706
G1 Z31.094 X106.986 Y94.639 E543.39654
G1 Z31.096 X107.322 Y95.108 E543.41607
G1 Z31.098 X107.626 Y95.597 E543.43556
G1 Z31.100 X107.898 Y96.105 E543.45506
G1 Z31.103 X108.136 Y96.63 E543.47457
G1 Z31.105 X108.339 Y97.169 E543.49407
G1 Z31.107 X108.506 Y97.721 E543.51359
G1 Z31.109 X108.637 Y98.282 E543.53309
G1 Z31.111 X108.731 Y98.851 E543.55261
G1 Z31.113 X108.787 Y99.424 E543.5721
G1 Z31.115 X108.806 Y100 E543.59161
G1 Z31.117 X108.787 Y100.576 E543.61112
G1 Z31.119 X108.731 Y101.149 E543.63061
G1 Z31.121 X108.637 Y101.718 E543.65013
G1 Z31.123 X108.506 Y102.279 E543.66963
G1 Z31.125 X108.339 Y102.831 E543.68915
G1 Z31.128 X108.136 Y103.37 E543.70865
G1 Z31.130 X107.898 Y103.895 E543.72816
G1 Z31.132 X107.626 Y104.403 E543.74766
G1 Z31.134 X107.323 Y104.891 E543.7671
G1 Z31.137 X106.877 Y105.495 E543.79251
G1 Z31.138 X106.621 Y105.806 E543.80614
G1 Z31.140 X106.227 Y106.227 E543.82566
G1 Z31.142 X105.806 Y106.621 E543.84518
G1 Z31.144 X105.361 Y106.986 E543.86466
G1 Z31.146 X104.892 Y107.322 E543.88419
G1 Z31.148 X104.403 Y107.626 E543.90368
G1 Z31.150 X103.895 Y107.898 E543.92318
G1 Z31.153 X103.37 Y108.136 E543.94269
G1 Z31.155 X102.831 Y108.339 E543.96219
G1 Z31.157 X102.279 Y108.506 E543.98171
G1 Z31.159 X101.718 Y108.637 E544.00121
G1 Z31.161 X101.149 Y108.731 E544.02073
G1 Z31.163 X100.576 Y108.787 E544.04022
G1 Z31.165 X100 Y108.806 E544.05973
G1 Z31.167 X99.424 Y108.787 E544.07924
G1 Z31.169 X98.851 Y108.731 E544.09873
G1 Z31.171 X98.282 Y108.637 E544.11825
G1 Z31.173 X97.721 Y108.506 E544.13775
G1 Z31.175 X97.169 Y108.339 E544.15727
G1 Z31.178 X96.63 Y108.136 E544.17677
G1 Z31.180 X96.105 Y107.898 E544.19628
G1 Z31.182 X95.597 Y107.626 E544.21578
G1 Z31.184 X95.109 Y107.323 E544.23522
G1 Z31.187 X94.505 Y106.877 E544.26063
G1 Z31.188 X94.194 Y106.621 E544.27426
G1 Z31.190 X93.773 Y106.227 E544.29378
G1 Z31.192 X93.379 Y105.806 E544.3133
G1 Z31.194 X93.014 Y105.361 E544.33278
G1 Z31.196 X92.678 Y104.892 E544.35231
G1 Z31.198 X92.374 Y104.403 E544.3718
G1 Z31.200 X92.166 Y104.015 E544.3867
;LAYER_CHANGE
;Z:31.4
;HEIGHT:0.199999
G1 Z31.200 F7800
G1 F656
G1 Z31.200 X92.192 Y103.85 E544.39123
G1 Z31.203 X91.957 Y103.331 E544.41051
G1 Z31.205 X91.757 Y102.798 E544.42978
G1 Z31.207 X91.591 Y102.253 E544.44906
G1 Z31.209 X91.462 Y101.698 E544.46835
G1 Z31.211 X91.369 Y101.136 E544.48763
G1 Z31.213 X91.313 Y100.569 E544.50692
G1 Z31.215 X91.296 Y100.059 E544.52419
G1 Z31.217 X91.313 Y99.43 E544.54549
G1 Z31.219 X91.369 Y98.864 E544.56474
G1 Z31.221 X91.462 Y98.302 E544.58402
G1 Z31.223 X91.591 Y97.747 E544.60331
G1 Z31.225 X91.757 Y97.202 E544.62259
G1 Z31.228 X91.957 Y96.669 E544.64186
G1 Z31.230 X92.192 Y96.15 E544.66114
G1 Z31.232 X92.461 Y95.647 E544.68045
G1 Z31.234 X92.762 Y95.163 E544.69974
G1 Z31.236 X93.093 Y94.7 E544.719
G1 Z31.238 X93.455 Y94.26 E544.73829
G1 Z31.240 X93.844 Y93.844 E544.75757
G1 Z31.242 X94.26 Y93.455 E544.77685
G1 Z31.244 X94.7 Y93.093 E544.79614
G1 Z31.246 X95.163 Y92.762 E544.8154
G1 Z31.248 X95.647 Y92.461 E544.83469
G1 Z31.250 X96.15 Y92.192 E544.854
G1 Z31.253 X96.669 Y91.957 E544.87328
G1 Z31.255 X97.202 Y91.757 E544.89255
G1 Z31.257 X97.747 Y91.591 E544.91183
G1 Z31.259 X98.302 Y91.462 E544.93112
G1 Z31.261 X98.864 Y91.369 E544.9504
G1 Z31.263 X99.431 Y91.313 E544.96969
G1 Z31.265 X100 Y91.295 E544.98896
G1 Z31.267 X100.511 Y91.311 E545.00627
G1 Z31.269 X101.137 Y91.369 E545.02755
G1 Z31.271 X101.698 Y91.462 E545.0468
G1 Z31.273 X102.253 Y91.591 E545.06609
G1 Z31.275 X102.798 Y91.757 E545.08537
G1 Z31.278 X103.331 Y91.957 E545.10464
G1 Z31.280 X103.85 Y92.192 E545.12392
G1 Z31.282 X104.353 Y92.461 E545.14323
G1 Z31.284 X104.837 Y92.762 E545.16252
G1 Z31.286 X105.3 Y93.093 E545.18178
G1 Z31.288 X105.74 Y93.455 E545.20107
G1 Z31.290 X106.156 Y93.844 E545.22035
G1 Z31.292 X106.545 Y94.26 E545.23963
G1 Z31.294 X106.907 Y94.7 E545.25892
G1 Z31.296 X107.238 Y95.163 E545.27818
G1 Z31.298 X107.539 Y95.647 E545.29747
G1 Z31.300 X107.808 Y96.15 E545.31678
G1 Z31.303 X108.043 Y96.669 E545.33606
G1 Z31.305 X108.243 Y97.202 E545.35533
G1 Z31.307 X108.409 Y97.747 E545.37461
G1 Z31.309 X108.538 Y98.302 E545.3939
G1 Z31.311 X108.631 Y98.864 E545.41318
G1 Z31.313 X108.687 Y99.431 E545.43247
G1 Z31.315 X108.704 Y99.941 E545.44974
G1 Z31.317 X108.687 Y100.57 E545.47104
G1 Z31.319 X108.631 Y101.136 E545.49029
G1 Z31.321 X108.538 Y101.698 E545.50957
G1 Z31.323 X108.409 Y102.253 E545.52886
G1 Z31.325 X108.243 Y102.798 E545.54814
G1 Z31.328 X108.043 Y103.331 E545.56741
G1 Z31.330 X107.808 Y103.85 E545.58669
G1 Z31.332 X107.539 Y104.353 E545.606
G1 Z31.334 X107.238 Y104.837 E545.62529
G1 Z31.336 X106.907 Y105.3 E545.64455
G1 Z31.338 X106.545 Y105.74 E545.66384
G1 Z31.340 X106.156 Y106.156 E545.68312
G1 Z31.342 X105.74 Y106.545 E545.7024
G1 Z31.344 X105.3 Y106.907 E545.72169
G1 Z31.346 X104.837 Y107.238 E545.74095
G1 Z31.348 X104.353 Y107.539 E545.76024
G1 Z31.350 X103.85 Y107.808 E545.77955
G1 Z31.353 X103.331 Y108.043 E545.79883
G1 Z31.355 X102.798 Y108.243 E545.8181
G1 Z31.357 X102.253 Y108.409 E545.83738
G1 Z31.359 X101.698 Y108.538 E545.85667
G1 Z31.361 X101.136 Y108.631 E545.87595
G1 Z31.363 X100.569 Y108.687 E545.89524
G1 Z31.365 X100.059 Y108.704 E545.91251
G1 Z31.367 X99.43 Y108.687 E545.93381
G1 Z31.369 X98.864 Y108.631 E545.95306
G1 Z31.371 X98.302 Y108.538 E545.97234
G1 Z31.373 X97.747 Y108.409 E545.99163
G1 Z31.375 X97.202 Y108.243 E546.01091
G1 Z31.378 X96.669 Y108.043 E546.03018
G1 Z31.380 X96.15 Y107.808 E546.04946
G1 Z31.382 X95.647 Y107.539 E546.06877
G1 Z31.384 X95.163 Y107.238 E546.08806
G1 Z31.386 X94.7 Y106.907 E546.10732
G1 Z31.388 X94.26 Y106.545 E546.12661
G1 Z31.390 X93.844 Y106.156 E546.14589
G1 Z31.392 X93.455 Y105.74 E546.16517
G1 Z31.394 X93.093 Y105.3 E546.18446
G1 Z31.396 X92.762 Y104.837 E546.20372
G1 Z31.398 X92.461 Y104.353 E546.22301
G1 Z31.400 X92.255 Y103.968 E546.23779
;LAYER_CHANGE
;Z:31.6
;HEIGHT:0.200001
G1 Z31.400 F7800
G1 F648
G1 Z31.400 X92.283 Y103.805 E546.24221
G1 Z31.403 X92.051 Y103.293 E546.26124
G1 Z31.405 X91.853 Y102.766 E546.2803
G1 Z31.407 X91.689 Y102.227 E546.29937
G1 Z31.409 X91.561 Y101.679 E546.31842
G1 Z31.411 X91.47 Y101.123 E546.33749
G1 Z31.413 X91.414 Y100.563 E546.35654
G1 Z31.415 X91.396 Y100 E546.37561
G1 Z31.417 X91.414 Y99.437 E546.39468
G1 Z31.419 X91.47 Y98.877 E546.41373
G1 Z31.421 X91.561 Y98.321 E546.4328
G1 Z31.423 X91.689 Y97.773 E546.45185
G1 Z31.425 X91.853 Y97.234 E546.47092
G1 Z31.428 X92.051 Y96.707 E546.48998
G1 Z31.430 X92.283 Y96.195 E546.50901
G1 Z31.432 X92.549 Y95.698 E546.52809
G1 Z31.434 X92.846 Y95.22 E546.54714
G1 Z31.436 X93.174 Y94.762 E546.56621
G1 Z31.438 X93.531 Y94.327 E546.58526
G1 Z31.440 X93.916 Y93.916 E546.60432
G1 Z31.442 X94.327 Y93.531 E546.62338
G1 Z31.444 X94.762 Y93.174 E546.64243
G1 Z31.446 X95.22 Y92.846 E546.6615
G1 Z31.448 X95.698 Y92.549 E546.68055
G1 Z31.450 X96.195 Y92.283 E546.69963
G1 Z31.453 X96.707 Y92.051 E546.71866
G1 Z31.455 X97.234 Y91.853 E546.73772
G1 Z31.457 X97.773 Y91.689 E546.75679
G1 Z31.459 X98.321 Y91.561 E546.77584
G1 Z31.461 X98.877 Y91.47 E546.79491
G1 Z31.463 X99.437 Y91.414 E546.81396
G1 Z31.466 X100.279 Y91.405 E546.84246
G1 Z31.469 X101.123 Y91.47 E546.87111
G1 Z31.471 X101.679 Y91.561 E546.89018
G1 Z31.473 X102.227 Y91.689 E546.90923
G1 Z31.475 X102.766 Y91.853 E546.9283
G1 Z31.478 X103.293 Y92.051 E546.94736
G1 Z31.480 X103.805 Y92.283 E546.96639
G1 Z31.482 X104.302 Y92.549 E546.98547
G1 Z31.484 X104.78 Y92.846 E547.00452
G1 Z31.487 X105.453 Y93.351 E547.033
G1 Z31.490 X106.084 Y93.916 E547.06167
G1 Z31.492 X106.469 Y94.327 E547.08073
G1 Z31.494 X106.826 Y94.762 E547.09978
G1 Z31.496 X107.154 Y95.22 E547.11885
G1 Z31.498 X107.451 Y95.698 E547.1379
G1 Z31.500 X107.717 Y96.195 E547.15698
G1 Z31.503 X107.949 Y96.707 E547.17601
G1 Z31.505 X108.147 Y97.234 E547.19507
G1 Z31.507 X108.311 Y97.773 E547.21414
G1 Z31.509 X108.439 Y98.321 E547.23319
G1 Z31.511 X108.53 Y98.877 E547.25226
G1 Z31.513 X108.586 Y99.437 E547.27131
G1 Z31.515 X108.604 Y100 E547.29038
G1 Z31.517 X108.586 Y100.563 E547.30945
G1 Z31.519 X108.53 Y101.123 E547.3285
G1 Z31.521 X108.439 Y101.679 E547.34757
G1 Z31.523 X108.311 Y102.227 E547.36662
G1 Z31.525 X108.147 Y102.766 E547.38569
G1 Z31.528 X107.949 Y103.293 E547.40475
G1 Z31.530 X107.717 Y103.805 E547.42378
G1 Z31.532 X107.451 Y104.302 E547.44286
G1 Z31.534 X107.154 Y104.78 E547.46191
G1 Z31.536 X106.826 Y105.238 E547.48098
G1 Z31.538 X106.469 Y105.673 E547.50003
G1 Z31.540 X106.084 Y106.084 E547.51909
G1 Z31.542 X105.673 Y106.469 E547.53815
G1 Z31.544 X105.238 Y106.826 E547.5572
G1 Z31.546 X104.78 Y107.154 E547.57627
G1 Z31.548 X104.302 Y107.451 E547.59532
G1 Z31.550 X103.805 Y107.717 E547.6144
G1 Z31.553 X103.293 Y107.949 E547.63343
G1 Z31.555 X102.766 Y108.147 E547.65249
G1 Z31.557 X102.227 Y108.311 E547.67156
G1 Z31.559 X101.679 Y108.439 E547.69061
G1 Z31.561 X101.123 Y108.53 E547.70968
G1 Z31.563 X100.563 Y108.586 E547.72873
G1 Z31.565 X100 Y108.604 E547.7478
G1 Z31.567 X99.437 Y108.586 E547.76687
G1 Z31.569 X98.877 Y108.53 E547.78592
G1 Z31.571 X98.321 Y108.439 E547.80499
G1 Z31.573 X97.773 Y108.311 E547.82404
G1 Z31.575 X97.234 Y108.147 E547.84311
G1 Z31.578 X96.707 Y107.949 E547.86217
G1 Z31.580 X96.195 Y107.717 E547.8812
G1 Z31.582 X95.698 Y107.451 E547.90028
G1 Z31.584 X95.22 Y107.154 E547.91933
G1 Z31.586 X94.762 Y106.826 E547.9384
G1 Z31.588 X94.327 Y106.469 E547.95745
G1 Z31.590 X93.916 Y106.084 E547.97651
G1 Z31.592 X93.531 Y105.673 E547.99557
G1 Z31.594 X93.174 Y105.238 E548.01462
G1 Z31.596 X92.846 Y104.78 E548.03369
G1 Z31.598 X92.549 Y104.302 E548.05274
G1 Z31.600 X92.345 Y103.92 E548.0674
;LAYER_CHANGE
;Z:31.8
;HEIGHT:0.199999
G1 Z31.600 F7800
G1 F641
G1 Z31.600 X92.369 Y103.763 E548.0717
G1 Z31.603 X92.139 Y103.256 E548.09054
G1 Z31.605 X91.943 Y102.735 E548.10938
G1 Z31.607 X91.781 Y102.202 E548.12824
G1 Z31.609 X91.655 Y101.66 E548.14708
G1 Z31.611 X91.564 Y101.111 E548.16592
G1 Z31.613 X91.51 Y100.556 E548.18479
G1 Z31.615 X91.492 Y100 E548.20362
G1 Z31.617 X91.51 Y99.444 E548.22245
G1 Z31.619 X91.564 Y98.889 E548.24132
G1 Z31.621 X91.655 Y98.34 E548.26016
G1 Z31.623 X91.781 Y97.798 E548.279
G1 Z31.625 X91.943 Y97.265 E548.29786
G1 Z31.628 X92.139 Y96.744 E548.3167
G1 Z31.630 X92.369 Y96.237 E548.33554
G1 Z31.632 X92.631 Y95.746 E548.35438
G1 Z31.634 X92.925 Y95.273 E548.37323
G1 Z31.636 X93.25 Y94.82 E548.3921
G1 Z31.638 X93.603 Y94.39 E548.41093
G1 Z31.640 X93.983 Y93.984 E548.42975
G1 Z31.642 X94.433 Y93.568 E548.45049
G1 Z31.644 X94.82 Y93.25 E548.46744
G1 Z31.646 X95.273 Y92.925 E548.48631
G1 Z31.648 X95.746 Y92.631 E548.50516
G1 Z31.650 X96.237 Y92.369 E548.524
G1 Z31.653 X96.744 Y92.139 E548.54284
G1 Z31.655 X97.265 Y91.943 E548.56168
G1 Z31.657 X97.798 Y91.781 E548.58054
G1 Z31.659 X98.34 Y91.655 E548.59938
G1 Z31.661 X98.889 Y91.564 E548.61822
G1 Z31.663 X99.443 Y91.51 E548.63706
G1 Z31.665 X100.056 Y91.493 E548.65782
G1 Z31.667 X100.556 Y91.51 E548.67475
G1 Z31.669 X101.111 Y91.564 E548.69362
G1 Z31.671 X101.66 Y91.655 E548.71246
G1 Z31.673 X102.202 Y91.781 E548.7313
G1 Z31.675 X102.735 Y91.943 E548.75016
G1 Z31.678 X103.256 Y92.139 E548.769
G1 Z31.680 X103.763 Y92.369 E548.78784
G1 Z31.682 X104.254 Y92.631 E548.80668
G1 Z31.684 X104.727 Y92.925 E548.82553
G1 Z31.686 X105.18 Y93.25 E548.8444
G1 Z31.688 X105.61 Y93.603 E548.86323
G1 Z31.690 X106.016 Y93.983 E548.88205
G1 Z31.692 X106.432 Y94.433 E548.90279
G1 Z31.694 X106.75 Y94.82 E548.91974
G1 Z31.696 X107.075 Y95.273 E548.93861
G1 Z31.698 X107.369 Y95.746 E548.95746
G1 Z31.700 X107.631 Y96.237 E548.9763
G1 Z31.703 X107.861 Y96.744 E548.99514
G1 Z31.705 X108.057 Y97.265 E549.01398
G1 Z31.707 X108.219 Y97.798 E549.03284
G1 Z31.709 X108.345 Y98.34 E549.05168
G1 Z31.711 X108.436 Y98.889 E549.07052
G1 Z31.713 X108.49 Y99.444 E549.08939
G1 Z31.715 X108.508 Y100 E549.10822
G1 Z31.717 X108.49 Y100.556 E549.12705
G1 Z31.719 X108.436 Y101.111 E549.14592
G1 Z31.721 X108.345 Y101.66 E549.16476
G1 Z31.723 X108.219 Y102.202 E549.1836
G1 Z31.725 X108.057 Y102.735 E549.20246
G1 Z31.728 X107.861 Y103.256 E549.2213
G1 Z31.730 X107.631 Y103.763 E549.24014
G1 Z31.732 X107.369 Y104.254 E549.25898
G1 Z31.734 X107.075 Y104.727 E549.27783
G1 Z31.736 X106.75 Y105.18 E549.2967
G1 Z31.738 X106.397 Y105.61 E549.31553
G1 Z31.740 X106.017 Y106.016 E549.33435
G1 Z31.742 X105.567 Y106.432 E549.35509
G1 Z31.744 X105.18 Y106.75 E549.37204
G1 Z31.746 X104.727 Y107.075 E549.39091
G1 Z31.748 X104.254 Y107.369 E549.40976
G1 Z31.750 X103.763 Y107.631 E549.4286
G1 Z31.753 X103.256 Y107.861 E549.44744
G1 Z31.755 X102.735 Y108.057 E549.46628
G1 Z31.757 X102.202 Y108.219 E549.48514
G1 Z31.759 X101.66 Y108.345 E549.50398
G1 Z31.761 X101.111 Y108.436 E549.52282
G1 Z31.763 X100.556 Y108.49 E549.54169
G1 Z31.765 X100 Y108.508 E549.56052
G1 Z31.767 X99.444 Y108.49 E549.57935
G1 Z31.769 X98.889 Y108.436 E549.59822
G1 Z31.771 X98.34 Y108.345 E549.61706
G1 Z31.773 X97.798 Y108.219 E549.6359
G1 Z31.775 X97.265 Y108.057 E549.65476
G1 Z31.778 X96.744 Y107.861 E549.6736
G1 Z31.780 X96.237 Y107.631 E549.69244
G1 Z31.782 X95.746 Y107.369 E549.71128
G1 Z31.784 X95.273 Y107.075 E549.73013
G1 Z31.786 X94.82 Y106.75 E549.749
G1 Z31.788 X94.39 Y106.397 E549.76783
G1 Z31.790 X93.984 Y106.017 E549.78665
G1 Z31.792 X93.568 Y105.567 E549.80739
G1 Z31.794 X93.25 Y105.18 E549.82434
G1 Z31.796 X92.925 Y104.727 E549.84321
G1 Z31.798 X92.631 Y104.254 E549.86206
G1 Z31.800 X92.429 Y103.875 E549.8766
;LAYER_CHANGE
;Z:32
;HEIGHT:0.200001
G1 Z31.800 F7800
G1 F636
G1 Z31.800 X92.427 Y103.734 E549.88083
G1 Z31.803 X92.199 Y103.231 E549.89952
G1 Z31.805 X92.005 Y102.714 E549.91821
G1 Z31.807 X91.844 Y102.185 E549.93693
G1 Z31.809 X91.719 Y101.647 E549.95563
G1 Z31.811 X91.629 Y101.102 E549.97433
G1 Z31.813 X91.575 Y100.552 E549.99304
G1 Z31.814 X91.562 Y100.17 E550.00598
G1 Z31.817 X91.575 Y99.446 E550.03049
G1 Z31.819 X91.629 Y98.898 E550.04913
G1 Z31.821 X91.719 Y98.353 E550.06783
G1 Z31.823 X91.844 Y97.815 E550.08653
G1 Z31.825 X92.005 Y97.286 E550.10525
G1 Z31.828 X92.199 Y96.769 E550.12394
G1 Z31.830 X92.427 Y96.266 E550.14263
G1 Z31.832 X92.688 Y95.778 E550.16136
G1 Z31.834 X92.98 Y95.309 E550.18006
G1 Z31.836 X93.301 Y94.86 E550.19874
G1 Z31.838 X93.652 Y94.433 E550.21745
G1 Z31.840 X94.03 Y94.03 E550.23615
G1 Z31.842 X94.433 Y93.652 E550.25485
G1 Z31.844 X94.86 Y93.301 E550.27356
G1 Z31.846 X95.309 Y92.98 E550.29224
G1 Z31.848 X95.778 Y92.688 E550.31094
G1 Z31.850 X96.266 Y92.427 E550.32967
G1 Z31.853 X96.769 Y92.199 E550.34836
G1 Z31.855 X97.286 Y92.005 E550.36705
G1 Z31.857 X97.815 Y91.844 E550.38577
G1 Z31.859 X98.353 Y91.719 E550.40447
G1 Z31.861 X98.898 Y91.629 E550.42317
G1 Z31.863 X99.448 Y91.575 E550.44188
G1 Z31.865 X100 Y91.557 E550.46057
G1 Z31.866 X100.382 Y91.569 E550.47351
G1 Z31.869 X101.104 Y91.629 E550.49803
G1 Z31.871 X101.647 Y91.719 E550.51666
G1 Z31.873 X102.185 Y91.844 E550.53536
G1 Z31.875 X102.714 Y92.005 E550.55408
G1 Z31.878 X103.231 Y92.199 E550.57277
G1 Z31.880 X103.734 Y92.427 E550.59146
G1 Z31.882 X104.222 Y92.688 E550.61019
G1 Z31.884 X104.691 Y92.98 E550.62889
G1 Z31.886 X105.14 Y93.301 E550.64757
G1 Z31.888 X105.567 Y93.652 E550.66628
G1 Z31.890 X105.97 Y94.03 E550.68498
G1 Z31.892 X106.348 Y94.433 E550.70368
G1 Z31.894 X106.699 Y94.86 E550.72239
G1 Z31.896 X107.02 Y95.309 E550.74107
G1 Z31.898 X107.312 Y95.778 E550.75977
G1 Z31.900 X107.573 Y96.266 E550.7785
G1 Z31.903 X107.801 Y96.769 E550.79719
G1 Z31.905 X107.995 Y97.286 E550.81588
G1 Z31.907 X108.156 Y97.815 E550.8346
G1 Z31.909 X108.281 Y98.353 E550.8533
G1 Z31.911 X108.371 Y98.898 E550.872
G1 Z31.913 X108.425 Y99.448 E550.89071
G1 Z31.914 X108.438 Y99.83 E550.90365
G1 Z31.917 X108.425 Y100.554 E550.92816
G1 Z31.919 X108.371 Y101.102 E550.9468
G1 Z31.921 X108.281 Y101.647 E550.9655
G1 Z31.923 X108.156 Y102.185 E550.9842
G1 Z31.925 X107.995 Y102.714 E551.00292
G1 Z31.928 X107.801 Y103.231 E551.02161
G1 Z31.930 X107.573 Y103.734 E551.0403
G1 Z31.932 X107.312 Y104.222 E551.05903
G1 Z31.934 X107.02 Y104.691 E551.07773
G1 Z31.936 X106.699 Y105.14 E551.09641
G1 Z31.938 X106.348 Y105.567 E551.11512
G1 Z31.940 X105.97 Y105.97 E551.13382
G1 Z31.942 X105.567 Y106.348 E551.15252
G1 Z31.944 X105.14 Y106.699 E551.17123
G1 Z31.946 X104.691 Y107.02 E551.18991
G1 Z31.948 X104.222 Y107.312 E551.20861
G1 Z31.950 X103.734 Y107.573 E551.22734
G1 Z31.953 X103.231 Y107.801 E551.24603
G1 Z31.955 X102.714 Y107.995 E551.26472
G1 Z31.957 X102.185 Y108.156 E551.28344
G1 Z31.959 X101.647 Y108.281 E551.30214
G1 Z31.961 X101.102 Y108.371 E551.32084
G1 Z31.963 X100.552 Y108.425 E551.33955
G1 Z31.964 X100.17 Y108.438 E551.35249
G1 Z31.967 X99.446 Y108.425 E551.377
G1 Z31.969 X98.898 Y108.371 E551.39564
G1 Z31.971 X98.353 Y108.281 E551.41434
G1 Z31.973 X97.815 Y108.156 E551.43304
G1 Z31.975 X97.286 Y107.995 E551.45176
G1 Z31.978 X96.769 Y107.801 E551.47045
G1 Z31.980 X96.266 Y107.573 E551.48914
G1 Z31.982 X95.778 Y107.312 E551.50787
G1 Z31.984 X95.309 Y107.02 E551.52657
G1 Z31.986 X94.86 Y106.699 E551.54525
G1 Z31.988 X94.433 Y106.348 E551.56396
G1 Z31.990 X94.03 Y105.97 E551.58266
G1 Z31.992 X93.652 Y105.567 E551.60136
G1 Z31.994 X93.301 Y105.14 E551.62007
G1 Z31.996 X92.98 Y104.691 E551.63875
G1 Z31.998 X92.688 Y104.222 E551.65745
G1 Z32.000 X92.486 Y103.844 E551.67196
;LAYER_CHANGE
;Z:32.2
;HEIGHT:0.200001
G1 Z32.000 F7800
G1 F632
G1 Z32.000 X92.471 Y103.713 E551.67614
G1 Z32.003 X92.244 Y103.213 E551.69473
G1 Z32.005 X92.051 Y102.698 E551.71335
G1 Z32.007 X91.891 Y102.173 E551.73193
G1 Z32.009 X91.766 Y101.638 E551.75053
G1 Z32.011 X91.677 Y101.096 E551.76912
G1 Z32.013 X91.623 Y100.549 E551.78773
G1 Z32.015 X91.605 Y100.002 E551.80626
G1 Z32.018 X91.64 Y99.285 E551.83056
G1 Z32.019 X91.677 Y98.904 E551.84352
G1 Z32.021 X91.767 Y98.362 E551.86212
G1 Z32.023 X91.891 Y97.827 E551.88071
G1 Z32.025 X92.051 Y97.302 E551.89929
G1 Z32.028 X92.244 Y96.787 E551.91791
G1 Z32.030 X92.471 Y96.287 E551.9365
G1 Z32.032 X92.73 Y95.803 E551.95508
G1 Z32.034 X93.02 Y95.336 E551.97369
G1 Z32.036 X93.34 Y94.89 E551.99227
G1 Z32.038 X93.688 Y94.465 E552.01086
G1 Z32.040 X94.064 Y94.064 E552.02947
G1 Z32.042 X94.465 Y93.688 E552.04808
G1 Z32.044 X94.89 Y93.34 E552.06667
G1 Z32.046 X95.335 Y93.021 E552.0852
G1 Z32.049 X95.95 Y92.651 E552.10949
G1 Z32.050 X96.287 Y92.471 E552.12242
G1 Z32.053 X96.787 Y92.244 E552.14101
G1 Z32.055 X97.302 Y92.051 E552.15963
G1 Z32.057 X97.827 Y91.891 E552.17821
G1 Z32.059 X98.362 Y91.766 E552.19681
G1 Z32.061 X98.904 Y91.677 E552.2154
G1 Z32.063 X99.449 Y91.623 E552.23394
G1 Z32.066 X100.167 Y91.611 E552.25825
G1 Z32.067 X100.549 Y91.623 E552.27119
G1 Z32.069 X101.096 Y91.677 E552.2898
G1 Z32.071 X101.638 Y91.767 E552.3084
G1 Z32.073 X102.173 Y91.891 E552.32699
G1 Z32.075 X102.698 Y92.051 E552.34557
G1 Z32.078 X103.213 Y92.244 E552.36419
G1 Z32.080 X103.713 Y92.471 E552.38278
G1 Z32.082 X104.197 Y92.73 E552.40136
G1 Z32.084 X104.664 Y93.02 E552.41997
G1 Z32.086 X105.11 Y93.34 E552.43855
G1 Z32.088 X105.535 Y93.688 E552.45714
G1 Z32.090 X105.936 Y94.064 E552.47575
G1 Z32.092 X106.312 Y94.465 E552.49436
G1 Z32.094 X106.66 Y94.89 E552.51295
G1 Z32.096 X106.979 Y95.335 E552.53148
G1 Z32.099 X107.349 Y95.95 E552.55577
G1 Z32.100 X107.529 Y96.287 E552.5687
G1 Z32.103 X107.756 Y96.787 E552.58729
G1 Z32.105 X107.949 Y97.302 E552.60591
G1 Z32.107 X108.109 Y97.827 E552.62449
G1 Z32.109 X108.234 Y98.362 E552.64309
G1 Z32.111 X108.323 Y98.904 E552.66168
G1 Z32.113 X108.377 Y99.451 E552.68029
G1 Z32.115 X108.395 Y99.998 E552.69882
G1 Z32.118 X108.36 Y100.715 E552.72312
G1 Z32.119 X108.323 Y101.096 E552.73608
G1 Z32.121 X108.233 Y101.638 E552.75468
G1 Z32.123 X108.109 Y102.173 E552.77327
G1 Z32.125 X107.949 Y102.698 E552.79185
G1 Z32.128 X107.756 Y103.213 E552.81047
G1 Z32.130 X107.529 Y103.713 E552.82906
G1 Z32.132 X107.27 Y104.197 E552.84764
G1 Z32.134 X106.98 Y104.664 E552.86625
G1 Z32.136 X106.66 Y105.11 E552.88483
G1 Z32.138 X106.312 Y105.535 E552.90342
G1 Z32.140 X105.936 Y105.936 E552.92203
G1 Z32.142 X105.535 Y106.312 E552.94064
G1 Z32.144 X105.11 Y106.66 E552.95923
G1 Z32.146 X104.665 Y106.979 E552.97776
G1 Z32.149 X104.05 Y107.349 E553.00205
G1 Z32.150 X103.713 Y107.529 E553.01498
G1 Z32.153 X103.213 Y107.756 E553.03357
G1 Z32.155 X102.698 Y107.949 E553.05219
G1 Z32.157 X102.173 Y108.109 E553.07077
G1 Z32.159 X101.638 Y108.234 E553.08937
G1 Z32.161 X101.096 Y108.323 E553.10796
G1 Z32.163 X100.549 Y108.377 E553.12657
G1 Z32.165 X100.002 Y108.395 E553.1451
G1 Z32.168 X99.285 Y108.36 E553.1694
G1 Z32.169 X98.904 Y108.323 E553.18236
G1 Z32.171 X98.362 Y108.233 E553.20096
G1 Z32.173 X97.827 Y108.109 E553.21955
G1 Z32.175 X97.302 Y107.949 E553.23813
G1 Z32.178 X96.787 Y107.756 E553.25675
G1 Z32.180 X96.287 Y107.529 E553.27534
G1 Z32.182 X95.803 Y107.27 E553.29392
G1 Z32.184 X95.336 Y106.98 E553.31253
G1 Z32.186 X94.89 Y106.66 E553.33111
G1 Z32.188 X94.465 Y106.312 E553.3497
G1 Z32.190 X94.064 Y105.936 E553.36831
G1 Z32.192 X93.688 Y105.535 E553.38692
G1 Z32.194 X93.34 Y105.11 E553.40551
G1 Z32.196 X93.021 Y104.665 E553.42404
G1 Z32.199 X92.651 Y104.05 E553.44833
G1 Z32.200 X92.529 Y103.822 E553.45708
;LAYER_CHANGE
;Z:32.4
;HEIGHT:0.200001
G1 Z32.200 F7800
G1 F630
G1 Z32.200 X92.5 Y103.699 E553.46118
G1 Z32.203 X92.274 Y103.2 E553.47972
G1 Z32.205 X92.081 Y102.688 E553.49824
G1 Z32.207 X91.922 Y102.164 E553.51678
G1 Z32.209 X91.798 Y101.631 E553.5353
G1 Z32.211 X91.709 Y101.092 E553.55379
G1 Z32.213 X91.655 Y100.547 E553.57233
G1 Z32.215 X91.637 Y100 E553.59086
G1 Z32.217 X91.655 Y99.453 E553.60939
G1 Z32.219 X91.709 Y98.908 E553.62793
G1 Z32.221 X91.798 Y98.369 E553.64642
G1 Z32.223 X91.922 Y97.836 E553.66494
G1 Z32.225 X92.081 Y97.312 E553.68348
G1 Z32.228 X92.274 Y96.8 E553.702
G1 Z32.230 X92.5 Y96.301 E553.72054
G1 Z32.232 X92.758 Y95.819 E553.73905
G1 Z32.234 X93.047 Y95.354 E553.75758
G1 Z32.236 X93.365 Y94.909 E553.77609
G1 Z32.238 X93.713 Y94.486 E553.79463
G1 Z32.240 X94.087 Y94.087 E553.81314
G1 Z32.242 X94.486 Y93.713 E553.83165
G1 Z32.244 X94.909 Y93.365 E553.85019
G1 Z32.246 X95.354 Y93.047 E553.8687
G1 Z32.248 X95.819 Y92.758 E553.88723
G1 Z32.250 X96.301 Y92.5 E553.90574
G1 Z32.253 X96.8 Y92.274 E553.92428
G1 Z32.255 X97.312 Y92.081 E553.9428
G1 Z32.257 X97.836 Y91.922 E553.96134
G1 Z32.259 X98.369 Y91.798 E553.97986
G1 Z32.261 X98.908 Y91.709 E553.99835
G1 Z32.263 X99.453 Y91.655 E554.01689
G1 Z32.265 X100 Y91.637 E554.03542
G1 Z32.267 X100.491 Y91.653 E554.05205
G1 Z32.269 X101.092 Y91.709 E554.07248
G1 Z32.271 X101.631 Y91.798 E554.09097
G1 Z32.273 X102.164 Y91.922 E554.10949
G1 Z32.275 X102.688 Y92.081 E554.12803
G1 Z32.278 X103.2 Y92.274 E554.14655
G1 Z32.280 X103.699 Y92.5 E554.16509
G1 Z32.282 X104.181 Y92.758 E554.1836
G1 Z32.284 X104.646 Y93.047 E554.20213
G1 Z32.286 X105.091 Y93.365 E554.22064
G1 Z32.288 X105.514 Y93.713 E554.23918
G1 Z32.290 X105.913 Y94.087 E554.25769
G1 Z32.292 X106.287 Y94.486 E554.2762
G1 Z32.294 X106.635 Y94.909 E554.29474
G1 Z32.296 X106.953 Y95.354 E554.31325
G1 Z32.298 X107.242 Y95.819 E554.33178
G1 Z32.300 X107.5 Y96.301 E554.35029
G1 Z32.303 X107.726 Y96.8 E554.36883
G1 Z32.305 X107.919 Y97.312 E554.38735
G1 Z32.307 X108.078 Y97.836 E554.40589
G1 Z32.309 X108.202 Y98.369 E554.42441
G1 Z32.311 X108.291 Y98.908 E554.4429
G1 Z32.313 X108.345 Y99.453 E554.46144
G1 Z32.315 X108.363 Y100 E554.47997
G1 Z32.317 X108.345 Y100.547 E554.4985
G1 Z32.319 X108.291 Y101.092 E554.51704
G1 Z32.321 X108.202 Y101.631 E554.53553
G1 Z32.323 X108.078 Y102.164 E554.55405
G1 Z32.325 X107.919 Y102.688 E554.57259
G1 Z32.328 X107.726 Y103.2 E554.59111
G1 Z32.330 X107.5 Y103.699 E554.60965
G1 Z32.332 X107.242 Y104.181 E554.62816
G1 Z32.334 X106.953 Y104.646 E554.64669
G1 Z32.336 X106.635 Y105.091 E554.6652
G1 Z32.338 X106.287 Y105.514 E554.68374
G1 Z32.340 X105.913 Y105.913 E554.70225
G1 Z32.342 X105.514 Y106.287 E554.72076
G1 Z32.344 X105.091 Y106.635 E554.7393
G1 Z32.346 X104.646 Y106.953 E554.75781
G1 Z32.348 X104.181 Y107.242 E554.77634
G1 Z32.350 X103.699 Y107.5 E554.79485
G1 Z32.353 X103.2 Y107.726 E554.81339
G1 Z32.355 X102.688 Y107.919 E554.83191
G1 Z32.357 X102.164 Y108.078 E554.85045
G1 Z32.359 X101.631 Y108.202 E554.86897
G1 Z32.361 X101.092 Y108.291 E554.88746
G1 Z32.363 X100.547 Y108.345 E554.906
G1 Z32.365 X100 Y108.363 E554.92453
G1 Z32.367 X99.453 Y108.345 E554.94306
G1 Z32.369 X98.908 Y108.291 E554.9616
G1 Z32.371 X98.369 Y108.202 E554.98009
G1 Z32.373 X97.836 Y108.078 E554.99861
G1 Z32.375 X97.312 Y107.919 E555.01715
G1 Z32.378 X96.8 Y107.726 E555.03567
G1 Z32.380 X96.301 Y107.5 E555.05421
G1 Z32.382 X95.819 Y107.242 E555.07272
G1 Z32.384 X95.354 Y106.953 E555.09125
G1 Z32.386 X94.909 Y106.635 E555.10976
G1 Z32.388 X94.486 Y106.287 E555.1283
G1 Z32.390 X94.087 Y105.913 E555.14681
G1 Z32.392 X93.713 Y105.514 E555.16532
G1 Z32.394 X93.365 Y105.091 E555.18386
G1 Z32.396 X93.047 Y104.646 E555.20237
G1 Z32.398 X92.758 Y104.181 E555.2209
G1 Z32.400 X92.557 Y103.806 E555.2353
;LAYER_CHANGE
;Z:32.6
;HEIGHT:0.199997
G1 Z32.400 F7800
G1 F629
G1 Z32.400 X92.507 Y103.695 E555.23943
G1 Z32.403 X92.281 Y103.197 E555.25794
G1 Z32.405 X92.088 Y102.686 E555.27643
G1 Z32.407 X91.93 Y102.162 E555.29496
G1 Z32.409 X91.806 Y101.63 E555.31345
G1 Z32.411 X91.717 Y101.091 E555.33194
G1 Z32.413 X91.663 Y100.546 E555.35048
G1 Z32.415 X91.645 Y100.002 E555.3689
G1 Z32.418 X91.69 Y99.182 E555.3967
G1 Z32.421 X91.806 Y98.368 E555.42453
G1 Z32.423 X91.93 Y97.838 E555.44295
G1 Z32.425 X92.088 Y97.314 E555.46148
G1 Z32.428 X92.281 Y96.803 E555.47997
G1 Z32.430 X92.507 Y96.305 E555.49848
G1 Z32.432 X92.764 Y95.823 E555.51697
G1 Z32.434 X93.052 Y95.36 E555.53543
G1 Z32.437 X93.545 Y94.703 E555.56323
G1 Z32.440 X94.094 Y94.091 E555.59106
G1 Z32.442 X94.491 Y93.718 E555.6095
G1 Z32.444 X94.914 Y93.372 E555.628
G1 Z32.446 X95.358 Y93.053 E555.64651
G1 Z32.448 X95.823 Y92.764 E555.66504
G1 Z32.450 X96.305 Y92.507 E555.68353
G1 Z32.453 X96.803 Y92.281 E555.70204
G1 Z32.455 X97.314 Y92.088 E555.72053
G1 Z32.457 X97.838 Y91.93 E555.73906
G1 Z32.459 X98.37 Y91.806 E555.75755
G1 Z32.461 X98.909 Y91.717 E555.77604
G1 Z32.463 X99.451 Y91.663 E555.79448
G1 Z32.466 X100.273 Y91.654 E555.82231
G1 Z32.469 X101.093 Y91.717 E555.85015
G1 Z32.471 X101.63 Y91.806 E555.86857
G1 Z32.473 X102.162 Y91.93 E555.88706
G1 Z32.475 X102.686 Y92.088 E555.90559
G1 Z32.478 X103.197 Y92.281 E555.92408
G1 Z32.480 X103.695 Y92.507 E555.94259
G1 Z32.482 X104.177 Y92.764 E555.96108
G1 Z32.484 X104.64 Y93.052 E555.97954
G1 Z32.487 X105.297 Y93.545 E556.00734
G1 Z32.490 X105.909 Y94.094 E556.03517
G1 Z32.492 X106.282 Y94.491 E556.05361
G1 Z32.494 X106.628 Y94.914 E556.07211
G1 Z32.496 X106.947 Y95.358 E556.09062
G1 Z32.498 X107.236 Y95.823 E556.10915
G1 Z32.500 X107.493 Y96.305 E556.12764
G1 Z32.503 X107.719 Y96.803 E556.14615
G1 Z32.505 X107.912 Y97.314 E556.16464
G1 Z32.507 X108.07 Y97.838 E556.18317
G1 Z32.509 X108.194 Y98.37 E556.20166
G1 Z32.511 X108.283 Y98.909 E556.22015
G1 Z32.513 X108.337 Y99.454 E556.23869
G1 Z32.515 X108.355 Y100 E556.25718
G1 Z32.517 X108.337 Y100.546 E556.27567
G1 Z32.519 X108.283 Y101.091 E556.29421
G1 Z32.521 X108.194 Y101.63 E556.3127
G1 Z32.523 X108.07 Y102.162 E556.33119
G1 Z32.525 X107.912 Y102.686 E556.34972
G1 Z32.528 X107.719 Y103.197 E556.36821
G1 Z32.530 X107.493 Y103.695 E556.38672
G1 Z32.532 X107.236 Y104.177 E556.40521
G1 Z32.534 X106.947 Y104.642 E556.42374
G1 Z32.536 X106.628 Y105.086 E556.44225
G1 Z32.538 X106.282 Y105.509 E556.46075
G1 Z32.540 X105.908 Y105.908 E556.47926
G1 Z32.542 X105.509 Y106.282 E556.49777
G1 Z32.544 X105.086 Y106.628 E556.51627
G1 Z32.546 X104.642 Y106.947 E556.53478
G1 Z32.548 X104.177 Y107.236 E556.55331
G1 Z32.550 X103.695 Y107.493 E556.5718
G1 Z32.553 X103.197 Y107.719 E556.59031
G1 Z32.555 X102.686 Y107.912 E556.6088
G1 Z32.557 X102.162 Y108.07 E556.62733
G1 Z32.559 X101.63 Y108.194 E556.64582
G1 Z32.561 X101.091 Y108.283 E556.66431
G1 Z32.563 X100.546 Y108.337 E556.68285
G1 Z32.565 X100 Y108.355 E556.70134
G1 Z32.567 X99.454 Y108.337 E556.71983
G1 Z32.569 X98.909 Y108.283 E556.73837
G1 Z32.571 X98.37 Y108.194 E556.75686
G1 Z32.573 X97.838 Y108.07 E556.77535
G1 Z32.575 X97.314 Y107.912 E556.79388
G1 Z32.578 X96.803 Y107.719 E556.81237
G1 Z32.580 X96.305 Y107.493 E556.83088
G1 Z32.582 X95.823 Y107.236 E556.84937
G1 Z32.584 X95.358 Y106.947 E556.8679
G1 Z32.586 X94.914 Y106.628 E556.88641
G1 Z32.588 X94.491 Y106.282 E556.90491
G1 Z32.590 X94.092 Y105.908 E556.92342
G1 Z32.592 X93.718 Y105.509 E556.94193
G1 Z32.594 X93.372 Y105.086 E556.96043
G1 Z32.596 X93.053 Y104.642 E556.97894
G1 Z32.598 X92.764 Y104.177 E556.99747
G1 Z32.600 X92.564 Y103.803 E557.01183
;LAYER_CHANGE
;Z:32.8
;HEIGHT:0.200001
G1 Z32.600 F7800
G1 F629
G1 Z32.600 X92.505 Y103.696 E557.01595
G1 Z32.603 X92.28 Y103.198 E557.03445
G1 Z32.605 X92.087 Y102.686 E557.05297
G1 Z32.607 X91.928 Y102.163 E557.07147
G1 Z32.609 X91.804 Y101.63 E557.08999
G1 Z32.611 X91.715 Y101.091 E557.10848
G1 Z32.613 X91.662 Y100.547 E557.12698
G1 Z32.615 X91.644 Y100.001 E557.14547
G1 Z32.617 X91.667 Y99.398 E557.1659
G1 Z32.619 X91.715 Y98.909 E557.18253
G1 Z32.621 X91.804 Y98.37 E557.20102
G1 Z32.623 X91.928 Y97.837 E557.21954
G1 Z32.625 X92.087 Y97.314 E557.23804
G1 Z32.628 X92.28 Y96.802 E557.25656
G1 Z32.630 X92.505 Y96.304 E557.27506
G1 Z32.632 X92.763 Y95.822 E557.29357
G1 Z32.634 X93.052 Y95.357 E557.3121
G1 Z32.636 X93.371 Y94.913 E557.33061
G1 Z32.638 X93.717 Y94.49 E557.34911
G1 Z32.640 X94.091 Y94.091 E557.36762
G1 Z32.642 X94.49 Y93.717 E557.38613
G1 Z32.644 X94.913 Y93.371 E557.40463
G1 Z32.646 X95.357 Y93.052 E557.42314
G1 Z32.649 X95.871 Y92.737 E557.44355
G1 Z32.650 X96.304 Y92.505 E557.46018
G1 Z32.653 X96.802 Y92.28 E557.47868
G1 Z32.655 X97.314 Y92.087 E557.4972
G1 Z32.657 X97.837 Y91.928 E557.5157
G1 Z32.659 X98.37 Y91.804 E557.53422
G1 Z32.661 X98.909 Y91.715 E557.55271
G1 Z32.663 X99.453 Y91.662 E557.57121
G1 Z32.665 X100.056 Y91.646 E557.59163
G1 Z32.667 X100.547 Y91.662 E557.60826
G1 Z32.669 X101.091 Y91.715 E557.62676
G1 Z32.671 X101.63 Y91.804 E557.64525
G1 Z32.673 X102.163 Y91.928 E557.66377
G1 Z32.675 X102.686 Y92.087 E557.68227
G1 Z32.678 X103.198 Y92.28 E557.70079
G1 Z32.680 X103.696 Y92.505 E557.71929
G1 Z32.682 X104.178 Y92.763 E557.7378
G1 Z32.684 X104.643 Y93.052 E557.75633
G1 Z32.686 X105.087 Y93.371 E557.77484
G1 Z32.688 X105.51 Y93.717 E557.79334
G1 Z32.690 X105.909 Y94.091 E557.81185
G1 Z32.692 X106.283 Y94.49 E557.83036
G1 Z32.694 X106.629 Y94.913 E557.84886
G1 Z32.696 X106.948 Y95.357 E557.86737
G1 Z32.699 X107.263 Y95.871 E557.88778
G1 Z32.700 X107.495 Y96.304 E557.90441
G1 Z32.703 X107.72 Y96.802 E557.92291
G1 Z32.705 X107.913 Y97.314 E557.94143
G1 Z32.707 X108.072 Y97.837 E557.95993
G1 Z32.709 X108.196 Y98.37 E557.97845
G1 Z32.711 X108.285 Y98.909 E557.99694
G1 Z32.713 X108.338 Y99.453 E558.01544
G1 Z32.715 X108.356 Y99.999 E558.03393
G1 Z32.717 X108.333 Y100.602 E558.05436
G1 Z32.719 X108.285 Y101.091 E558.07099
G1 Z32.721 X108.196 Y101.63 E558.08948
G1 Z32.723 X108.072 Y102.163 E558.108
G1 Z32.725 X107.913 Y102.686 E558.1265
G1 Z32.728 X107.72 Y103.198 E558.14502
G1 Z32.730 X107.495 Y103.696 E558.16352
G1 Z32.732 X107.237 Y104.178 E558.18203
G1 Z32.734 X106.948 Y104.643 E558.20056
G1 Z32.736 X106.629 Y105.087 E558.21907
G1 Z32.738 X106.283 Y105.51 E558.23757
G1 Z32.740 X105.909 Y105.909 E558.25608
G1 Z32.742 X105.51 Y106.283 E558.27459
G1 Z32.744 X105.087 Y106.629 E558.29309
G1 Z32.746 X104.643 Y106.948 E558.3116
G1 Z32.749 X104.129 Y107.263 E558.33201
G1 Z32.750 X103.696 Y107.495 E558.34864
G1 Z32.753 X103.198 Y107.72 E558.36714
G1 Z32.755 X102.686 Y107.913 E558.38566
G1 Z32.757 X102.163 Y108.072 E558.40416
G1 Z32.759 X101.63 Y108.196 E558.42268
G1 Z32.761 X101.091 Y108.285 E558.44117
G1 Z32.763 X100.547 Y108.338 E558.45967
G1 Z32.765 X100.001 Y108.356 E558.47816
G1 Z32.767 X99.398 Y108.333 E558.49859
G1 Z32.769 X98.909 Y108.285 E558.51522
G1 Z32.771 X98.37 Y108.196 E558.53371
G1 Z32.773 X97.837 Y108.072 E558.55223
G1 Z32.775 X97.314 Y107.913 E558.57073
G1 Z32.778 X96.802 Y107.72 E558.58925
G1 Z32.780 X96.304 Y107.495 E558.60775
G1 Z32.782 X95.822 Y107.237 E558.62626
G1 Z32.784 X95.357 Y106.948 E558.64479
G1 Z32.786 X94.913 Y106.629 E558.6633
G1 Z32.788 X94.49 Y106.283 E558.6818
G1 Z32.790 X94.091 Y105.909 E558.70031
G1 Z32.792 X93.717 Y105.51 E558.71882
G1 Z32.794 X93.371 Y105.087 E558.73732
G1 Z32.796 X93.052 Y104.643 E558.75583
G1 Z32.799 X92.737 Y104.129 E558.77624
G1 Z32.800 X92.563 Y103.803 E558.78875
;LAYER_CHANGE
;Z:33
;HEIGHT:0.200001
G1 Z32.800 F7800
G1 F631
G1 Z32.800 X92.485 Y103.706 E558.7929
G1 Z32.802 X92.328 Y103.358 E558.80582
G1 Z32.805 X92.065 Y102.692 E558.83006
G1 Z32.807 X91.906 Y102.169 E558.84856
G1 Z32.809 X91.782 Y101.635 E558.86712
G1 Z32.811 X91.693 Y101.094 E558.88568
G1 Z32.813 X91.639 Y100.548 E558.90425
G1 Z32.815 X91.621 Y100 E558.92281
G1 Z32.817 X91.639 Y99.452 E558.94137
G1 Z32.819 X91.693 Y98.906 E558.95994
G1 Z32.821 X91.782 Y98.365 E558.9785
G1 Z32.823 X91.906 Y97.831 E558.99706
G1 Z32.825 X92.066 Y97.307 E559.01561
G1 Z32.827 X92.2 Y96.949 E559.02855
G1 Z32.830 X92.486 Y96.293 E559.05277
G1 Z32.832 X92.744 Y95.81 E559.07131
G1 Z32.834 X93.033 Y95.345 E559.08984
G1 Z32.836 X93.352 Y94.899 E559.1084
G1 Z32.838 X93.7 Y94.475 E559.12697
G1 Z32.840 X94.075 Y94.075 E559.14553
G1 Z32.842 X94.475 Y93.7 E559.16409
G1 Z32.844 X94.899 Y93.352 E559.18266
G1 Z32.846 X95.345 Y93.033 E559.20122
G1 Z32.848 X95.81 Y92.744 E559.21975
G1 Z32.850 X96.294 Y92.485 E559.23833
G1 Z32.852 X96.642 Y92.328 E559.25125
G1 Z32.855 X97.308 Y92.065 E559.27549
G1 Z32.857 X97.831 Y91.906 E559.29399
G1 Z32.859 X98.365 Y91.782 E559.31255
G1 Z32.861 X98.906 Y91.693 E559.33111
G1 Z32.863 X99.452 Y91.639 E559.34968
G1 Z32.865 X100 Y91.621 E559.36824
G1 Z32.866 X100.381 Y91.633 E559.38114
G1 Z32.869 X101.095 Y91.693 E559.40539
G1 Z32.871 X101.635 Y91.782 E559.42391
G1 Z32.873 X102.169 Y91.906 E559.44247
G1 Z32.875 X102.693 Y92.066 E559.46102
G1 Z32.877 X103.051 Y92.2 E559.47396
G1 Z32.880 X103.707 Y92.486 E559.49818
G1 Z32.882 X104.19 Y92.744 E559.51672
G1 Z32.884 X104.655 Y93.033 E559.53525
G1 Z32.886 X105.101 Y93.352 E559.55381
G1 Z32.888 X105.525 Y93.7 E559.57238
G1 Z32.890 X105.925 Y94.075 E559.59094
G1 Z32.892 X106.3 Y94.475 E559.6095
G1 Z32.894 X106.648 Y94.899 E559.62807
G1 Z32.896 X106.967 Y95.345 E559.64663
G1 Z32.898 X107.256 Y95.81 E559.66516
G1 Z32.900 X107.515 Y96.294 E559.68374
G1 Z32.902 X107.672 Y96.642 E559.69666
G1 Z32.905 X107.935 Y97.308 E559.7209
G1 Z32.907 X108.094 Y97.831 E559.7394
G1 Z32.909 X108.218 Y98.365 E559.75796
G1 Z32.911 X108.307 Y98.906 E559.77652
G1 Z32.913 X108.361 Y99.452 E559.79509
G1 Z32.915 X108.379 Y100 E559.81365
G1 Z32.917 X108.361 Y100.548 E559.83221
G1 Z32.919 X108.307 Y101.094 E559.85078
G1 Z32.921 X108.218 Y101.635 E559.86934
G1 Z32.923 X108.094 Y102.169 E559.8879
G1 Z32.925 X107.934 Y102.693 E559.90645
G1 Z32.927 X107.8 Y103.051 E559.91939
G1 Z32.930 X107.514 Y103.707 E559.94361
G1 Z32.932 X107.256 Y104.19 E559.96215
G1 Z32.934 X106.967 Y104.655 E559.98068
G1 Z32.936 X106.648 Y105.101 E559.99924
G1 Z32.938 X106.3 Y105.525 E560.01781
G1 Z32.940 X105.925 Y105.925 E560.03637
G1 Z32.942 X105.525 Y106.3 E560.05493
G1 Z32.944 X105.101 Y106.648 E560.0735
G1 Z32.946 X104.655 Y106.967 E560.09206
G1 Z32.948 X104.19 Y107.256 E560.11059
G1 Z32.950 X103.706 Y107.515 E560.12917
G1 Z32.952 X103.358 Y107.672 E560.14209
G1 Z32.955 X102.692 Y107.935 E560.16633
G1 Z32.957 X102.169 Y108.094 E560.18483
G1 Z32.959 X101.635 Y108.218 E560.20339
G1 Z32.961 X101.094 Y108.307 E560.22195
G1 Z32.963 X100.548 Y108.361 E560.24052
G1 Z32.965 X100 Y108.379 E560.25908
G1 Z32.967 X99.452 Y108.361 E560.27764
G1 Z32.969 X98.906 Y108.307 E560.29621
G1 Z32.971 X98.365 Y108.218 E560.31477
G1 Z32.973 X97.831 Y108.094 E560.33333
G1 Z32.975 X97.307 Y107.934 E560.35188
G1 Z32.977 X96.949 Y107.8 E560.36482
G1 Z32.980 X96.293 Y107.514 E560.38904
G1 Z32.982 X95.81 Y107.256 E560.40758
G1 Z32.984 X95.345 Y106.967 E560.42611
G1 Z32.986 X94.899 Y106.648 E560.44467
G1 Z32.988 X94.475 Y106.3 E560.46324
G1 Z32.990 X94.075 Y105.925 E560.4818
G1 Z32.992 X93.7 Y105.525 E560.50036
G1 Z32.994 X93.352 Y105.101 E560.51893
G1 Z32.996 X93.033 Y104.655 E560.53749
G1 Z32.998 X92.744 Y104.19 E560.55602
G1 Z33.000 X92.543 Y103.814 E560.57045
;LAYER_CHANGE
;Z:33.2
;HEIGHT:0.200001
G1 Z33.000 F7800
G1 F634
G1 Z33.000 X92.455 Y103.721 E560.57463
G1 Z33.003 X92.228 Y103.219 E560.59328
G1 Z33.005 X92.034 Y102.704 E560.61191
G1 Z33.007 X91.874 Y102.177 E560.63055
G1 Z33.009 X91.749 Y101.641 E560.64918
G1 Z33.011 X91.659 Y101.098 E560.66781
G1 Z33.013 X91.605 Y100.55 E560.68645
G1 Z33.015 X91.587 Y100 E560.70508
G1 Z33.017 X91.605 Y99.45 E560.72371
G1 Z33.019 X91.659 Y98.902 E560.74235
G1 Z33.021 X91.749 Y98.359 E560.76098
G1 Z33.023 X91.874 Y97.823 E560.77961
G1 Z33.025 X92.034 Y97.296 E560.79825
G1 Z33.028 X92.228 Y96.781 E560.81688
G1 Z33.030 X92.455 Y96.279 E560.83553
G1 Z33.032 X92.714 Y95.794 E560.85414
G1 Z33.034 X93.004 Y95.328 E560.87272
G1 Z33.037 X93.433 Y94.748 E560.89714
G1 Z33.038 X93.675 Y94.453 E560.91006
G1 Z33.040 X94.051 Y94.051 E560.92869
G1 Z33.042 X94.453 Y93.675 E560.94732
G1 Z33.044 X94.879 Y93.326 E560.96596
G1 Z33.046 X95.326 Y93.005 E560.98459
G1 Z33.048 X95.794 Y92.714 E561.00324
G1 Z33.050 X96.279 Y92.455 E561.02185
G1 Z33.053 X96.781 Y92.228 E561.0405
G1 Z33.055 X97.296 Y92.034 E561.05913
G1 Z33.057 X97.823 Y91.874 E561.07777
G1 Z33.059 X98.359 Y91.749 E561.0964
G1 Z33.061 X98.902 Y91.659 E561.11503
G1 Z33.063 X99.448 Y91.605 E561.1336
G1 Z33.066 X100.169 Y91.593 E561.15801
G1 Z33.067 X100.55 Y91.605 E561.17091
G1 Z33.069 X101.098 Y91.659 E561.18955
G1 Z33.071 X101.641 Y91.749 E561.20818
G1 Z33.073 X102.177 Y91.874 E561.22681
G1 Z33.075 X102.704 Y92.034 E561.24545
G1 Z33.078 X103.219 Y92.228 E561.26408
G1 Z33.080 X103.721 Y92.455 E561.28273
G1 Z33.082 X104.206 Y92.714 E561.30134
G1 Z33.084 X104.672 Y93.004 E561.31992
G1 Z33.087 X105.252 Y93.433 E561.34434
G1 Z33.088 X105.547 Y93.675 E561.35726
G1 Z33.090 X105.949 Y94.051 E561.37589
G1 Z33.092 X106.325 Y94.453 E561.39452
G1 Z33.094 X106.674 Y94.879 E561.41316
G1 Z33.096 X106.995 Y95.326 E561.43179
G1 Z33.098 X107.286 Y95.794 E561.45044
G1 Z33.100 X107.545 Y96.279 E561.46905
G1 Z33.103 X107.772 Y96.781 E561.4877
G1 Z33.105 X107.966 Y97.296 E561.50633
G1 Z33.107 X108.126 Y97.823 E561.52497
G1 Z33.109 X108.251 Y98.359 E561.5436
G1 Z33.111 X108.341 Y98.902 E561.56223
G1 Z33.113 X108.395 Y99.45 E561.58087
G1 Z33.115 X108.413 Y100 E561.5995
G1 Z33.117 X108.395 Y100.55 E561.61813
G1 Z33.119 X108.341 Y101.098 E561.63677
G1 Z33.121 X108.251 Y101.641 E561.6554
G1 Z33.123 X108.126 Y102.177 E561.67403
G1 Z33.125 X107.966 Y102.704 E561.69267
G1 Z33.128 X107.772 Y103.219 E561.7113
G1 Z33.130 X107.545 Y103.721 E561.72995
G1 Z33.132 X107.286 Y104.206 E561.74856
G1 Z33.134 X106.996 Y104.672 E561.76714
G1 Z33.137 X106.567 Y105.252 E561.79156
G1 Z33.138 X106.325 Y105.547 E561.80448
G1 Z33.140 X105.949 Y105.949 E561.82311
G1 Z33.142 X105.547 Y106.325 E561.84174
G1 Z33.144 X105.121 Y106.674 E561.86038
G1 Z33.146 X104.674 Y106.995 E561.87901
G1 Z33.148 X104.206 Y107.286 E561.89766
G1 Z33.150 X103.721 Y107.545 E561.91627
G1 Z33.153 X103.219 Y107.772 E561.93492
G1 Z33.155 X102.704 Y107.966 E561.95355
G1 Z33.157 X102.177 Y108.126 E561.97219
G1 Z33.159 X101.641 Y108.251 E561.99082
G1 Z33.161 X101.098 Y108.341 E562.00945
G1 Z33.163 X100.55 Y108.395 E562.02809
G1 Z33.165 X100 Y108.413 E562.04672
G1 Z33.167 X99.45 Y108.395 E562.06535
G1 Z33.169 X98.902 Y108.341 E562.08399
G1 Z33.171 X98.359 Y108.251 E562.10262
G1 Z33.173 X97.823 Y108.126 E562.12125
G1 Z33.175 X97.296 Y107.966 E562.13989
G1 Z33.178 X96.781 Y107.772 E562.15852
G1 Z33.180 X96.279 Y107.545 E562.17717
G1 Z33.182 X95.794 Y107.286 E562.19578
G1 Z33.184 X95.328 Y106.996 E562.21436
G1 Z33.187 X94.748 Y106.567 E562.23878
G1 Z33.188 X94.453 Y106.325 E562.2517
G1 Z33.190 X94.051 Y105.949 E562.27033
G1 Z33.192 X93.675 Y105.547 E562.28896
G1 Z33.194 X93.326 Y105.121 E562.3076
G1 Z33.196 X93.005 Y104.674 E562.32623
G1 Z33.198 X92.714 Y104.206 E562.34488
G1 Z33.200 X92.513 Y103.83 E562.35931
;LAYER_CHANGE
;Z:33.4
;HEIGHT:0.200001
G1 Z33.200 F7800
G1 F637
G1 Z33.200 X92.415 Y103.741 E562.36354
G1 Z33.203 X92.186 Y103.237 E562.38228
G1 Z33.205 X91.991 Y102.719 E562.40101
G1 Z33.207 X91.831 Y102.189 E562.41975
G1 Z33.209 X91.705 Y101.65 E562.43849
G1 Z33.211 X91.615 Y101.104 E562.45722
G1 Z33.213 X91.561 Y100.553 E562.47596
G1 Z33.215 X91.544 Y100.056 E562.49279
G1 Z33.217 X91.561 Y99.446 E562.51345
G1 Z33.219 X91.615 Y98.896 E562.53216
G1 Z33.221 X91.696 Y98.405 E562.549
G1 Z33.223 X91.831 Y97.81 E562.56965
G1 Z33.225 X91.991 Y97.281 E562.58836
G1 Z33.228 X92.186 Y96.763 E562.60709
G1 Z33.230 X92.415 Y96.259 E562.62583
G1 Z33.232 X92.676 Y95.771 E562.64456
G1 Z33.234 X92.968 Y95.301 E562.66329
G1 Z33.236 X93.29 Y94.851 E562.68202
G1 Z33.238 X93.641 Y94.424 E562.70073
G1 Z33.240 X94.02 Y94.02 E562.71948
G1 Z33.242 X94.424 Y93.641 E562.73823
G1 Z33.244 X94.851 Y93.29 E562.75694
G1 Z33.246 X95.301 Y92.968 E562.77567
G1 Z33.248 X95.771 Y92.676 E562.7944
G1 Z33.250 X96.259 Y92.415 E562.81313
G1 Z33.253 X96.763 Y92.186 E562.83187
G1 Z33.255 X97.281 Y91.991 E562.8506
G1 Z33.257 X97.811 Y91.831 E562.86934
G1 Z33.259 X98.35 Y91.705 E562.88808
G1 Z33.261 X98.896 Y91.615 E562.90681
G1 Z33.263 X99.447 Y91.561 E562.92555
G1 Z33.265 X100 Y91.543 E562.94428
G1 Z33.267 X100.497 Y91.559 E562.96111
G1 Z33.269 X101.105 Y91.615 E562.98178
G1 Z33.271 X101.65 Y91.705 E563.00048
G1 Z33.273 X102.189 Y91.831 E563.01922
G1 Z33.275 X102.719 Y91.991 E563.03796
G1 Z33.278 X103.237 Y92.186 E563.05669
G1 Z33.280 X103.741 Y92.415 E563.07543
G1 Z33.282 X104.229 Y92.676 E563.09416
G1 Z33.284 X104.699 Y92.968 E563.11289
G1 Z33.286 X105.149 Y93.29 E563.13162
G1 Z33.288 X105.576 Y93.641 E563.15033
G1 Z33.290 X105.98 Y94.02 E563.16908
G1 Z33.292 X106.359 Y94.424 E563.18783
G1 Z33.294 X106.71 Y94.851 E563.20654
G1 Z33.296 X107.032 Y95.301 E563.22527
G1 Z33.298 X107.324 Y95.771 E563.244
G1 Z33.300 X107.585 Y96.259 E563.26273
G1 Z33.303 X107.814 Y96.763 E563.28147
G1 Z33.305 X108.009 Y97.281 E563.3002
G1 Z33.307 X108.169 Y97.811 E563.31894
G1 Z33.309 X108.295 Y98.35 E563.33768
G1 Z33.311 X108.385 Y98.896 E563.35641
G1 Z33.313 X108.439 Y99.447 E563.37515
G1 Z33.315 X108.456 Y99.944 E563.39198
G1 Z33.317 X108.439 Y100.554 E563.41264
G1 Z33.319 X108.385 Y101.104 E563.43135
G1 Z33.321 X108.304 Y101.595 E563.44819
G1 Z33.323 X108.169 Y102.19 E563.46884
G1 Z33.325 X108.009 Y102.719 E563.48755
G1 Z33.328 X107.814 Y103.237 E563.50628
G1 Z33.330 X107.585 Y103.741 E563.52502
G1 Z33.332 X107.324 Y104.229 E563.54375
G1 Z33.334 X107.032 Y104.699 E563.56248
G1 Z33.336 X106.71 Y105.149 E563.58121
G1 Z33.338 X106.359 Y105.576 E563.59992
G1 Z33.340 X105.98 Y105.98 E563.61867
G1 Z33.342 X105.576 Y106.359 E563.63742
G1 Z33.344 X105.149 Y106.71 E563.65613
G1 Z33.346 X104.699 Y107.032 E563.67486
G1 Z33.348 X104.229 Y107.324 E563.69359
G1 Z33.350 X103.741 Y107.585 E563.71232
G1 Z33.353 X103.237 Y107.814 E563.73106
G1 Z33.355 X102.719 Y108.009 E563.74979
G1 Z33.357 X102.189 Y108.169 E563.76853
G1 Z33.359 X101.65 Y108.295 E563.78727
G1 Z33.361 X101.104 Y108.385 E563.806
G1 Z33.363 X100.553 Y108.439 E563.82474
G1 Z33.365 X100.056 Y108.456 E563.84157
G1 Z33.367 X99.446 Y108.439 E563.86223
G1 Z33.369 X98.896 Y108.385 E563.88094
G1 Z33.371 X98.405 Y108.304 E563.89778
G1 Z33.373 X97.81 Y108.169 E563.91843
G1 Z33.375 X97.281 Y108.009 E563.93714
G1 Z33.378 X96.763 Y107.814 E563.95587
G1 Z33.380 X96.259 Y107.585 E563.97461
G1 Z33.382 X95.771 Y107.324 E563.99334
G1 Z33.384 X95.301 Y107.032 E564.01207
G1 Z33.386 X94.851 Y106.71 E564.0308
G1 Z33.388 X94.424 Y106.359 E564.04951
G1 Z33.390 X94.02 Y105.98 E564.06826
G1 Z33.392 X93.641 Y105.576 E564.08701
G1 Z33.394 X93.29 Y105.149 E564.10572
G1 Z33.396 X92.968 Y104.699 E564.12445
G1 Z33.398 X92.676 Y104.229 E564.14318
G1 Z33.400 X92.474 Y103.851 E564.15769
;LAYER_CHANGE
;Z:33.6
;HEIGHT:0.199997
G1 Z33.400 F7800
G1 F642
G1 Z33.400 X92.361 Y103.767 E564.16199
G1 Z33.403 X92.131 Y103.26 E564.18083
G1 Z33.405 X91.935 Y102.738 E564.1997
G1 Z33.407 X91.773 Y102.205 E564.21856
G1 Z33.409 X91.646 Y101.662 E564.23744
G1 Z33.411 X91.555 Y101.112 E564.25631
G1 Z33.413 X91.501 Y100.557 E564.27518
G1 Z33.415 X91.482 Y100 E564.29404
G1 Z33.417 X91.501 Y99.443 E564.3129
G1 Z33.419 X91.555 Y98.888 E564.33177
G1 Z33.421 X91.646 Y98.338 E564.35064
G1 Z33.423 X91.773 Y97.795 E564.36952
G1 Z33.425 X91.935 Y97.262 E564.38838
G1 Z33.428 X92.131 Y96.74 E564.40725
G1 Z33.430 X92.361 Y96.233 E564.42609
G1 Z33.432 X92.624 Y95.741 E564.44497
G1 Z33.434 X92.918 Y95.268 E564.46382
G1 Z33.436 X93.243 Y94.815 E564.48269
G1 Z33.438 X93.596 Y94.384 E564.50155
G1 Z33.440 X93.977 Y93.977 E564.52042
G1 Z33.442 X94.384 Y93.596 E564.53929
G1 Z33.444 X94.815 Y93.243 E564.55815
G1 Z33.446 X95.268 Y92.918 E564.57702
G1 Z33.448 X95.741 Y92.624 E564.59587
G1 Z33.450 X96.233 Y92.361 E564.61475
G1 Z33.453 X96.74 Y92.131 E564.63359
G1 Z33.455 X97.262 Y91.935 E564.65246
G1 Z33.457 X97.795 Y91.773 E564.67132
G1 Z33.459 X98.338 Y91.646 E564.6902
G1 Z33.461 X98.888 Y91.555 E564.70907
G1 Z33.463 X99.443 Y91.501 E564.72794
G1 Z33.466 X100.275 Y91.492 E564.7561
G1 Z33.469 X101.114 Y91.556 E564.78458
G1 Z33.471 X101.662 Y91.646 E564.80338
G1 Z33.473 X102.205 Y91.773 E564.82226
G1 Z33.475 X102.738 Y91.935 E564.84112
G1 Z33.478 X103.26 Y92.131 E564.85999
G1 Z33.480 X103.767 Y92.361 E564.87883
G1 Z33.482 X104.259 Y92.624 E564.89771
G1 Z33.484 X104.732 Y92.918 E564.91656
G1 Z33.486 X105.185 Y93.243 E564.93543
G1 Z33.489 X105.817 Y93.785 E564.96361
G1 Z33.492 X106.405 Y94.386 E564.99207
G1 Z33.494 X106.757 Y94.815 E565.01085
G1 Z33.496 X107.082 Y95.268 E565.02972
G1 Z33.498 X107.376 Y95.741 E565.04857
G1 Z33.500 X107.639 Y96.233 E565.06745
G1 Z33.503 X107.869 Y96.74 E565.08629
G1 Z33.505 X108.065 Y97.262 E565.10516
G1 Z33.507 X108.227 Y97.795 E565.12402
G1 Z33.509 X108.354 Y98.338 E565.1429
G1 Z33.511 X108.445 Y98.888 E565.16177
G1 Z33.514 X108.508 Y99.718 E565.18995
G1 Z33.517 X108.499 Y100.56 E565.21845
G1 Z33.519 X108.445 Y101.112 E565.23722
G1 Z33.521 X108.354 Y101.662 E565.25609
G1 Z33.523 X108.227 Y102.205 E565.27497
G1 Z33.525 X108.065 Y102.738 E565.29383
G1 Z33.528 X107.869 Y103.26 E565.3127
G1 Z33.530 X107.639 Y103.767 E565.33154
G1 Z33.532 X107.376 Y104.259 E565.35042
G1 Z33.534 X107.082 Y104.732 E565.36927
G1 Z33.536 X106.757 Y105.185 E565.38814
G1 Z33.538 X106.404 Y105.616 E565.407
G1 Z33.540 X106.023 Y106.023 E565.42587
G1 Z33.542 X105.616 Y106.404 E565.44474
G1 Z33.545 X104.961 Y106.918 E565.47292
G1 Z33.548 X104.257 Y107.378 E565.50139
G1 Z33.550 X103.767 Y107.639 E565.52018
G1 Z33.553 X103.26 Y107.869 E565.53902
G1 Z33.555 X102.738 Y108.065 E565.55789
G1 Z33.557 X102.205 Y108.227 E565.57675
G1 Z33.559 X101.662 Y108.354 E565.59563
G1 Z33.561 X101.112 Y108.445 E565.6145
G1 Z33.564 X100.282 Y108.508 E565.64268
G1 Z33.567 X99.44 Y108.499 E565.67118
G1 Z33.569 X98.888 Y108.445 E565.68995
G1 Z33.571 X98.338 Y108.354 E565.70882
G1 Z33.573 X97.795 Y108.227 E565.7277
G1 Z33.575 X97.262 Y108.065 E565.74656
G1 Z33.578 X96.74 Y107.869 E565.76543
G1 Z33.580 X96.233 Y107.639 E565.78427
G1 Z33.582 X95.741 Y107.376 E565.80315
G1 Z33.584 X95.268 Y107.082 E565.822
G1 Z33.586 X94.815 Y106.757 E565.84087
G1 Z33.588 X94.384 Y106.404 E565.85973
G1 Z33.590 X93.977 Y106.023 E565.8786
G1 Z33.592 X93.596 Y105.616 E565.89747
G1 Z33.594 X93.243 Y105.185 E565.91633
G1 Z33.596 X92.918 Y104.732 E565.9352
G1 Z33.598 X92.624 Y104.259 E565.95405
G1 Z33.600 X92.421 Y103.879 E565.96863
;LAYER_CHANGE
;Z:33.8
;HEIGHT:0.200001
G1 Z33.600 F7800
G1 F647
G1 Z33.600 X92.302 Y103.796 E565.97301
G1 Z33.603 X92.07 Y103.285 E565.99201
G1 Z33.605 X91.872 Y102.759 E566.01103
G1 Z33.607 X91.709 Y102.221 E566.03006
G1 Z33.609 X91.582 Y101.674 E566.04907
G1 Z33.611 X91.49 Y101.12 E566.06808
G1 Z33.613 X91.435 Y100.561 E566.08709
G1 Z33.615 X91.417 Y100 E566.10609
G1 Z33.617 X91.435 Y99.439 E566.12509
G1 Z33.619 X91.49 Y98.88 E566.1441
G1 Z33.621 X91.582 Y98.326 E566.16311
G1 Z33.623 X91.709 Y97.779 E566.18212
G1 Z33.625 X91.872 Y97.241 E566.20115
G1 Z33.628 X92.07 Y96.715 E566.22017
G1 Z33.630 X92.302 Y96.204 E566.23917
G1 Z33.632 X92.567 Y95.708 E566.2582
G1 Z33.634 X92.863 Y95.232 E566.27717
G1 Z33.636 X93.227 Y94.73 E566.29816
G1 Z33.638 X93.547 Y94.341 E566.31521
G1 Z33.640 X93.931 Y93.931 E566.33422
G1 Z33.642 X94.341 Y93.547 E566.35323
G1 Z33.644 X94.775 Y93.191 E566.37223
G1 Z33.646 X95.232 Y92.863 E566.39127
G1 Z33.648 X95.709 Y92.567 E566.41027
G1 Z33.650 X96.204 Y92.302 E566.42928
G1 Z33.653 X96.715 Y92.07 E566.44828
G1 Z33.655 X97.241 Y91.872 E566.4673
G1 Z33.657 X97.779 Y91.709 E566.48633
G1 Z33.659 X98.326 Y91.582 E566.50534
G1 Z33.661 X98.88 Y91.49 E566.52435
G1 Z33.663 X99.438 Y91.435 E566.54333
G1 Z33.665 X100.058 Y91.419 E566.56432
G1 Z33.667 X100.561 Y91.435 E566.58135
G1 Z33.669 X101.12 Y91.49 E566.60036
G1 Z33.671 X101.674 Y91.582 E566.61937
G1 Z33.673 X102.221 Y91.709 E566.63838
G1 Z33.675 X102.759 Y91.872 E566.65741
G1 Z33.678 X103.285 Y92.07 E566.67643
G1 Z33.680 X103.796 Y92.302 E566.69543
G1 Z33.682 X104.292 Y92.567 E566.71446
G1 Z33.684 X104.768 Y92.863 E566.73343
G1 Z33.686 X105.27 Y93.227 E566.75442
G1 Z33.688 X105.659 Y93.547 E566.77147
G1 Z33.690 X106.069 Y93.931 E566.79048
G1 Z33.692 X106.453 Y94.341 E566.80949
G1 Z33.694 X106.809 Y94.775 E566.82849
G1 Z33.696 X107.137 Y95.232 E566.84753
G1 Z33.698 X107.433 Y95.709 E566.86653
G1 Z33.700 X107.698 Y96.204 E566.88554
G1 Z33.703 X107.93 Y96.715 E566.90454
G1 Z33.705 X108.128 Y97.241 E566.92356
G1 Z33.707 X108.291 Y97.779 E566.94259
G1 Z33.709 X108.418 Y98.326 E566.9616
G1 Z33.711 X108.51 Y98.88 E566.98061
G1 Z33.713 X108.565 Y99.439 E566.99962
G1 Z33.715 X108.583 Y100 E567.01862
G1 Z33.717 X108.565 Y100.561 E567.03762
G1 Z33.719 X108.51 Y101.12 E567.05663
G1 Z33.721 X108.418 Y101.674 E567.07564
G1 Z33.723 X108.291 Y102.221 E567.09465
G1 Z33.725 X108.128 Y102.759 E567.11368
G1 Z33.728 X107.93 Y103.285 E567.1327
G1 Z33.730 X107.698 Y103.796 E567.1517
G1 Z33.732 X107.433 Y104.292 E567.17073
G1 Z33.734 X107.137 Y104.768 E567.1897
G1 Z33.736 X106.773 Y105.27 E567.21069
G1 Z33.738 X106.453 Y105.659 E567.22774
G1 Z33.740 X106.069 Y106.069 E567.24675
G1 Z33.742 X105.659 Y106.453 E567.26576
G1 Z33.744 X105.225 Y106.809 E567.28476
G1 Z33.746 X104.768 Y107.137 E567.3038
G1 Z33.748 X104.291 Y107.433 E567.3228
G1 Z33.750 X103.796 Y107.698 E567.34181
G1 Z33.753 X103.285 Y107.93 E567.36081
G1 Z33.755 X102.759 Y108.128 E567.37983
G1 Z33.757 X102.221 Y108.291 E567.39886
G1 Z33.759 X101.674 Y108.418 E567.41787
G1 Z33.761 X101.12 Y108.51 E567.43688
G1 Z33.763 X100.561 Y108.565 E567.45589
G1 Z33.765 X100 Y108.583 E567.47489
G1 Z33.767 X99.439 Y108.565 E567.49389
G1 Z33.769 X98.88 Y108.51 E567.5129
G1 Z33.771 X98.326 Y108.418 E567.53191
G1 Z33.773 X97.779 Y108.291 E567.55092
G1 Z33.775 X97.241 Y108.128 E567.56995
G1 Z33.778 X96.715 Y107.93 E567.58897
G1 Z33.780 X96.204 Y107.698 E567.60797
G1 Z33.782 X95.708 Y107.433 E567.627
G1 Z33.784 X95.232 Y107.137 E567.64597
G1 Z33.786 X94.73 Y106.773 E567.66696
G1 Z33.788 X94.341 Y106.453 E567.68401
G1 Z33.790 X93.931 Y106.069 E567.70302
G1 Z33.792 X93.547 Y105.659 E567.72203
G1 Z33.794 X93.191 Y105.225 E567.74103
G1 Z33.796 X92.863 Y104.768 E567.76007
G1 Z33.798 X92.567 Y104.291 E567.77907
G1 Z33.800 X92.363 Y103.91 E567.7937
;LAYER_CHANGE
;Z:34
;HEIGHT:0.200001
G1 Z33.800 F7800
G1 F652
G1 Z33.800 X92.232 Y103.831 E567.79817
G1 Z33.802 X92.069 Y103.47 E567.81158
G1 Z33.805 X91.798 Y102.782 E567.83661
G1 Z33.807 X91.634 Y102.242 E567.85571
G1 Z33.808 X91.544 Y101.856 E567.86913
G1 Z33.811 X91.413 Y101.129 E567.89413
G1 Z33.813 X91.358 Y100.566 E567.91328
G1 Z33.815 X91.339 Y100 E567.93245
G1 Z33.817 X91.358 Y99.434 E567.95162
G1 Z33.819 X91.413 Y98.87 E567.9708
G1 Z33.821 X91.506 Y98.31 E567.99001
G1 Z33.823 X91.634 Y97.758 E568.00919
G1 Z33.825 X91.799 Y97.216 E568.02837
G1 Z33.828 X91.999 Y96.686 E568.04754
G1 Z33.830 X92.232 Y96.169 E568.06673
G1 Z33.832 X92.5 Y95.67 E568.0859
G1 Z33.833 X92.709 Y95.334 E568.09929
G1 Z33.836 X93.13 Y94.726 E568.12432
G1 Z33.838 X93.488 Y94.29 E568.14342
G1 Z33.840 X93.876 Y93.876 E568.16263
G1 Z33.842 X94.29 Y93.489 E568.18181
G1 Z33.844 X94.728 Y93.129 E568.201
G1 Z33.846 X95.188 Y92.799 E568.22016
G1 Z33.848 X95.67 Y92.5 E568.23936
G1 Z33.850 X96.169 Y92.232 E568.25853
G1 Z33.852 X96.53 Y92.069 E568.27194
G1 Z33.855 X97.218 Y91.798 E568.29697
G1 Z33.857 X97.758 Y91.634 E568.31607
G1 Z33.858 X98.144 Y91.544 E568.32949
G1 Z33.861 X98.871 Y91.413 E568.35449
G1 Z33.863 X99.434 Y91.358 E568.37364
G1 Z33.865 X100 Y91.339 E568.39281
G1 Z33.867 X100.396 Y91.352 E568.40622
G1 Z33.869 X101.132 Y91.414 E568.43122
G1 Z33.871 X101.69 Y91.506 E568.45036
G1 Z33.873 X102.242 Y91.634 E568.46954
G1 Z33.875 X102.784 Y91.799 E568.48872
G1 Z33.878 X103.314 Y91.999 E568.50789
G1 Z33.880 X103.831 Y92.232 E568.52708
G1 Z33.882 X104.33 Y92.5 E568.54625
G1 Z33.883 X104.666 Y92.709 E568.55964
G1 Z33.886 X105.274 Y93.13 E568.58467
G1 Z33.888 X105.71 Y93.488 E568.60377
G1 Z33.890 X106.124 Y93.876 E568.62298
G1 Z33.892 X106.511 Y94.29 E568.64216
G1 Z33.894 X106.871 Y94.728 E568.66135
G1 Z33.896 X107.201 Y95.188 E568.68051
G1 Z33.898 X107.5 Y95.67 E568.69971
G1 Z33.900 X107.768 Y96.169 E568.71888
G1 Z33.902 X107.931 Y96.53 E568.73229
G1 Z33.905 X108.202 Y97.218 E568.75732
G1 Z33.907 X108.366 Y97.758 E568.77642
G1 Z33.908 X108.456 Y98.144 E568.78984
G1 Z33.911 X108.587 Y98.871 E568.81484
G1 Z33.913 X108.642 Y99.434 E568.83399
G1 Z33.915 X108.661 Y100 E568.85316
G1 Z33.917 X108.642 Y100.566 E568.87233
G1 Z33.919 X108.587 Y101.13 E568.89151
G1 Z33.921 X108.494 Y101.69 E568.91072
G1 Z33.923 X108.366 Y102.242 E568.9299
G1 Z33.925 X108.201 Y102.784 E568.94908
G1 Z33.928 X108.001 Y103.314 E568.96825
G1 Z33.930 X107.768 Y103.831 E568.98744
G1 Z33.932 X107.5 Y104.33 E569.00661
G1 Z33.933 X107.291 Y104.666 E569.02
G1 Z33.936 X106.87 Y105.274 E569.04503
G1 Z33.938 X106.512 Y105.71 E569.06413
G1 Z33.940 X106.124 Y106.124 E569.08334
G1 Z33.942 X105.71 Y106.511 E569.10252
G1 Z33.944 X105.272 Y106.871 E569.12171
G1 Z33.946 X104.812 Y107.201 E569.14087
G1 Z33.948 X104.33 Y107.5 E569.16007
G1 Z33.950 X103.831 Y107.768 E569.17924
G1 Z33.952 X103.47 Y107.931 E569.19265
G1 Z33.955 X102.782 Y108.202 E569.21768
G1 Z33.957 X102.242 Y108.366 E569.23678
G1 Z33.958 X101.856 Y108.456 E569.2502
G1 Z33.961 X101.129 Y108.587 E569.2752
G1 Z33.963 X100.566 Y108.642 E569.29435
G1 Z33.965 X100 Y108.661 E569.31352
G1 Z33.967 X99.434 Y108.642 E569.33269
G1 Z33.969 X98.87 Y108.587 E569.35187
G1 Z33.971 X98.31 Y108.494 E569.37108
G1 Z33.973 X97.758 Y108.366 E569.39026
G1 Z33.975 X97.216 Y108.201 E569.40944
G1 Z33.978 X96.686 Y108.001 E569.42861
G1 Z33.980 X96.169 Y107.768 E569.4478
G1 Z33.982 X95.67 Y107.5 E569.46697
G1 Z33.983 X95.334 Y107.291 E569.48036
G1 Z33.986 X94.726 Y106.87 E569.50539
G1 Z33.988 X94.29 Y106.512 E569.52449
G1 Z33.990 X93.876 Y106.124 E569.5437
G1 Z33.992 X93.489 Y105.71 E569.56288
G1 Z33.994 X93.129 Y105.272 E569.58207
G1 Z33.996 X92.799 Y104.812 E569.60123
G1 Z33.998 X92.5 Y104.33 E569.62043
G1 Z34.000 X92.295 Y103.947 E569.63513
;LAYER_CHANGE
;Z:34.2
;HEIGHT:0.200001
G1 Z34.000 F7800
G1 F659
G1 Z34.000 X92.158 Y103.867 E569.63969
G1 Z34.003 X91.922 Y103.346 E569.65905
G1 Z34.005 X91.72 Y102.811 E569.67841
G1 Z34.007 X91.554 Y102.263 E569.69779
G1 Z34.009 X91.424 Y101.706 E569.71715
G1 Z34.011 X91.331 Y101.141 E569.73653
G1 Z34.013 X91.275 Y100.572 E569.75588
G1 Z34.015 X91.256 Y100.002 E569.77518
G1 Z34.018 X91.292 Y99.253 E569.80056
G1 Z34.019 X91.331 Y98.859 E569.81396
G1 Z34.021 X91.424 Y98.294 E569.83334
G1 Z34.023 X91.554 Y97.737 E569.8527
G1 Z34.025 X91.72 Y97.189 E569.87208
G1 Z34.028 X91.922 Y96.654 E569.89144
G1 Z34.030 X92.158 Y96.133 E569.9108
G1 Z34.032 X92.427 Y95.628 E569.93017
G1 Z34.034 X92.729 Y95.144 E569.94948
G1 Z34.037 X93.175 Y94.541 E569.97487
G1 Z34.038 X93.426 Y94.235 E569.98827
G1 Z34.040 X93.817 Y93.817 E570.00764
G1 Z34.042 X94.235 Y93.426 E570.02701
G1 Z34.044 X94.677 Y93.063 E570.04637
G1 Z34.046 X95.142 Y92.73 E570.06573
G1 Z34.048 X95.628 Y92.427 E570.08512
G1 Z34.050 X96.133 Y92.158 E570.10449
G1 Z34.053 X96.654 Y91.922 E570.12385
G1 Z34.055 X97.189 Y91.72 E570.14321
G1 Z34.057 X97.737 Y91.554 E570.16259
G1 Z34.059 X98.294 Y91.424 E570.18195
G1 Z34.061 X98.859 Y91.331 E570.20133
G1 Z34.063 X99.426 Y91.275 E570.22062
G1 Z34.066 X100.176 Y91.262 E570.24601
G1 Z34.067 X100.572 Y91.275 E570.25942
G1 Z34.069 X101.141 Y91.331 E570.27877
G1 Z34.071 X101.706 Y91.424 E570.29815
G1 Z34.073 X102.263 Y91.554 E570.31751
G1 Z34.075 X102.811 Y91.72 E570.33689
G1 Z34.078 X103.346 Y91.922 E570.35625
G1 Z34.080 X103.867 Y92.158 E570.37561
G1 Z34.082 X104.372 Y92.427 E570.39498
G1 Z34.084 X104.856 Y92.729 E570.41429
G1 Z34.087 X105.459 Y93.175 E570.43968
G1 Z34.088 X105.765 Y93.426 E570.45308
G1 Z34.090 X106.183 Y93.817 E570.47245
G1 Z34.092 X106.574 Y94.235 E570.49182
G1 Z34.094 X106.937 Y94.677 E570.51118
G1 Z34.096 X107.27 Y95.142 E570.53054
G1 Z34.098 X107.573 Y95.628 E570.54993
G1 Z34.100 X107.842 Y96.133 E570.5693
G1 Z34.103 X108.078 Y96.654 E570.58866
G1 Z34.105 X108.28 Y97.189 E570.60802
G1 Z34.107 X108.446 Y97.737 E570.6274
G1 Z34.109 X108.576 Y98.294 E570.64676
G1 Z34.111 X108.669 Y98.859 E570.66614
G1 Z34.113 X108.725 Y99.428 E570.68549
G1 Z34.115 X108.744 Y100 E570.70486
G1 Z34.117 X108.725 Y100.572 E570.72423
G1 Z34.119 X108.669 Y101.141 E570.74358
G1 Z34.121 X108.576 Y101.706 E570.76296
G1 Z34.123 X108.446 Y102.263 E570.78232
G1 Z34.125 X108.28 Y102.811 E570.8017
G1 Z34.128 X108.078 Y103.346 E570.82106
G1 Z34.130 X107.842 Y103.867 E570.84042
G1 Z34.132 X107.573 Y104.372 E570.85979
G1 Z34.134 X107.271 Y104.856 E570.8791
G1 Z34.137 X106.825 Y105.459 E570.90449
G1 Z34.138 X106.574 Y105.765 E570.91789
G1 Z34.140 X106.183 Y106.183 E570.93726
G1 Z34.142 X105.765 Y106.574 E570.95663
G1 Z34.144 X105.323 Y106.937 E570.97599
G1 Z34.146 X104.858 Y107.27 E570.99535
G1 Z34.148 X104.372 Y107.573 E571.01474
G1 Z34.150 X103.867 Y107.842 E571.03411
G1 Z34.153 X103.346 Y108.078 E571.05347
G1 Z34.155 X102.811 Y108.28 E571.07283
G1 Z34.157 X102.263 Y108.446 E571.09221
G1 Z34.159 X101.706 Y108.576 E571.11157
G1 Z34.161 X101.141 Y108.669 E571.13095
G1 Z34.163 X100.572 Y108.725 E571.1503
G1 Z34.165 X100.002 Y108.744 E571.1696
G1 Z34.168 X99.253 Y108.708 E571.19498
G1 Z34.169 X98.859 Y108.669 E571.20838
G1 Z34.171 X98.294 Y108.576 E571.22776
G1 Z34.173 X97.737 Y108.446 E571.24712
G1 Z34.175 X97.189 Y108.28 E571.2665
G1 Z34.178 X96.654 Y108.078 E571.28586
G1 Z34.180 X96.133 Y107.842 E571.30522
G1 Z34.182 X95.628 Y107.573 E571.32459
G1 Z34.184 X95.144 Y107.271 E571.3439
G1 Z34.187 X94.541 Y106.825 E571.36929
G1 Z34.188 X94.235 Y106.574 E571.38269
G1 Z34.190 X93.817 Y106.183 E571.40206
G1 Z34.192 X93.426 Y105.765 E571.42143
G1 Z34.194 X93.063 Y105.323 E571.44079
G1 Z34.196 X92.73 Y104.858 E571.46015
G1 Z34.198 X92.427 Y104.372 E571.47954
G1 Z34.200 X92.221 Y103.986 E571.49435
;LAYER_CHANGE
;Z:34.4
;HEIGHT:0.200001
G1 Z34.200 F7800
G1 F666
G1 Z34.200 X92.078 Y103.907 E571.499
G1 Z34.203 X91.84 Y103.38 E571.51857
G1 Z34.205 X91.636 Y102.839 E571.53814
G1 Z34.207 X91.468 Y102.286 E571.5577
G1 Z34.209 X91.337 Y101.723 E571.57727
G1 Z34.211 X91.243 Y101.153 E571.59682
G1 Z34.213 X91.186 Y100.578 E571.61638
G1 Z34.215 X91.167 Y100 E571.63596
G1 Z34.217 X91.186 Y99.422 E571.65554
G1 Z34.219 X91.243 Y98.847 E571.6751
G1 Z34.221 X91.328 Y98.334 E571.6927
G1 Z34.223 X91.468 Y97.713 E571.71425
G1 Z34.225 X91.636 Y97.161 E571.73378
G1 Z34.228 X91.84 Y96.62 E571.75335
G1 Z34.230 X92.078 Y96.093 E571.77292
G1 Z34.232 X92.351 Y95.584 E571.79247
G1 Z34.234 X92.656 Y95.093 E571.81204
G1 Z34.236 X92.992 Y94.623 E571.8316
G1 Z34.238 X93.359 Y94.176 E571.85118
G1 Z34.240 X93.754 Y93.754 E571.87075
G1 Z34.242 X94.176 Y93.359 E571.89032
G1 Z34.244 X94.623 Y92.992 E571.9099
G1 Z34.246 X95.093 Y92.656 E571.92946
G1 Z34.248 X95.584 Y92.351 E571.94903
G1 Z34.250 X96.093 Y92.078 E571.96858
G1 Z34.253 X96.62 Y91.84 E571.98815
G1 Z34.255 X97.161 Y91.636 E572.00772
G1 Z34.257 X97.714 Y91.468 E572.02728
G1 Z34.259 X98.277 Y91.337 E572.04685
G1 Z34.261 X98.847 Y91.243 E572.0664
G1 Z34.263 X99.422 Y91.186 E572.08596
G1 Z34.265 X100 Y91.167 E572.10554
G1 Z34.267 X100.52 Y91.184 E572.12315
G1 Z34.269 X101.154 Y91.243 E572.1447
G1 Z34.271 X101.723 Y91.337 E572.16422
G1 Z34.273 X102.286 Y91.468 E572.18379
G1 Z34.275 X102.839 Y91.636 E572.20335
G1 Z34.278 X103.38 Y91.84 E572.22292
G1 Z34.280 X103.907 Y92.078 E572.24249
G1 Z34.282 X104.416 Y92.351 E572.26204
G1 Z34.284 X104.907 Y92.656 E572.28161
G1 Z34.286 X105.377 Y92.992 E572.30117
G1 Z34.288 X105.824 Y93.359 E572.32075
G1 Z34.290 X106.246 Y93.754 E572.34032
G1 Z34.292 X106.641 Y94.176 E572.35989
G1 Z34.294 X107.008 Y94.623 E572.37947
G1 Z34.296 X107.344 Y95.093 E572.39903
G1 Z34.298 X107.649 Y95.584 E572.4186
G1 Z34.300 X107.922 Y96.093 E572.43815
G1 Z34.303 X108.16 Y96.62 E572.45772
G1 Z34.305 X108.364 Y97.161 E572.47729
G1 Z34.307 X108.532 Y97.714 E572.49685
G1 Z34.309 X108.663 Y98.277 E572.51642
G1 Z34.311 X108.757 Y98.847 E572.53597
G1 Z34.313 X108.814 Y99.422 E572.55553
G1 Z34.315 X108.831 Y99.942 E572.57314
G1 Z34.317 X108.814 Y100.578 E572.59468
G1 Z34.319 X108.757 Y101.153 E572.61424
G1 Z34.321 X108.672 Y101.666 E572.63184
G1 Z34.323 X108.532 Y102.287 E572.65339
G1 Z34.325 X108.364 Y102.839 E572.67292
G1 Z34.328 X108.16 Y103.38 E572.69249
G1 Z34.330 X107.922 Y103.907 E572.71206
G1 Z34.332 X107.649 Y104.416 E572.73161
G1 Z34.334 X107.344 Y104.907 E572.75118
G1 Z34.336 X107.008 Y105.377 E572.77074
G1 Z34.338 X106.641 Y105.824 E572.79032
G1 Z34.340 X106.246 Y106.246 E572.80989
G1 Z34.342 X105.824 Y106.641 E572.82946
G1 Z34.344 X105.377 Y107.008 E572.84904
G1 Z34.346 X104.907 Y107.344 E572.8686
G1 Z34.348 X104.416 Y107.649 E572.88817
G1 Z34.350 X103.907 Y107.922 E572.90772
G1 Z34.353 X103.38 Y108.16 E572.92729
G1 Z34.355 X102.839 Y108.364 E572.94686
G1 Z34.357 X102.286 Y108.532 E572.96642
G1 Z34.359 X101.723 Y108.663 E572.98599
G1 Z34.361 X101.153 Y108.757 E573.00554
G1 Z34.363 X100.578 Y108.814 E573.0251
G1 Z34.365 X100 Y108.833 E573.04468
G1 Z34.367 X99.422 Y108.814 E573.06426
G1 Z34.369 X98.847 Y108.757 E573.08382
G1 Z34.371 X98.334 Y108.672 E573.10142
G1 Z34.373 X97.713 Y108.532 E573.12297
G1 Z34.375 X97.161 Y108.364 E573.1425
G1 Z34.378 X96.62 Y108.16 E573.16207
G1 Z34.380 X96.093 Y107.922 E573.18164
G1 Z34.382 X95.584 Y107.649 E573.20119
G1 Z34.384 X95.093 Y107.344 E573.22076
G1 Z34.386 X94.623 Y107.008 E573.24032
G1 Z34.388 X94.176 Y106.641 E573.2599
G1 Z34.390 X93.754 Y106.246 E573.27947
G1 Z34.392 X93.359 Y105.824 E573.29904
G1 Z34.394 X92.992 Y105.377 E573.31862
G1 Z34.396 X92.656 Y104.907 E573.33818
G1 Z34.398 X92.351 Y104.416 E573.35775
G1 Z34.400 X92.143 Y104.028 E573.37265
;LAYER_CHANGE
;Z:34.6
;HEIGHT:0.199997
G1 Z34.400 F7800
G1 F673
G1 Z34.401 X91.993 Y103.949 E573.3774
G1 Z34.403 X91.752 Y103.417 E573.39717
G1 Z34.405 X91.546 Y102.87 E573.41695
G1 Z34.407 X91.376 Y102.311 E573.43673
G1 Z34.409 X91.244 Y101.742 E573.4565
G1 Z34.411 X91.149 Y101.165 E573.47629
G1 Z34.413 X91.091 Y100.584 E573.49605
G1 Z34.415 X91.072 Y100 E573.51583
G1 Z34.417 X91.091 Y99.416 E573.53561
G1 Z34.419 X91.149 Y98.835 E573.55537
G1 Z34.421 X91.244 Y98.258 E573.57516
G1 Z34.423 X91.376 Y97.689 E573.59493
G1 Z34.426 X91.546 Y97.13 E573.61471
G1 Z34.428 X91.752 Y96.583 E573.63449
G1 Z34.430 X91.993 Y96.051 E573.65426
G1 Z34.432 X92.268 Y95.536 E573.67402
G1 Z34.434 X92.577 Y95.04 E573.6938
G1 Z34.436 X92.917 Y94.565 E573.71357
G1 Z34.438 X93.288 Y94.114 E573.73334
G1 Z34.440 X93.687 Y93.687 E573.75312
G1 Z34.442 X94.114 Y93.288 E573.7729
G1 Z34.444 X94.565 Y92.917 E573.79267
G1 Z34.445 X94.805 Y92.745 E573.80266
G1 Z34.446 X95.04 Y92.577 E573.81244
G1 Z34.448 X95.536 Y92.268 E573.83222
G1 Z34.451 X96.051 Y91.993 E573.85198
G1 Z34.453 X96.584 Y91.752 E573.87178
G1 Z34.455 X97.13 Y91.546 E573.89153
G1 Z34.457 X97.689 Y91.376 E573.91131
G1 Z34.459 X98.258 Y91.244 E573.93108
G1 Z34.461 X98.835 Y91.149 E573.95087
G1 Z34.463 X99.416 Y91.091 E573.97063
G1 Z34.465 X100 Y91.072 E573.99041
G1 Z34.466 X100.295 Y91.082 E574.0004
G1 Z34.467 X100.584 Y91.091 E574.01019
G1 Z34.469 X101.165 Y91.149 E574.02995
G1 Z34.471 X101.742 Y91.244 E574.04974
G1 Z34.473 X102.311 Y91.376 E574.06951
G1 Z34.476 X102.87 Y91.546 E574.08929
G1 Z34.478 X103.417 Y91.752 E574.10907
G1 Z34.480 X103.949 Y91.993 E574.12884
G1 Z34.482 X104.464 Y92.268 E574.1486
G1 Z34.484 X104.96 Y92.577 E574.16838
G1 Z34.486 X105.435 Y92.917 E574.18815
G1 Z34.488 X105.886 Y93.288 E574.20792
G1 Z34.490 X106.313 Y93.687 E574.2277
G1 Z34.492 X106.712 Y94.114 E574.24748
G1 Z34.494 X107.083 Y94.565 E574.26725
G1 Z34.496 X107.423 Y95.04 E574.28702
G1 Z34.498 X107.732 Y95.536 E574.3068
G1 Z34.500 X108.007 Y96.051 E574.32656
G1 Z34.503 X108.248 Y96.584 E574.34636
G1 Z34.505 X108.454 Y97.13 E574.36611
G1 Z34.507 X108.624 Y97.689 E574.38589
G1 Z34.509 X108.756 Y98.258 E574.40566
G1 Z34.511 X108.851 Y98.835 E574.42545
G1 Z34.513 X108.909 Y99.416 E574.44521
G1 Z34.514 X108.918 Y99.711 E574.4552
G1 Z34.515 X108.928 Y100 E574.46499
G1 Z34.517 X108.909 Y100.584 E574.48477
G1 Z34.519 X108.851 Y101.165 E574.50453
G1 Z34.521 X108.756 Y101.742 E574.52432
G1 Z34.523 X108.624 Y102.311 E574.54409
G1 Z34.526 X108.454 Y102.87 E574.56387
G1 Z34.528 X108.248 Y103.417 E574.58365
G1 Z34.530 X108.007 Y103.949 E574.60342
G1 Z34.532 X107.732 Y104.464 E574.62318
G1 Z34.534 X107.423 Y104.96 E574.64296
G1 Z34.536 X107.083 Y105.435 E574.66273
G1 Z34.538 X106.712 Y105.886 E574.6825
G1 Z34.540 X106.313 Y106.313 E574.70228
G1 Z34.542 X105.886 Y106.712 E574.72206
G1 Z34.544 X105.435 Y107.083 E574.74183
G1 Z34.546 X104.96 Y107.423 E574.7616
G1 Z34.548 X104.464 Y107.732 E574.78138
G1 Z34.550 X103.949 Y108.007 E574.80114
G1 Z34.553 X103.417 Y108.248 E574.82091
G1 Z34.555 X102.87 Y108.454 E574.84069
G1 Z34.557 X102.311 Y108.624 E574.86047
G1 Z34.559 X101.742 Y108.756 E574.88024
G1 Z34.561 X101.165 Y108.851 E574.90003
G1 Z34.563 X100.584 Y108.909 E574.91979
G1 Z34.564 X100.289 Y108.918 E574.92978
G1 Z34.565 X100 Y108.928 E574.93957
G1 Z34.567 X99.416 Y108.909 E574.95935
G1 Z34.569 X98.835 Y108.851 E574.97911
G1 Z34.571 X98.258 Y108.756 E574.9989
G1 Z34.573 X97.689 Y108.624 E575.01867
G1 Z34.576 X97.13 Y108.454 E575.03845
G1 Z34.578 X96.584 Y108.248 E575.0582
G1 Z34.580 X96.051 Y108.007 E575.078
G1 Z34.582 X95.536 Y107.732 E575.09776
G1 Z34.584 X95.04 Y107.423 E575.11754
G1 Z34.586 X94.565 Y107.083 E575.13731
G1 Z34.588 X94.114 Y106.712 E575.15708
G1 Z34.590 X93.687 Y106.313 E575.17686
G1 Z34.592 X93.288 Y105.886 E575.19664
G1 Z34.594 X92.917 Y105.435 E575.21641
G1 Z34.595 X92.745 Y105.195 E575.2264
G1 Z34.596 X92.577 Y104.96 E575.23618
G1 Z34.598 X92.268 Y104.464 E575.25596
G1 Z34.600 X92.059 Y104.073 E575.27097
;LAYER_CHANGE
;Z:34.8
;HEIGHT:0.200001
G1 Z34.600 F7800
G1 F680
G1 Z34.601 X91.906 Y103.991 E575.27585
G1 Z34.603 X91.662 Y103.454 E575.29582
G1 Z34.605 X91.454 Y102.901 E575.31582
G1 Z34.607 X91.283 Y102.336 E575.3358
G1 Z34.609 X91.149 Y101.761 E575.35578
G1 Z34.611 X91.053 Y101.178 E575.37578
G1 Z34.613 X90.995 Y100.59 E575.39578
G1 Z34.615 X90.975 Y100 E575.41576
G1 Z34.617 X90.995 Y99.41 E575.43574
G1 Z34.619 X91.053 Y98.822 E575.45574
G1 Z34.621 X91.149 Y98.239 E575.47574
G1 Z34.623 X91.283 Y97.664 E575.49572
G1 Z34.626 X91.454 Y97.099 E575.5157
G1 Z34.628 X91.662 Y96.546 E575.5357
G1 Z34.630 X91.906 Y96.009 E575.55567
G1 Z34.632 X92.184 Y95.488 E575.57566
G1 Z34.634 X92.496 Y94.986 E575.59567
G1 Z34.636 X92.84 Y94.506 E575.61566
G1 Z34.638 X93.215 Y94.05 E575.63564
G1 Z34.640 X93.619 Y93.619 E575.65564
G1 Z34.642 X94.05 Y93.215 E575.67564
G1 Z34.644 X94.506 Y92.84 E575.69562
G1 Z34.646 X94.986 Y92.496 E575.71561
G1 Z34.648 X95.488 Y92.184 E575.73562
G1 Z34.651 X96.009 Y91.906 E575.75561
G1 Z34.653 X96.546 Y91.662 E575.77558
G1 Z34.655 X97.099 Y91.454 E575.79558
G1 Z34.657 X97.664 Y91.283 E575.81556
G1 Z34.659 X98.239 Y91.149 E575.83554
G1 Z34.661 X98.822 Y91.053 E575.85554
G1 Z34.663 X99.409 Y90.995 E575.87551
G1 Z34.665 X100.061 Y90.977 E575.89759
G1 Z34.667 X100.59 Y90.995 E575.91551
G1 Z34.669 X101.178 Y91.053 E575.93551
G1 Z34.671 X101.761 Y91.149 E575.95551
G1 Z34.673 X102.336 Y91.283 E575.97549
G1 Z34.676 X102.901 Y91.454 E575.99547
G1 Z34.678 X103.454 Y91.662 E576.01547
G1 Z34.680 X103.991 Y91.906 E576.03544
G1 Z34.682 X104.512 Y92.184 E576.05543
G1 Z34.684 X105.014 Y92.496 E576.07544
G1 Z34.686 X105.494 Y92.84 E576.09543
G1 Z34.688 X105.95 Y93.215 E576.11541
G1 Z34.690 X106.381 Y93.619 E576.13541
G1 Z34.692 X106.785 Y94.05 E576.15541
G1 Z34.694 X107.16 Y94.506 E576.17539
G1 Z34.696 X107.504 Y94.986 E576.19538
G1 Z34.698 X107.816 Y95.488 E576.21539
G1 Z34.701 X108.094 Y96.009 E576.23538
G1 Z34.703 X108.338 Y96.546 E576.25535
G1 Z34.705 X108.546 Y97.099 E576.27535
G1 Z34.707 X108.717 Y97.664 E576.29533
G1 Z34.709 X108.851 Y98.239 E576.31531
G1 Z34.711 X108.947 Y98.822 E576.33531
G1 Z34.713 X109.005 Y99.41 E576.35531
G1 Z34.715 X109.025 Y100 E576.37529
G1 Z34.717 X109.005 Y100.59 E576.39527
G1 Z34.719 X108.947 Y101.178 E576.41527
G1 Z34.721 X108.851 Y101.761 E576.43527
G1 Z34.723 X108.717 Y102.336 E576.45525
G1 Z34.726 X108.546 Y102.901 E576.47523
G1 Z34.728 X108.338 Y103.454 E576.49523
G1 Z34.730 X108.094 Y103.991 E576.5152
G1 Z34.732 X107.816 Y104.512 E576.53519
G1 Z34.734 X107.504 Y105.014 E576.5552
G1 Z34.736 X107.16 Y105.494 E576.57519
G1 Z34.738 X106.785 Y105.95 E576.59517
G1 Z34.740 X106.381 Y106.381 E576.61517
G1 Z34.742 X105.95 Y106.785 E576.63517
G1 Z34.744 X105.494 Y107.16 E576.65515
G1 Z34.746 X105.014 Y107.504 E576.67514
G1 Z34.748 X104.512 Y107.816 E576.69515
G1 Z34.751 X103.991 Y108.094 E576.71514
G1 Z34.753 X103.454 Y108.338 E576.73511
G1 Z34.755 X102.901 Y108.546 E576.75511
G1 Z34.757 X102.336 Y108.717 E576.77509
G1 Z34.759 X101.761 Y108.851 E576.79507
G1 Z34.761 X101.178 Y108.947 E576.81507
G1 Z34.763 X100.59 Y109.005 E576.83507
G1 Z34.765 X100 Y109.025 E576.85505
G1 Z34.767 X99.41 Y109.005 E576.87503
G1 Z34.769 X98.822 Y108.947 E576.89503
G1 Z34.771 X98.239 Y108.851 E576.91503
G1 Z34.773 X97.664 Y108.717 E576.93501
G1 Z34.776 X97.099 Y108.546 E576.95499
G1 Z34.778 X96.546 Y108.338 E576.97499
G1 Z34.780 X96.009 Y108.094 E576.99496
G1 Z34.782 X95.488 Y107.816 E577.01495
G1 Z34.784 X94.986 Y107.504 E577.03496
G1 Z34.786 X94.506 Y107.16 E577.05495
G1 Z34.788 X94.05 Y106.785 E577.07493
G1 Z34.790 X93.619 Y106.381 E577.09493
G1 Z34.792 X93.215 Y105.95 E577.11493
G1 Z34.794 X92.84 Y105.494 E577.13491
G1 Z34.796 X92.496 Y105.014 E577.1549
G1 Z34.798 X92.184 Y104.512 E577.17491
G1 Z34.800 X91.974 Y104.118 E577.19002
;LAYER_CHANGE
;Z:35
;HEIGHT:0.200001
G1 Z34.800 F7800
G1 F688
G1 Z34.801 X91.816 Y104.036 E577.19499
G1 Z34.803 X91.57 Y103.492 E577.2152
G1 Z34.805 X91.36 Y102.933 E577.23541
G1 Z34.807 X91.186 Y102.362 E577.25562
G1 Z34.809 X91.051 Y101.78 E577.27584
G1 Z34.811 X90.954 Y101.191 E577.29605
G1 Z34.813 X90.895 Y100.597 E577.31626
G1 Z34.815 X90.875 Y100 E577.33648
G1 Z34.817 X90.895 Y99.403 E577.3567
G1 Z34.819 X90.954 Y98.809 E577.37691
G1 Z34.821 X91.022 Y98.397 E577.39104
G1 Z34.823 X91.187 Y97.637 E577.41736
G1 Z34.826 X91.36 Y97.067 E577.43752
G1 Z34.828 X91.57 Y96.508 E577.45773
G1 Z34.830 X91.816 Y95.964 E577.47794
G1 Z34.832 X92.098 Y95.438 E577.49814
G1 Z34.834 X92.413 Y94.931 E577.51834
G1 Z34.836 X92.761 Y94.445 E577.53857
G1 Z34.838 X93.14 Y93.984 E577.55877
G1 Z34.840 X93.548 Y93.548 E577.57898
G1 Z34.842 X93.984 Y93.14 E577.59919
G1 Z34.844 X94.445 Y92.761 E577.61939
G1 Z34.846 X94.931 Y92.413 E577.63962
G1 Z34.848 X95.438 Y92.098 E577.65982
G1 Z34.851 X95.964 Y91.816 E577.68002
G1 Z34.853 X96.508 Y91.57 E577.70023
G1 Z34.855 X97.067 Y91.36 E577.72044
G1 Z34.857 X97.638 Y91.186 E577.74065
G1 Z34.859 X98.22 Y91.051 E577.76087
G1 Z34.861 X98.809 Y90.954 E577.78108
G1 Z34.863 X99.403 Y90.895 E577.80129
G1 Z34.865 X100 Y90.875 E577.82151
G1 Z34.867 X100.417 Y90.889 E577.83563
G1 Z34.869 X101.193 Y90.954 E577.86199
G1 Z34.871 X101.78 Y91.051 E577.88213
G1 Z34.873 X102.362 Y91.186 E577.90235
G1 Z34.876 X102.933 Y91.36 E577.92256
G1 Z34.878 X103.492 Y91.57 E577.94277
G1 Z34.880 X104.036 Y91.816 E577.96298
G1 Z34.882 X104.562 Y92.098 E577.98318
G1 Z34.884 X105.069 Y92.413 E578.00338
G1 Z34.886 X105.555 Y92.761 E578.02361
G1 Z34.888 X106.016 Y93.14 E578.04381
G1 Z34.890 X106.452 Y93.548 E578.06402
G1 Z34.892 X106.86 Y93.984 E578.08423
G1 Z34.894 X107.239 Y94.445 E578.10443
G1 Z34.896 X107.587 Y94.931 E578.12466
G1 Z34.898 X107.902 Y95.438 E578.14486
G1 Z34.901 X108.184 Y95.964 E578.16506
G1 Z34.903 X108.43 Y96.508 E578.18527
G1 Z34.905 X108.64 Y97.067 E578.20548
G1 Z34.907 X108.814 Y97.638 E578.22569
G1 Z34.909 X108.949 Y98.22 E578.24591
G1 Z34.911 X109.046 Y98.809 E578.26612
G1 Z34.913 X109.105 Y99.403 E578.28633
G1 Z34.915 X109.125 Y100 E578.30655
G1 Z34.917 X109.105 Y100.597 E578.32677
G1 Z34.919 X109.046 Y101.191 E578.34698
G1 Z34.921 X108.978 Y101.603 E578.36111
G1 Z34.923 X108.813 Y102.363 E578.38743
G1 Z34.926 X108.64 Y102.933 E578.40759
G1 Z34.928 X108.43 Y103.492 E578.4278
G1 Z34.930 X108.184 Y104.036 E578.44801
G1 Z34.932 X107.902 Y104.562 E578.46821
G1 Z34.934 X107.587 Y105.069 E578.48841
G1 Z34.936 X107.239 Y105.555 E578.50864
G1 Z34.938 X106.86 Y106.016 E578.52884
G1 Z34.940 X106.452 Y106.452 E578.54905
G1 Z34.942 X106.016 Y106.86 E578.56926
G1 Z34.944 X105.555 Y107.239 E578.58946
G1 Z34.946 X105.069 Y107.587 E578.60969
G1 Z34.948 X104.562 Y107.902 E578.62989
G1 Z34.951 X104.036 Y108.184 E578.65009
G1 Z34.953 X103.492 Y108.43 E578.6703
G1 Z34.955 X102.933 Y108.64 E578.69051
G1 Z34.957 X102.362 Y108.814 E578.71072
G1 Z34.959 X101.78 Y108.949 E578.73094
G1 Z34.961 X101.191 Y109.046 E578.75115
G1 Z34.963 X100.597 Y109.105 E578.77136
G1 Z34.965 X100 Y109.125 E578.79158
G1 Z34.967 X99.403 Y109.105 E578.8118
G1 Z34.969 X98.809 Y109.046 E578.83201
G1 Z34.971 X98.397 Y108.978 E578.84614
G1 Z34.973 X97.637 Y108.813 E578.87246
G1 Z34.976 X97.067 Y108.64 E578.89262
G1 Z34.978 X96.508 Y108.43 E578.91283
G1 Z34.980 X95.964 Y108.184 E578.93304
G1 Z34.982 X95.438 Y107.902 E578.95324
G1 Z34.984 X94.931 Y107.587 E578.97344
G1 Z34.986 X94.445 Y107.239 E578.99367
G1 Z34.988 X93.984 Y106.86 E579.01387
G1 Z34.990 X93.548 Y106.452 E579.03408
G1 Z34.992 X93.14 Y106.016 E579.05429
G1 Z34.994 X92.761 Y105.555 E579.07449
G1 Z34.996 X92.413 Y105.069 E579.09472
G1 Z34.998 X92.098 Y104.562 E579.11492
G1 Z35.000 X91.886 Y104.165 E579.13015
;LAYER_CHANGE
;Z:35.2
;HEIGHT:0.200001
G1 Z35.000 F7800
G1 F695
G1 Z35.001 X91.729 Y104.079 E579.13522
G1 Z35.003 X91.48 Y103.529 E579.15566
G1 Z35.005 X91.267 Y102.964 E579.1761
G1 Z35.007 X91.092 Y102.387 E579.19651
G1 Z35.009 X90.955 Y101.799 E579.21695
G1 Z35.011 X90.857 Y101.204 E579.23736
G1 Z35.013 X90.797 Y100.603 E579.2578
G1 Z35.015 X90.778 Y100.002 E579.27815
G1 Z35.018 X90.816 Y99.212 E579.30492
G1 Z35.019 X90.857 Y98.796 E579.31907
G1 Z35.021 X90.955 Y98.201 E579.33948
G1 Z35.023 X91.092 Y97.613 E579.35992
G1 Z35.026 X91.267 Y97.036 E579.38033
G1 Z35.028 X91.48 Y96.471 E579.40077
G1 Z35.030 X91.729 Y95.921 E579.42121
G1 Z35.032 X92.013 Y95.389 E579.44162
G1 Z35.034 X92.331 Y94.878 E579.46199
G1 Z35.037 X92.801 Y94.242 E579.48876
G1 Z35.038 X93.066 Y93.919 E579.5029
G1 Z35.040 X93.479 Y93.479 E579.52333
G1 Z35.042 X93.919 Y93.066 E579.54376
G1 Z35.044 X94.386 Y92.683 E579.5642
G1 Z35.046 X94.875 Y92.333 E579.58455
G1 Z35.049 X95.553 Y91.926 E579.61132
G1 Z35.051 X95.921 Y91.729 E579.62545
G1 Z35.053 X96.471 Y91.48 E579.64589
G1 Z35.055 X97.036 Y91.267 E579.66633
G1 Z35.057 X97.613 Y91.092 E579.68674
G1 Z35.059 X98.201 Y90.955 E579.70718
G1 Z35.061 X98.796 Y90.857 E579.72759
G1 Z35.063 X99.395 Y90.798 E579.74796
G1 Z35.066 X100.186 Y90.784 E579.77474
G1 Z35.067 X100.603 Y90.797 E579.78886
G1 Z35.069 X101.204 Y90.857 E579.8093
G1 Z35.071 X101.799 Y90.955 E579.82971
G1 Z35.073 X102.387 Y91.092 E579.85015
G1 Z35.076 X102.964 Y91.267 E579.87056
G1 Z35.078 X103.529 Y91.48 E579.891
G1 Z35.080 X104.079 Y91.729 E579.91144
G1 Z35.082 X104.611 Y92.013 E579.93185
G1 Z35.084 X105.122 Y92.331 E579.95222
G1 Z35.087 X105.758 Y92.801 E579.97899
G1 Z35.088 X106.081 Y93.066 E579.99313
G1 Z35.090 X106.521 Y93.479 E580.01356
G1 Z35.092 X106.934 Y93.919 E580.03399
G1 Z35.094 X107.317 Y94.386 E580.05443
G1 Z35.096 X107.667 Y94.875 E580.07478
G1 Z35.099 X108.074 Y95.553 E580.10155
G1 Z35.101 X108.271 Y95.921 E580.11568
G1 Z35.103 X108.52 Y96.471 E580.13612
G1 Z35.105 X108.733 Y97.036 E580.15656
G1 Z35.107 X108.908 Y97.613 E580.17697
G1 Z35.109 X109.045 Y98.201 E580.19741
G1 Z35.111 X109.143 Y98.796 E580.21782
G1 Z35.113 X109.203 Y99.397 E580.23826
G1 Z35.115 X109.222 Y99.998 E580.25861
G1 Z35.118 X109.184 Y100.788 E580.28538
G1 Z35.119 X109.143 Y101.204 E580.29953
G1 Z35.121 X109.045 Y101.799 E580.31994
G1 Z35.123 X108.908 Y102.387 E580.34038
G1 Z35.126 X108.733 Y102.964 E580.36079
G1 Z35.128 X108.52 Y103.529 E580.38123
G1 Z35.130 X108.271 Y104.079 E580.40167
G1 Z35.132 X107.987 Y104.611 E580.42208
G1 Z35.134 X107.669 Y105.122 E580.44245
G1 Z35.137 X107.199 Y105.758 E580.46922
G1 Z35.138 X106.934 Y106.081 E580.48336
G1 Z35.140 X106.521 Y106.521 E580.50379
G1 Z35.142 X106.081 Y106.934 E580.52422
G1 Z35.144 X105.614 Y107.317 E580.54466
G1 Z35.146 X105.125 Y107.667 E580.56501
G1 Z35.149 X104.447 Y108.074 E580.59178
G1 Z35.151 X104.079 Y108.271 E580.60591
G1 Z35.153 X103.529 Y108.52 E580.62635
G1 Z35.155 X102.964 Y108.733 E580.64679
G1 Z35.157 X102.387 Y108.908 E580.6672
G1 Z35.159 X101.799 Y109.045 E580.68764
G1 Z35.161 X101.204 Y109.143 E580.70805
G1 Z35.163 X100.603 Y109.203 E580.72849
G1 Z35.165 X100.002 Y109.222 E580.74884
G1 Z35.168 X99.212 Y109.184 E580.77561
G1 Z35.169 X98.796 Y109.143 E580.78976
G1 Z35.171 X98.201 Y109.045 E580.81017
G1 Z35.173 X97.613 Y108.908 E580.83061
G1 Z35.176 X97.036 Y108.733 E580.85102
G1 Z35.178 X96.471 Y108.52 E580.87146
G1 Z35.180 X95.921 Y108.271 E580.8919
G1 Z35.182 X95.389 Y107.987 E580.91231
G1 Z35.184 X94.878 Y107.669 E580.93268
G1 Z35.187 X94.242 Y107.199 E580.95945
G1 Z35.188 X93.919 Y106.934 E580.97359
G1 Z35.190 X93.479 Y106.521 E580.99402
G1 Z35.192 X93.066 Y106.081 E581.01445
G1 Z35.194 X92.683 Y105.614 E581.03489
G1 Z35.196 X92.333 Y105.125 E581.05524
G1 Z35.199 X91.926 Y104.447 E581.08201
G1 Z35.200 X91.8 Y104.211 E581.09107
;LAYER_CHANGE
;Z:35.4
;HEIGHT:0.200001
G1 Z35.200 F7800
G1 F702
G1 Z35.201 X91.643 Y104.121 E581.09628
G1 Z35.202 X91.416 Y103.621 E581.11487
G1 Z35.205 X91.176 Y102.995 E581.13756
G1 Z35.207 X90.999 Y102.412 E581.15818
G1 Z35.209 X90.861 Y101.818 E581.17882
G1 Z35.211 X90.762 Y101.216 E581.19947
G1 Z35.213 X90.702 Y100.609 E581.22012
G1 Z35.215 X90.684 Y100.061 E581.23868
G1 Z35.217 X90.702 Y99.39 E581.2614
G1 Z35.219 X90.762 Y98.784 E581.28201
G1 Z35.221 X90.851 Y98.242 E581.3006
G1 Z35.223 X91 Y97.588 E581.3233
G1 Z35.226 X91.176 Y97.005 E581.34391
G1 Z35.228 X91.391 Y96.434 E581.36456
G1 Z35.230 X91.643 Y95.879 E581.38519
G1 Z35.232 X91.93 Y95.341 E581.40583
G1 Z35.234 X92.252 Y94.823 E581.42648
G1 Z35.236 X92.607 Y94.327 E581.44713
G1 Z35.238 X92.994 Y93.856 E581.46776
G1 Z35.240 X93.411 Y93.411 E581.4884
G1 Z35.242 X93.856 Y92.994 E581.50904
G1 Z35.244 X94.328 Y92.607 E581.5297
G1 Z35.246 X94.823 Y92.252 E581.55032
G1 Z35.248 X95.341 Y91.93 E581.57097
G1 Z35.251 X95.879 Y91.643 E581.59161
G1 Z35.252 X96.379 Y91.416 E581.6102
G1 Z35.255 X97.005 Y91.176 E581.63289
G1 Z35.257 X97.588 Y90.999 E581.65351
G1 Z35.259 X98.182 Y90.861 E581.67415
G1 Z35.261 X98.784 Y90.762 E581.6948
G1 Z35.263 X99.391 Y90.702 E581.71545
G1 Z35.265 X100 Y90.682 E581.73608
G1 Z35.267 X100.549 Y90.7 E581.75467
G1 Z35.269 X101.217 Y90.762 E581.77738
G1 Z35.271 X101.818 Y90.861 E581.798
G1 Z35.273 X102.412 Y90.999 E581.81864
G1 Z35.276 X102.995 Y91.176 E581.83926
G1 Z35.278 X103.566 Y91.391 E581.85991
G1 Z35.280 X104.121 Y91.643 E581.88054
G1 Z35.282 X104.659 Y91.93 E581.90118
G1 Z35.284 X105.177 Y92.252 E581.92183
G1 Z35.286 X105.673 Y92.607 E581.94248
G1 Z35.288 X106.144 Y92.994 E581.96311
G1 Z35.290 X106.589 Y93.411 E581.98375
G1 Z35.292 X107.006 Y93.856 E582.00439
G1 Z35.294 X107.393 Y94.328 E582.02505
G1 Z35.296 X107.748 Y94.823 E582.04567
G1 Z35.298 X108.07 Y95.341 E582.06632
G1 Z35.301 X108.357 Y95.879 E582.08696
G1 Z35.302 X108.584 Y96.379 E582.10555
G1 Z35.305 X108.824 Y97.005 E582.12824
G1 Z35.307 X109.001 Y97.588 E582.14886
G1 Z35.309 X109.139 Y98.182 E582.1695
G1 Z35.311 X109.238 Y98.784 E582.19015
G1 Z35.313 X109.298 Y99.391 E582.2108
G1 Z35.315 X109.316 Y99.939 E582.22936
G1 Z35.317 X109.298 Y100.61 E582.25208
G1 Z35.319 X109.238 Y101.216 E582.27269
G1 Z35.321 X109.149 Y101.758 E582.29128
G1 Z35.323 X109 Y102.412 E582.31398
G1 Z35.326 X108.824 Y102.995 E582.33459
G1 Z35.328 X108.609 Y103.566 E582.35524
G1 Z35.330 X108.357 Y104.121 E582.37587
G1 Z35.332 X108.07 Y104.659 E582.39651
G1 Z35.334 X107.748 Y105.177 E582.41716
G1 Z35.336 X107.393 Y105.673 E582.43781
G1 Z35.338 X107.006 Y106.144 E582.45844
G1 Z35.340 X106.589 Y106.589 E582.47908
G1 Z35.342 X106.144 Y107.006 E582.49972
G1 Z35.344 X105.672 Y107.393 E582.52038
G1 Z35.346 X105.177 Y107.748 E582.541
G1 Z35.348 X104.659 Y108.07 E582.56165
G1 Z35.351 X104.121 Y108.357 E582.58229
G1 Z35.352 X103.621 Y108.584 E582.60088
G1 Z35.355 X102.995 Y108.824 E582.62357
G1 Z35.357 X102.412 Y109.001 E582.64419
G1 Z35.359 X101.818 Y109.139 E582.66483
G1 Z35.361 X101.216 Y109.238 E582.68548
G1 Z35.363 X100.609 Y109.298 E582.70613
G1 Z35.365 X100.061 Y109.316 E582.72469
G1 Z35.367 X99.39 Y109.298 E582.74741
G1 Z35.369 X98.784 Y109.238 E582.76802
G1 Z35.371 X98.242 Y109.149 E582.78661
G1 Z35.373 X97.588 Y109 E582.80931
G1 Z35.376 X97.005 Y108.824 E582.82992
G1 Z35.378 X96.434 Y108.609 E582.85057
G1 Z35.380 X95.879 Y108.357 E582.8712
G1 Z35.382 X95.341 Y108.07 E582.89184
G1 Z35.384 X94.823 Y107.748 E582.91249
G1 Z35.386 X94.327 Y107.393 E582.93314
G1 Z35.388 X93.856 Y107.006 E582.95377
G1 Z35.390 X93.411 Y106.589 E582.97441
G1 Z35.392 X92.994 Y106.144 E582.99505
G1 Z35.394 X92.607 Y105.672 E583.01571
G1 Z35.396 X92.252 Y105.177 E583.03633
G1 Z35.398 X91.93 Y104.659 E583.05698
G1 Z35.400 X91.715 Y104.257 E583.07241
;LAYER_CHANGE
;Z:35.6
;HEIGHT:0.199997
G1 Z35.400 F7800
G1 F710
G1 Z35.401 X91.549 Y104.168 E583.07771
G1 Z35.403 X91.295 Y103.606 E583.09859
G1 Z35.405 X91.077 Y103.029 E583.11947
G1 Z35.407 X90.898 Y102.439 E583.14034
G1 Z35.409 X90.758 Y101.838 E583.16123
G1 Z35.411 X90.658 Y101.23 E583.18209
G1 Z35.413 X90.598 Y100.616 E583.20297
G1 Z35.415 X90.577 Y100 E583.22383
G1 Z35.417 X90.598 Y99.384 E583.24469
G1 Z35.419 X90.658 Y98.77 E583.26557
G1 Z35.421 X90.758 Y98.162 E583.28643
G1 Z35.423 X90.898 Y97.561 E583.30732
G1 Z35.426 X91.077 Y96.971 E583.32819
G1 Z35.427 X91.187 Y96.68 E583.33872
G1 Z35.428 X91.295 Y96.394 E583.34907
G1 Z35.430 X91.549 Y95.832 E583.36995
G1 Z35.432 X91.84 Y95.289 E583.3908
G1 Z35.434 X92.165 Y94.765 E583.41167
G1 Z35.436 X92.525 Y94.264 E583.43255
G1 Z35.438 X92.916 Y93.787 E583.45343
G1 Z35.440 X93.337 Y93.337 E583.47429
G1 Z35.442 X93.787 Y92.916 E583.49515
G1 Z35.444 X94.264 Y92.525 E583.51603
G1 Z35.446 X94.765 Y92.165 E583.53691
G1 Z35.448 X95.289 Y91.84 E583.55778
G1 Z35.451 X95.832 Y91.549 E583.57863
G1 Z35.453 X96.394 Y91.295 E583.59951
G1 Z35.455 X96.971 Y91.077 E583.62039
G1 Z35.457 X97.561 Y90.898 E583.64126
G1 Z35.459 X98.162 Y90.758 E583.66215
G1 Z35.461 X98.77 Y90.658 E583.68301
G1 Z35.463 X99.384 Y90.598 E583.70389
G1 Z35.465 X100 Y90.577 E583.72475
G1 Z35.466 X100.311 Y90.588 E583.73528
G1 Z35.467 X100.616 Y90.598 E583.74561
G1 Z35.469 X101.23 Y90.658 E583.76649
G1 Z35.471 X101.838 Y90.758 E583.78735
G1 Z35.473 X102.439 Y90.898 E583.80824
G1 Z35.476 X103.029 Y91.077 E583.82911
G1 Z35.477 X103.32 Y91.187 E583.83964
G1 Z35.478 X103.606 Y91.295 E583.84999
G1 Z35.480 X104.168 Y91.549 E583.87087
G1 Z35.482 X104.711 Y91.84 E583.89172
G1 Z35.484 X105.235 Y92.165 E583.91259
G1 Z35.486 X105.736 Y92.525 E583.93347
G1 Z35.488 X106.213 Y92.916 E583.95435
G1 Z35.490 X106.663 Y93.337 E583.97521
G1 Z35.492 X107.084 Y93.787 E583.99607
G1 Z35.494 X107.475 Y94.264 E584.01695
G1 Z35.496 X107.835 Y94.765 E584.03783
G1 Z35.498 X108.16 Y95.289 E584.0587
G1 Z35.501 X108.451 Y95.832 E584.07955
G1 Z35.503 X108.705 Y96.394 E584.10043
G1 Z35.505 X108.923 Y96.971 E584.12131
G1 Z35.507 X109.102 Y97.561 E584.14218
G1 Z35.509 X109.242 Y98.162 E584.16307
G1 Z35.511 X109.342 Y98.77 E584.18393
G1 Z35.513 X109.402 Y99.384 E584.20481
G1 Z35.514 X109.413 Y99.695 E584.21534
G1 Z35.515 X109.423 Y100 E584.22567
G1 Z35.517 X109.402 Y100.616 E584.24653
G1 Z35.519 X109.342 Y101.23 E584.26741
G1 Z35.521 X109.242 Y101.838 E584.28827
G1 Z35.523 X109.102 Y102.439 E584.30916
G1 Z35.526 X108.923 Y103.029 E584.33003
G1 Z35.528 X108.705 Y103.606 E584.35091
G1 Z35.530 X108.451 Y104.168 E584.37179
G1 Z35.532 X108.16 Y104.711 E584.39264
G1 Z35.534 X107.835 Y105.235 E584.41351
G1 Z35.536 X107.475 Y105.736 E584.43439
G1 Z35.538 X107.084 Y106.213 E584.45527
G1 Z35.540 X106.663 Y106.663 E584.47613
G1 Z35.542 X106.213 Y107.084 E584.49699
G1 Z35.544 X105.736 Y107.475 E584.51787
G1 Z35.546 X105.235 Y107.835 E584.53875
G1 Z35.548 X104.711 Y108.16 E584.55962
G1 Z35.551 X104.168 Y108.451 E584.58047
G1 Z35.553 X103.606 Y108.705 E584.60135
G1 Z35.555 X103.029 Y108.923 E584.62223
G1 Z35.557 X102.439 Y109.102 E584.6431
G1 Z35.559 X101.838 Y109.242 E584.66399
G1 Z35.561 X101.23 Y109.342 E584.68485
G1 Z35.563 X100.616 Y109.402 E584.70573
G1 Z35.564 X100.305 Y109.413 E584.71626
G1 Z35.565 X100 Y109.423 E584.72659
G1 Z35.567 X99.384 Y109.402 E584.74745
G1 Z35.569 X98.77 Y109.342 E584.76833
G1 Z35.571 X98.162 Y109.242 E584.78919
G1 Z35.573 X97.561 Y109.102 E584.81008
G1 Z35.576 X96.971 Y108.923 E584.83095
G1 Z35.578 X96.394 Y108.705 E584.85183
G1 Z35.580 X95.832 Y108.451 E584.87271
G1 Z35.582 X95.289 Y108.16 E584.89356
G1 Z35.584 X94.765 Y107.835 E584.91443
G1 Z35.586 X94.264 Y107.475 E584.93531
G1 Z35.588 X93.787 Y107.084 E584.95619
G1 Z35.590 X93.337 Y106.663 E584.97705
G1 Z35.592 X92.916 Y106.213 E584.99791
G1 Z35.594 X92.525 Y105.736 E585.01879
G1 Z35.596 X92.165 Y105.235 E585.03967
G1 Z35.598 X91.84 Y104.711 E585.06054
G1 Z35.600 X91.623 Y104.306 E585.07609
;LAYER_CHANGE
;Z:35.8
;HEIGHT:0.200001
G1 Z35.600 F7800
G1 F718
G1 Z35.601 X91.45 Y104.216 E585.08154
G1 Z35.603 X91.193 Y103.648 E585.10264
G1 Z35.605 X90.973 Y103.064 E585.12376
G1 Z35.607 X90.792 Y102.467 E585.14488
G1 Z35.609 X90.651 Y101.86 E585.16597
G1 Z35.611 X90.549 Y101.244 E585.1871
G1 Z35.613 X90.488 Y100.623 E585.20822
G1 Z35.615 X90.467 Y100 E585.22932
G1 Z35.617 X90.488 Y99.377 E585.25042
G1 Z35.619 X90.549 Y98.756 E585.27154
G1 Z35.621 X90.651 Y98.14 E585.29267
G1 Z35.623 X90.792 Y97.533 E585.31376
G1 Z35.626 X90.973 Y96.936 E585.33488
G1 Z35.628 X91.193 Y96.352 E585.356
G1 Z35.630 X91.45 Y95.784 E585.3771
G1 Z35.632 X91.745 Y95.234 E585.39823
G1 Z35.634 X92.074 Y94.705 E585.41932
G1 Z35.636 X92.478 Y94.147 E585.44264
G1 Z35.638 X92.833 Y93.715 E585.46157
G1 Z35.640 X93.259 Y93.26 E585.48267
G1 Z35.642 X93.765 Y92.792 E585.506
G1 Z35.644 X94.197 Y92.437 E585.52493
G1 Z35.646 X94.703 Y92.074 E585.54601
G1 Z35.649 X95.291 Y91.714 E585.56935
G1 Z35.651 X95.784 Y91.45 E585.58828
G1 Z35.653 X96.352 Y91.193 E585.60938
G1 Z35.655 X96.936 Y90.973 E585.6305
G1 Z35.657 X97.533 Y90.792 E585.65162
G1 Z35.659 X98.14 Y90.651 E585.67271
G1 Z35.661 X98.756 Y90.549 E585.69384
G1 Z35.663 X99.376 Y90.488 E585.71493
G1 Z35.665 X100.064 Y90.469 E585.73823
G1 Z35.667 X100.623 Y90.488 E585.75716
G1 Z35.669 X101.244 Y90.549 E585.77828
G1 Z35.671 X101.86 Y90.651 E585.79941
G1 Z35.673 X102.467 Y90.792 E585.8205
G1 Z35.676 X103.064 Y90.973 E585.84162
G1 Z35.678 X103.648 Y91.193 E585.86274
G1 Z35.680 X104.216 Y91.45 E585.88384
G1 Z35.682 X104.766 Y91.745 E585.90497
G1 Z35.684 X105.295 Y92.074 E585.92606
G1 Z35.686 X105.853 Y92.478 E585.94938
G1 Z35.688 X106.285 Y92.833 E585.96831
G1 Z35.690 X106.74 Y93.259 E585.98941
G1 Z35.692 X107.208 Y93.765 E586.01274
G1 Z35.694 X107.563 Y94.197 E586.03167
G1 Z35.696 X107.926 Y94.703 E586.05275
G1 Z35.699 X108.286 Y95.291 E586.07609
G1 Z35.701 X108.55 Y95.784 E586.09502
G1 Z35.703 X108.807 Y96.352 E586.11612
G1 Z35.705 X109.027 Y96.936 E586.13724
G1 Z35.707 X109.208 Y97.533 E586.15836
G1 Z35.709 X109.349 Y98.14 E586.17945
G1 Z35.711 X109.451 Y98.756 E586.20058
G1 Z35.713 X109.512 Y99.377 E586.2217
G1 Z35.715 X109.533 Y100 E586.2428
G1 Z35.717 X109.512 Y100.623 E586.2639
G1 Z35.719 X109.451 Y101.244 E586.28502
G1 Z35.721 X109.349 Y101.86 E586.30615
G1 Z35.723 X109.208 Y102.467 E586.32724
G1 Z35.726 X109.027 Y103.064 E586.34836
G1 Z35.728 X108.807 Y103.648 E586.36948
G1 Z35.730 X108.55 Y104.216 E586.39058
G1 Z35.732 X108.255 Y104.766 E586.41171
G1 Z35.734 X107.926 Y105.295 E586.4328
G1 Z35.736 X107.522 Y105.853 E586.45612
G1 Z35.738 X107.167 Y106.285 E586.47505
G1 Z35.740 X106.741 Y106.74 E586.49615
G1 Z35.742 X106.235 Y107.208 E586.51948
G1 Z35.744 X105.803 Y107.563 E586.53841
G1 Z35.746 X105.297 Y107.926 E586.55949
G1 Z35.749 X104.709 Y108.286 E586.58283
G1 Z35.751 X104.216 Y108.55 E586.60176
G1 Z35.753 X103.648 Y108.807 E586.62286
G1 Z35.755 X103.064 Y109.027 E586.64398
G1 Z35.757 X102.467 Y109.208 E586.6651
G1 Z35.759 X101.86 Y109.349 E586.68619
G1 Z35.761 X101.244 Y109.451 E586.70732
G1 Z35.763 X100.623 Y109.512 E586.72844
G1 Z35.765 X100 Y109.533 E586.74954
G1 Z35.767 X99.377 Y109.512 E586.77064
G1 Z35.769 X98.756 Y109.451 E586.79176
G1 Z35.771 X98.14 Y109.349 E586.81289
G1 Z35.773 X97.533 Y109.208 E586.83398
G1 Z35.776 X96.936 Y109.027 E586.8551
G1 Z35.778 X96.352 Y108.807 E586.87622
G1 Z35.780 X95.784 Y108.55 E586.89732
G1 Z35.782 X95.234 Y108.255 E586.91845
G1 Z35.784 X94.705 Y107.926 E586.93954
G1 Z35.786 X94.147 Y107.522 E586.96286
G1 Z35.788 X93.715 Y107.167 E586.98179
G1 Z35.790 X93.26 Y106.741 E587.00289
G1 Z35.792 X92.792 Y106.235 E587.02622
G1 Z35.794 X92.437 Y105.803 E587.04515
G1 Z35.796 X92.074 Y105.297 E587.06623
G1 Z35.799 X91.714 Y104.709 E587.08957
G1 Z35.800 X91.526 Y104.358 E587.10305
;LAYER_CHANGE
;Z:36
;HEIGHT:0.200001
G1 Z35.800 F7800
G1 F728
G1 Z35.801 X91.335 Y104.273 E587.10862
G1 Z35.803 X91.074 Y103.697 E587.13003
G1 Z35.805 X90.852 Y103.105 E587.15143
G1 Z35.807 X90.668 Y102.5 E587.17283
G1 Z35.809 X90.525 Y101.885 E587.1942
G1 Z35.811 X90.422 Y101.261 E587.21561
G1 Z35.813 X90.36 Y100.632 E587.237
G1 Z35.815 X90.339 Y100 E587.2584
G1 Z35.817 X90.36 Y99.368 E587.2798
G1 Z35.819 X90.422 Y98.739 E587.30119
G1 Z35.821 X90.494 Y98.302 E587.31618
G1 Z35.823 X90.669 Y97.498 E587.34403
G1 Z35.826 X90.852 Y96.895 E587.36536
G1 Z35.828 X91.074 Y96.303 E587.38676
G1 Z35.830 X91.335 Y95.727 E587.40817
G1 Z35.832 X91.633 Y95.17 E587.42955
G1 Z35.834 X91.967 Y94.633 E587.45096
G1 Z35.836 X92.335 Y94.119 E587.47236
G1 Z35.838 X92.737 Y93.63 E587.49379
G1 Z35.840 X93.169 Y93.169 E587.51517
G1 Z35.842 X93.63 Y92.737 E587.53655
G1 Z35.844 X94.119 Y92.335 E587.55798
G1 Z35.846 X94.633 Y91.967 E587.57938
G1 Z35.848 X95.17 Y91.633 E587.60079
G1 Z35.851 X95.727 Y91.335 E587.62217
G1 Z35.853 X96.303 Y91.074 E587.64358
G1 Z35.855 X96.895 Y90.852 E587.66498
G1 Z35.857 X97.5 Y90.668 E587.68638
G1 Z35.859 X98.115 Y90.525 E587.70775
G1 Z35.861 X98.739 Y90.422 E587.72916
G1 Z35.863 X99.368 Y90.36 E587.75055
G1 Z35.865 X100 Y90.339 E587.77195
G1 Z35.867 X100.443 Y90.354 E587.78695
G1 Z35.869 X101.263 Y90.422 E587.8148
G1 Z35.871 X101.885 Y90.525 E587.83614
G1 Z35.873 X102.5 Y90.668 E587.85751
G1 Z35.876 X103.105 Y90.852 E587.87891
G1 Z35.878 X103.697 Y91.074 E587.90031
G1 Z35.880 X104.273 Y91.335 E587.92172
G1 Z35.882 X104.83 Y91.633 E587.9431
G1 Z35.884 X105.367 Y91.967 E587.96451
G1 Z35.886 X105.881 Y92.335 E587.98591
G1 Z35.888 X106.37 Y92.737 E588.00734
G1 Z35.890 X106.831 Y93.169 E588.02872
G1 Z35.892 X107.263 Y93.63 E588.0501
G1 Z35.894 X107.665 Y94.119 E588.07153
G1 Z35.896 X108.033 Y94.633 E588.09293
G1 Z35.898 X108.367 Y95.17 E588.11434
G1 Z35.901 X108.665 Y95.727 E588.13572
G1 Z35.903 X108.926 Y96.303 E588.15713
G1 Z35.905 X109.148 Y96.895 E588.17853
G1 Z35.907 X109.332 Y97.5 E588.19993
G1 Z35.909 X109.475 Y98.115 E588.2213
G1 Z35.911 X109.578 Y98.739 E588.24271
G1 Z35.913 X109.64 Y99.368 E588.2641
G1 Z35.915 X109.661 Y100 E588.2855
G1 Z35.917 X109.64 Y100.632 E588.3069
G1 Z35.919 X109.578 Y101.261 E588.32829
G1 Z35.921 X109.506 Y101.698 E588.34328
G1 Z35.923 X109.331 Y102.502 E588.37113
G1 Z35.926 X109.148 Y103.105 E588.39246
G1 Z35.928 X108.926 Y103.697 E588.41386
G1 Z35.930 X108.665 Y104.273 E588.43527
G1 Z35.932 X108.367 Y104.83 E588.45665
G1 Z35.934 X108.033 Y105.367 E588.47806
G1 Z35.936 X107.665 Y105.881 E588.49946
G1 Z35.938 X107.263 Y106.37 E588.52089
G1 Z35.940 X106.831 Y106.831 E588.54227
G1 Z35.942 X106.37 Y107.263 E588.56365
G1 Z35.944 X105.881 Y107.665 E588.58508
G1 Z35.946 X105.367 Y108.033 E588.60648
G1 Z35.948 X104.83 Y108.367 E588.62789
G1 Z35.951 X104.273 Y108.665 E588.64927
G1 Z35.953 X103.697 Y108.926 E588.67068
G1 Z35.955 X103.105 Y109.148 E588.69208
G1 Z35.957 X102.5 Y109.332 E588.71348
G1 Z35.959 X101.885 Y109.475 E588.73485
G1 Z35.961 X101.261 Y109.578 E588.75626
G1 Z35.963 X100.632 Y109.64 E588.77765
G1 Z35.965 X100 Y109.661 E588.79905
G1 Z35.967 X99.368 Y109.64 E588.82045
G1 Z35.969 X98.739 Y109.578 E588.84184
G1 Z35.971 X98.302 Y109.506 E588.85683
G1 Z35.973 X97.498 Y109.331 E588.88468
G1 Z35.976 X96.895 Y109.148 E588.90601
G1 Z35.978 X96.303 Y108.926 E588.92741
G1 Z35.980 X95.727 Y108.665 E588.94882
G1 Z35.982 X95.17 Y108.367 E588.9702
G1 Z35.984 X94.633 Y108.033 E588.99161
G1 Z35.986 X94.119 Y107.665 E589.01301
G1 Z35.988 X93.63 Y107.263 E589.03444
G1 Z35.990 X93.169 Y106.831 E589.05582
G1 Z35.992 X92.737 Y106.37 E589.0772
G1 Z35.994 X92.335 Y105.881 E589.09863
G1 Z35.996 X91.967 Y105.367 E589.12003
G1 Z35.998 X91.633 Y104.83 E589.14144
G1 Z36.000 X91.413 Y104.418 E589.15725
;LAYER_CHANGE
;Z:36.2
;HEIGHT:0.200001
G1 Z36.000 F7800
G1 F738
G1 Z36.001 X91.212 Y104.334 E589.16297
G1 Z36.003 X90.948 Y103.75 E589.18466
G1 Z36.005 X90.722 Y103.15 E589.20636
G1 Z36.007 X90.536 Y102.536 E589.22808
G1 Z36.009 X90.39 Y101.912 E589.24977
G1 Z36.011 X90.286 Y101.279 E589.27148
G1 Z36.013 X90.223 Y100.641 E589.29318
G1 Z36.015 X90.202 Y100 E589.31489
G1 Z36.017 X90.223 Y99.359 E589.3366
G1 Z36.019 X90.286 Y98.721 E589.3583
G1 Z36.021 X90.39 Y98.088 E589.38001
G1 Z36.023 X90.536 Y97.464 E589.4017
G1 Z36.026 X90.722 Y96.85 E589.42342
G1 Z36.028 X90.948 Y96.25 E589.44512
G1 Z36.030 X91.212 Y95.666 E589.46681
G1 Z36.032 X91.514 Y95.101 E589.4885
G1 Z36.034 X91.852 Y94.558 E589.51015
G1 Z36.037 X92.352 Y93.882 E589.53861
G1 Z36.038 X92.633 Y93.54 E589.55359
G1 Z36.040 X93.072 Y93.072 E589.57531
G1 Z36.042 X93.54 Y92.633 E589.59703
G1 Z36.044 X94.035 Y92.226 E589.61872
G1 Z36.046 X94.555 Y91.854 E589.64036
G1 Z36.049 X95.276 Y91.421 E589.66883
G1 Z36.051 X95.666 Y91.212 E589.68381
G1 Z36.053 X96.25 Y90.948 E589.7055
G1 Z36.055 X96.85 Y90.722 E589.7272
G1 Z36.057 X97.464 Y90.536 E589.74892
G1 Z36.059 X98.088 Y90.39 E589.77061
G1 Z36.061 X98.721 Y90.286 E589.79232
G1 Z36.063 X99.357 Y90.223 E589.81395
G1 Z36.066 X100.198 Y90.208 E589.84242
G1 Z36.067 X100.641 Y90.223 E589.85742
G1 Z36.069 X101.279 Y90.286 E589.87912
G1 Z36.071 X101.912 Y90.39 E589.90083
G1 Z36.073 X102.536 Y90.536 E589.92252
G1 Z36.076 X103.15 Y90.722 E589.94424
G1 Z36.078 X103.75 Y90.948 E589.96594
G1 Z36.080 X104.334 Y91.212 E589.98763
G1 Z36.082 X104.899 Y91.514 E590.00932
G1 Z36.084 X105.442 Y91.852 E590.03097
G1 Z36.087 X106.118 Y92.352 E590.05943
G1 Z36.088 X106.46 Y92.633 E590.07441
G1 Z36.090 X106.928 Y93.072 E590.09613
G1 Z36.092 X107.367 Y93.54 E590.11785
G1 Z36.094 X107.774 Y94.035 E590.13954
G1 Z36.096 X108.146 Y94.555 E590.16118
G1 Z36.099 X108.579 Y95.276 E590.18965
G1 Z36.101 X108.788 Y95.666 E590.20463
G1 Z36.103 X109.052 Y96.25 E590.22632
G1 Z36.105 X109.278 Y96.85 E590.24802
G1 Z36.107 X109.464 Y97.464 E590.26974
G1 Z36.109 X109.61 Y98.088 E590.29143
G1 Z36.111 X109.714 Y98.721 E590.31314
G1 Z36.113 X109.777 Y99.359 E590.33484
G1 Z36.115 X109.798 Y100 E590.35655
G1 Z36.117 X109.777 Y100.641 E590.37826
G1 Z36.119 X109.714 Y101.279 E590.39996
G1 Z36.121 X109.61 Y101.912 E590.42167
G1 Z36.123 X109.464 Y102.536 E590.44336
G1 Z36.126 X109.278 Y103.15 E590.46508
G1 Z36.128 X109.052 Y103.75 E590.48678
G1 Z36.130 X108.788 Y104.334 E590.50847
G1 Z36.132 X108.486 Y104.899 E590.53016
G1 Z36.134 X108.148 Y105.442 E590.55181
G1 Z36.137 X107.648 Y106.118 E590.58027
G1 Z36.138 X107.367 Y106.46 E590.59525
G1 Z36.140 X106.928 Y106.928 E590.61697
G1 Z36.142 X106.46 Y107.367 E590.63869
G1 Z36.144 X105.965 Y107.774 E590.66038
G1 Z36.146 X105.445 Y108.146 E590.68202
G1 Z36.149 X104.724 Y108.579 E590.71049
G1 Z36.151 X104.334 Y108.788 E590.72547
G1 Z36.153 X103.75 Y109.052 E590.74716
G1 Z36.155 X103.15 Y109.278 E590.76886
G1 Z36.157 X102.536 Y109.464 E590.79058
G1 Z36.159 X101.912 Y109.61 E590.81227
G1 Z36.161 X101.279 Y109.714 E590.83398
G1 Z36.163 X100.641 Y109.777 E590.85568
G1 Z36.165 X100 Y109.798 E590.87739
G1 Z36.167 X99.359 Y109.777 E590.8991
G1 Z36.169 X98.721 Y109.714 E590.9208
G1 Z36.171 X98.088 Y109.61 E590.94251
G1 Z36.173 X97.464 Y109.464 E590.9642
G1 Z36.176 X96.85 Y109.278 E590.98592
G1 Z36.178 X96.25 Y109.052 E591.00762
G1 Z36.180 X95.666 Y108.788 E591.02931
G1 Z36.182 X95.101 Y108.486 E591.051
G1 Z36.184 X94.558 Y108.148 E591.07265
G1 Z36.187 X93.882 Y107.648 E591.10111
G1 Z36.188 X93.54 Y107.367 E591.11609
G1 Z36.190 X93.072 Y106.928 E591.13781
G1 Z36.192 X92.633 Y106.46 E591.15953
G1 Z36.194 X92.226 Y105.965 E591.18122
G1 Z36.196 X91.854 Y105.445 E591.20286
G1 Z36.199 X91.421 Y104.724 E591.23133
G1 Z36.200 X91.292 Y104.483 E591.24058
;LAYER_CHANGE
;Z:36.4
;HEIGHT:0.200001
G1 Z36.200 F7800
G1 F750
G1 Z36.201 X91.081 Y104.398 E591.24649
G1 Z36.203 X90.812 Y103.806 E591.2685
G1 Z36.205 X90.583 Y103.197 E591.29052
G1 Z36.207 X90.394 Y102.574 E591.31256
G1 Z36.209 X90.246 Y101.94 E591.3346
G1 Z36.211 X90.14 Y101.298 E591.35663
G1 Z36.213 X90.077 Y100.65 E591.37867
G1 Z36.215 X90.057 Y100.064 E591.39852
G1 Z36.217 X90.077 Y99.349 E591.42273
G1 Z36.219 X90.14 Y98.702 E591.44473
G1 Z36.221 X90.246 Y98.06 E591.46676
G1 Z36.223 X90.394 Y97.426 E591.4888
G1 Z36.226 X90.583 Y96.803 E591.51084
G1 Z36.228 X90.812 Y96.194 E591.53286
G1 Z36.230 X91.081 Y95.602 E591.55487
G1 Z36.232 X91.388 Y95.028 E591.5769
G1 Z36.234 X91.697 Y94.53 E591.59674
G1 Z36.236 X92.111 Y93.946 E591.62097
G1 Z36.238 X92.523 Y93.443 E591.64298
G1 Z36.240 X92.968 Y92.968 E591.66501
G1 Z36.242 X93.443 Y92.523 E591.68704
G1 Z36.244 X93.946 Y92.11 E591.70907
G1 Z36.246 X94.475 Y91.731 E591.7311
G1 Z36.248 X95.028 Y91.388 E591.75313
G1 Z36.251 X95.602 Y91.081 E591.77516
G1 Z36.253 X96.194 Y90.812 E591.79717
G1 Z36.255 X96.803 Y90.583 E591.81919
G1 Z36.257 X97.426 Y90.394 E591.84123
G1 Z36.259 X98.06 Y90.246 E591.86327
G1 Z36.261 X98.702 Y90.14 E591.8853
G1 Z36.263 X99.35 Y90.077 E591.90734
G1 Z36.265 X100 Y90.055 E591.92935
G1 Z36.267 X100.586 Y90.074 E591.9492
G1 Z36.269 X101.299 Y90.14 E591.97344
G1 Z36.271 X101.94 Y90.246 E591.99543
G1 Z36.273 X102.574 Y90.394 E592.01747
G1 Z36.276 X103.197 Y90.583 E592.03951
G1 Z36.278 X103.806 Y90.812 E592.06153
G1 Z36.280 X104.398 Y91.081 E592.08354
G1 Z36.282 X104.972 Y91.388 E592.10557
G1 Z36.284 X105.47 Y91.697 E592.12541
G1 Z36.286 X106.054 Y92.111 E592.14964
G1 Z36.288 X106.557 Y92.523 E592.17165
G1 Z36.290 X107.032 Y92.968 E592.19368
G1 Z36.292 X107.477 Y93.443 E592.21571
G1 Z36.294 X107.89 Y93.946 E592.23774
G1 Z36.296 X108.269 Y94.475 E592.25977
G1 Z36.298 X108.612 Y95.028 E592.2818
G1 Z36.301 X108.919 Y95.602 E592.30383
G1 Z36.303 X109.188 Y96.194 E592.32584
G1 Z36.305 X109.417 Y96.803 E592.34786
G1 Z36.307 X109.606 Y97.426 E592.3699
G1 Z36.309 X109.754 Y98.06 E592.39194
G1 Z36.311 X109.86 Y98.702 E592.41397
G1 Z36.313 X109.923 Y99.35 E592.43601
G1 Z36.315 X109.943 Y99.936 E592.45586
G1 Z36.317 X109.923 Y100.651 E592.48007
G1 Z36.319 X109.86 Y101.298 E592.50207
G1 Z36.321 X109.754 Y101.94 E592.5241
G1 Z36.323 X109.606 Y102.574 E592.54614
G1 Z36.326 X109.417 Y103.197 E592.56818
G1 Z36.328 X109.188 Y103.806 E592.5902
G1 Z36.330 X108.919 Y104.398 E592.61221
G1 Z36.332 X108.612 Y104.972 E592.63424
G1 Z36.334 X108.303 Y105.47 E592.65408
G1 Z36.336 X107.889 Y106.054 E592.67831
G1 Z36.338 X107.477 Y106.557 E592.70032
G1 Z36.340 X107.032 Y107.032 E592.72235
G1 Z36.342 X106.557 Y107.477 E592.74438
G1 Z36.344 X106.054 Y107.89 E592.76641
G1 Z36.346 X105.525 Y108.269 E592.78844
G1 Z36.348 X104.972 Y108.612 E592.81047
G1 Z36.351 X104.398 Y108.919 E592.8325
G1 Z36.353 X103.806 Y109.188 E592.85451
G1 Z36.355 X103.197 Y109.417 E592.87653
G1 Z36.357 X102.574 Y109.606 E592.89857
G1 Z36.359 X101.94 Y109.754 E592.92061
G1 Z36.361 X101.298 Y109.86 E592.94264
G1 Z36.363 X100.65 Y109.923 E592.96468
G1 Z36.365 X100.064 Y109.943 E592.98453
G1 Z36.367 X99.349 Y109.923 E593.00874
G1 Z36.369 X98.702 Y109.86 E593.03074
G1 Z36.371 X98.06 Y109.754 E593.05277
G1 Z36.373 X97.426 Y109.606 E593.07481
G1 Z36.376 X96.803 Y109.417 E593.09685
G1 Z36.378 X96.194 Y109.188 E593.11887
G1 Z36.380 X95.602 Y108.919 E593.14088
G1 Z36.382 X95.028 Y108.612 E593.16291
G1 Z36.384 X94.53 Y108.303 E593.18275
G1 Z36.386 X93.946 Y107.889 E593.20698
G1 Z36.388 X93.443 Y107.477 E593.22899
G1 Z36.390 X92.968 Y107.032 E593.25102
G1 Z36.392 X92.523 Y106.557 E593.27305
G1 Z36.394 X92.11 Y106.054 E593.29508
G1 Z36.396 X91.731 Y105.525 E593.31711
G1 Z36.398 X91.388 Y104.972 E593.33914
G1 Z36.400 X91.163 Y104.552 E593.35527
;LAYER_CHANGE
;Z:36.6
;HEIGHT:0.199997
G1 Z36.400 F7800
G1 F762
G1 Z36.401 X90.939 Y104.468 E593.36133
G1 Z36.403 X90.666 Y103.866 E593.3837
G1 Z36.405 X90.433 Y103.247 E593.40609
G1 Z36.407 X90.241 Y102.615 E593.42845
G1 Z36.409 X90.091 Y101.971 E593.45083
G1 Z36.411 X89.983 Y101.319 E593.4732
G1 Z36.413 X89.919 Y100.661 E593.49558
G1 Z36.415 X89.897 Y100 E593.51797
G1 Z36.417 X89.919 Y99.339 E593.54036
G1 Z36.419 X89.983 Y98.681 E593.56274
G1 Z36.421 X90.091 Y98.029 E593.58511
G1 Z36.423 X90.241 Y97.385 E593.60749
G1 Z36.426 X90.433 Y96.753 E593.62985
G1 Z36.428 X90.666 Y96.134 E593.65224
G1 Z36.430 X90.939 Y95.532 E593.67461
G1 Z36.432 X91.251 Y94.949 E593.69699
G1 Z36.434 X91.6 Y94.387 E593.71938
G1 Z36.436 X91.985 Y93.85 E593.74175
G1 Z36.438 X92.404 Y93.339 E593.76412
G1 Z36.439 X92.633 Y93.094 E593.77547
G1 Z36.440 X92.856 Y92.856 E593.78651
G1 Z36.442 X93.339 Y92.404 E593.8089
G1 Z36.444 X93.85 Y91.985 E593.83127
G1 Z36.446 X94.387 Y91.6 E593.85364
G1 Z36.448 X94.949 Y91.251 E593.87603
G1 Z36.451 X95.532 Y90.939 E593.89841
G1 Z36.453 X96.134 Y90.666 E593.92078
G1 Z36.455 X96.753 Y90.433 E593.94317
G1 Z36.457 X97.385 Y90.241 E593.96553
G1 Z36.459 X98.029 Y90.091 E593.98791
G1 Z36.461 X98.681 Y89.983 E594.01028
G1 Z36.463 X99.339 Y89.919 E594.03266
G1 Z36.465 X100 Y89.897 E594.05505
G1 Z36.466 X100.335 Y89.908 E594.0664
G1 Z36.467 X100.661 Y89.919 E594.07744
G1 Z36.469 X101.319 Y89.983 E594.09982
G1 Z36.471 X101.971 Y90.091 E594.12219
G1 Z36.473 X102.615 Y90.241 E594.14457
G1 Z36.476 X103.247 Y90.433 E594.16693
G1 Z36.478 X103.866 Y90.666 E594.18932
G1 Z36.480 X104.468 Y90.939 E594.21169
G1 Z36.482 X105.051 Y91.251 E594.23407
G1 Z36.484 X105.613 Y91.6 E594.25646
G1 Z36.486 X106.15 Y91.985 E594.27883
G1 Z36.488 X106.661 Y92.404 E594.3012
G1 Z36.490 X107.144 Y92.856 E594.32359
G1 Z36.492 X107.596 Y93.339 E594.34598
G1 Z36.494 X108.015 Y93.85 E594.36835
G1 Z36.496 X108.4 Y94.387 E594.39072
G1 Z36.498 X108.749 Y94.949 E594.41311
G1 Z36.501 X109.061 Y95.532 E594.43549
G1 Z36.503 X109.334 Y96.134 E594.45786
G1 Z36.505 X109.567 Y96.753 E594.48025
G1 Z36.507 X109.759 Y97.385 E594.50261
G1 Z36.509 X109.909 Y98.029 E594.52499
G1 Z36.511 X110.017 Y98.681 E594.54736
G1 Z36.513 X110.081 Y99.339 E594.56974
G1 Z36.515 X110.103 Y100 E594.59213
G1 Z36.517 X110.081 Y100.661 E594.61452
G1 Z36.519 X110.017 Y101.319 E594.6369
G1 Z36.521 X109.909 Y101.971 E594.65927
G1 Z36.523 X109.759 Y102.615 E594.68165
G1 Z36.526 X109.567 Y103.247 E594.70401
G1 Z36.528 X109.334 Y103.866 E594.7264
G1 Z36.530 X109.061 Y104.468 E594.74877
G1 Z36.532 X108.749 Y105.051 E594.77115
G1 Z36.534 X108.4 Y105.613 E594.79354
G1 Z36.536 X108.015 Y106.15 E594.81591
G1 Z36.538 X107.596 Y106.661 E594.83828
G1 Z36.540 X107.144 Y107.144 E594.86067
G1 Z36.542 X106.661 Y107.596 E594.88306
G1 Z36.544 X106.15 Y108.015 E594.90543
G1 Z36.546 X105.613 Y108.4 E594.9278
G1 Z36.548 X105.051 Y108.749 E594.95019
G1 Z36.551 X104.468 Y109.061 E594.97257
G1 Z36.553 X103.866 Y109.334 E594.99494
G1 Z36.555 X103.247 Y109.567 E595.01733
G1 Z36.557 X102.615 Y109.759 E595.03969
G1 Z36.559 X101.971 Y109.909 E595.06207
G1 Z36.561 X101.319 Y110.017 E595.08444
G1 Z36.563 X100.661 Y110.081 E595.10682
G1 Z36.565 X100 Y110.103 E595.12921
G1 Z36.567 X99.339 Y110.081 E595.1516
G1 Z36.569 X98.681 Y110.017 E595.17398
G1 Z36.571 X98.029 Y109.909 E595.19635
G1 Z36.573 X97.385 Y109.759 E595.21873
G1 Z36.576 X96.753 Y109.567 E595.24109
G1 Z36.578 X96.134 Y109.334 E595.26348
G1 Z36.580 X95.532 Y109.061 E595.28585
G1 Z36.582 X94.949 Y108.749 E595.30823
G1 Z36.584 X94.387 Y108.4 E595.33062
G1 Z36.586 X93.85 Y108.015 E595.35299
G1 Z36.588 X93.339 Y107.596 E595.37536
G1 Z36.590 X92.856 Y107.144 E595.39775
G1 Z36.592 X92.404 Y106.661 E595.42014
G1 Z36.594 X91.985 Y106.15 E595.44251
G1 Z36.596 X91.6 Y105.613 E595.46488
G1 Z36.598 X91.251 Y105.051 E595.48727
G1 Z36.600 X91.023 Y104.626 E595.5036
;LAYER_CHANGE
;Z:36.8
;HEIGHT:0.200001
G1 Z36.600 F7800
G1 F774
G1 Z36.601 X90.793 Y104.54 E595.50985
G1 Z36.603 X90.516 Y103.929 E595.53256
G1 Z36.605 X90.259 Y103.233 E595.55767
G1 Z36.607 X90.085 Y102.657 E595.57804
G1 Z36.609 X89.932 Y102.003 E595.60077
G1 Z36.611 X89.823 Y101.34 E595.62351
G1 Z36.613 X89.757 Y100.671 E595.64626
G1 Z36.615 X89.735 Y100 E595.66898
G1 Z36.617 X89.757 Y99.329 E595.6917
G1 Z36.619 X89.823 Y98.66 E595.71445
G1 Z36.621 X89.932 Y97.997 E595.73719
G1 Z36.623 X90.085 Y97.343 E595.75992
G1 Z36.626 X90.28 Y96.7 E595.78266
G1 Z36.628 X90.516 Y96.072 E595.80537
G1 Z36.630 X90.793 Y95.46 E595.82811
G1 Z36.632 X91.11 Y94.867 E595.85087
G1 Z36.634 X91.465 Y94.297 E595.8736
G1 Z36.636 X91.856 Y93.751 E595.89633
G1 Z36.638 X92.282 Y93.232 E595.91906
G1 Z36.640 X92.741 Y92.741 E595.94181
G1 Z36.642 X93.232 Y92.282 E595.96456
G1 Z36.644 X93.751 Y91.856 E595.98729
G1 Z36.646 X94.296 Y91.465 E596.00999
G1 Z36.649 X94.929 Y91.077 E596.03512
G1 Z36.651 X95.46 Y90.793 E596.0555
G1 Z36.653 X96.071 Y90.516 E596.07821
G1 Z36.655 X96.767 Y90.259 E596.10332
G1 Z36.657 X97.343 Y90.085 E596.12369
G1 Z36.659 X97.997 Y89.932 E596.14642
G1 Z36.661 X98.66 Y89.823 E596.16916
G1 Z36.663 X99.328 Y89.757 E596.19188
G1 Z36.665 X100.07 Y89.737 E596.217
G1 Z36.667 X100.671 Y89.757 E596.23735
G1 Z36.669 X101.34 Y89.823 E596.2601
G1 Z36.671 X102.003 Y89.932 E596.28284
G1 Z36.673 X102.657 Y90.085 E596.30557
G1 Z36.676 X103.3 Y90.28 E596.32831
G1 Z36.678 X103.928 Y90.516 E596.35102
G1 Z36.680 X104.54 Y90.793 E596.37376
G1 Z36.682 X105.133 Y91.11 E596.39652
G1 Z36.684 X105.703 Y91.465 E596.41925
G1 Z36.686 X106.249 Y91.856 E596.44198
G1 Z36.688 X106.768 Y92.282 E596.46471
G1 Z36.690 X107.259 Y92.741 E596.48746
G1 Z36.692 X107.718 Y93.232 E596.51021
G1 Z36.694 X108.144 Y93.751 E596.53294
G1 Z36.696 X108.535 Y94.296 E596.55564
G1 Z36.699 X108.923 Y94.929 E596.58077
G1 Z36.701 X109.207 Y95.46 E596.60115
G1 Z36.703 X109.484 Y96.071 E596.62386
G1 Z36.705 X109.741 Y96.767 E596.64897
G1 Z36.707 X109.915 Y97.343 E596.66934
G1 Z36.709 X110.068 Y97.997 E596.69207
G1 Z36.711 X110.177 Y98.66 E596.71481
G1 Z36.713 X110.243 Y99.329 E596.73756
G1 Z36.715 X110.265 Y100 E596.76028
G1 Z36.717 X110.243 Y100.671 E596.783
G1 Z36.719 X110.177 Y101.34 E596.80575
G1 Z36.721 X110.068 Y102.003 E596.82849
G1 Z36.723 X109.915 Y102.657 E596.85122
G1 Z36.726 X109.72 Y103.3 E596.87396
G1 Z36.728 X109.484 Y103.928 E596.89667
G1 Z36.730 X109.207 Y104.54 E596.91941
G1 Z36.732 X108.89 Y105.133 E596.94217
G1 Z36.734 X108.535 Y105.703 E596.9649
G1 Z36.736 X108.144 Y106.249 E596.98763
G1 Z36.738 X107.718 Y106.768 E597.01036
G1 Z36.740 X107.259 Y107.259 E597.03311
G1 Z36.742 X106.768 Y107.718 E597.05586
G1 Z36.744 X106.249 Y108.144 E597.07859
G1 Z36.746 X105.704 Y108.535 E597.10129
G1 Z36.749 X105.071 Y108.923 E597.12642
G1 Z36.751 X104.54 Y109.207 E597.1468
G1 Z36.753 X103.929 Y109.484 E597.16951
G1 Z36.755 X103.233 Y109.741 E597.19462
G1 Z36.757 X102.657 Y109.915 E597.21499
G1 Z36.759 X102.003 Y110.068 E597.23772
G1 Z36.761 X101.34 Y110.177 E597.26046
G1 Z36.763 X100.671 Y110.243 E597.28321
G1 Z36.765 X100 Y110.265 E597.30593
G1 Z36.767 X99.329 Y110.243 E597.32865
G1 Z36.769 X98.66 Y110.177 E597.3514
G1 Z36.771 X97.997 Y110.068 E597.37414
G1 Z36.773 X97.343 Y109.915 E597.39687
G1 Z36.776 X96.7 Y109.72 E597.41961
G1 Z36.778 X96.072 Y109.484 E597.44232
G1 Z36.780 X95.46 Y109.207 E597.46506
G1 Z36.782 X94.867 Y108.89 E597.48782
G1 Z36.784 X94.297 Y108.535 E597.51055
G1 Z36.786 X93.751 Y108.144 E597.53328
G1 Z36.788 X93.232 Y107.718 E597.55601
G1 Z36.790 X92.741 Y107.259 E597.57876
G1 Z36.792 X92.282 Y106.768 E597.60151
G1 Z36.794 X91.856 Y106.249 E597.62424
G1 Z36.796 X91.465 Y105.704 E597.64694
G1 Z36.799 X91.077 Y105.071 E597.67207
G1 Z36.800 X90.88 Y104.703 E597.6862
;LAYER_CHANGE
;Z:37
;HEIGHT:0.200001
G1 Z36.800 F7800
G1 F787
G1 Z36.801 X90.64 Y104.616 E597.69262
G1 Z36.803 X90.358 Y103.994 E597.71574
G1 Z36.805 X90.118 Y103.355 E597.73884
G1 Z36.807 X89.92 Y102.701 E597.76197
G1 Z36.809 X89.764 Y102.036 E597.78509
G1 Z36.811 X89.653 Y101.362 E597.80821
G1 Z36.813 X89.586 Y100.683 E597.8313
G1 Z36.815 X89.571 Y100.204 E597.84752
G1 Z36.817 X89.586 Y99.316 E597.87758
G1 Z36.819 X89.653 Y98.638 E597.90064
G1 Z36.821 X89.731 Y98.165 E597.91687
G1 Z36.824 X89.92 Y97.297 E597.94694
G1 Z36.826 X90.118 Y96.645 E597.97
G1 Z36.828 X90.358 Y96.006 E597.9931
G1 Z36.830 X90.64 Y95.384 E598.01622
G1 Z36.832 X90.962 Y94.782 E598.03933
G1 Z36.834 X91.323 Y94.202 E598.06245
G1 Z36.836 X91.721 Y93.647 E598.08557
G1 Z36.838 X92.154 Y93.119 E598.10868
G1 Z36.840 X92.481 Y92.769 E598.12489
G1 Z36.842 X93.12 Y92.153 E598.15493
G1 Z36.844 X93.647 Y91.721 E598.178
G1 Z36.846 X94.202 Y91.323 E598.20112
G1 Z36.848 X94.782 Y90.962 E598.22424
G1 Z36.851 X95.384 Y90.64 E598.24735
G1 Z36.853 X96.006 Y90.358 E598.27047
G1 Z36.855 X96.645 Y90.118 E598.29357
G1 Z36.857 X97.299 Y89.92 E598.3167
G1 Z36.859 X97.964 Y89.764 E598.33982
G1 Z36.861 X98.638 Y89.653 E598.36294
G1 Z36.863 X99.317 Y89.586 E598.38603
G1 Z36.865 X100 Y89.564 E598.40916
G1 Z36.867 X100.479 Y89.58 E598.42538
G1 Z36.869 X101.364 Y89.654 E598.45544
G1 Z36.871 X102.036 Y89.764 E598.47849
G1 Z36.873 X102.701 Y89.92 E598.50161
G1 Z36.876 X103.355 Y90.118 E598.52474
G1 Z36.878 X103.994 Y90.358 E598.54784
G1 Z36.880 X104.616 Y90.64 E598.57096
G1 Z36.882 X105.218 Y90.962 E598.59407
G1 Z36.884 X105.798 Y91.323 E598.61719
G1 Z36.886 X106.353 Y91.721 E598.64031
G1 Z36.888 X106.881 Y92.154 E598.66342
G1 Z36.890 X107.231 Y92.481 E598.67963
G1 Z36.892 X107.847 Y93.12 E598.70967
G1 Z36.894 X108.279 Y93.647 E598.73274
G1 Z36.896 X108.677 Y94.202 E598.75586
G1 Z36.898 X109.038 Y94.782 E598.77898
G1 Z36.901 X109.36 Y95.384 E598.80209
G1 Z36.903 X109.642 Y96.006 E598.82521
G1 Z36.905 X109.882 Y96.645 E598.84831
G1 Z36.907 X110.08 Y97.299 E598.87144
G1 Z36.909 X110.236 Y97.964 E598.89456
G1 Z36.911 X110.347 Y98.638 E598.91768
G1 Z36.913 X110.414 Y99.317 E598.94077
G1 Z36.915 X110.429 Y99.796 E598.95699
G1 Z36.917 X110.414 Y100.684 E598.98705
G1 Z36.919 X110.347 Y101.362 E599.01011
G1 Z36.921 X110.269 Y101.835 E599.02634
G1 Z36.924 X110.08 Y102.703 E599.05641
G1 Z36.926 X109.882 Y103.355 E599.07947
G1 Z36.928 X109.642 Y103.994 E599.10257
G1 Z36.930 X109.36 Y104.616 E599.12569
G1 Z36.932 X109.038 Y105.218 E599.1488
G1 Z36.934 X108.677 Y105.798 E599.17192
G1 Z36.936 X108.279 Y106.353 E599.19504
G1 Z36.938 X107.846 Y106.881 E599.21815
G1 Z36.940 X107.519 Y107.231 E599.23436
G1 Z36.942 X106.88 Y107.847 E599.2644
G1 Z36.944 X106.353 Y108.279 E599.28747
G1 Z36.946 X105.798 Y108.677 E599.31059
G1 Z36.948 X105.218 Y109.038 E599.33371
G1 Z36.951 X104.616 Y109.36 E599.35682
G1 Z36.953 X103.994 Y109.642 E599.37994
G1 Z36.955 X103.355 Y109.882 E599.40304
G1 Z36.957 X102.701 Y110.08 E599.42617
G1 Z36.959 X102.036 Y110.236 E599.44929
G1 Z36.961 X101.362 Y110.347 E599.47241
G1 Z36.963 X100.683 Y110.414 E599.4955
G1 Z36.965 X100.204 Y110.429 E599.51172
G1 Z36.967 X99.316 Y110.414 E599.54178
G1 Z36.969 X98.638 Y110.347 E599.56484
G1 Z36.971 X98.165 Y110.269 E599.58107
G1 Z36.974 X97.297 Y110.08 E599.61114
G1 Z36.976 X96.645 Y109.882 E599.6342
G1 Z36.978 X96.006 Y109.642 E599.6573
G1 Z36.980 X95.384 Y109.36 E599.68042
G1 Z36.982 X94.782 Y109.038 E599.70353
G1 Z36.984 X94.202 Y108.677 E599.72665
G1 Z36.986 X93.647 Y108.279 E599.74977
G1 Z36.988 X93.119 Y107.846 E599.77288
G1 Z36.990 X92.769 Y107.519 E599.78909
G1 Z36.992 X92.153 Y106.88 E599.81913
G1 Z36.994 X91.721 Y106.353 E599.8422
G1 Z36.996 X91.323 Y105.798 E599.86532
G1 Z36.998 X90.962 Y105.218 E599.88844
G1 Z37.000 X90.73 Y104.783 E599.90513
;LAYER_CHANGE
;Z:37.2
;HEIGHT:0.200001
G1 Z37.000 F7800
G1 F800
G1 Z37.001 X90.484 Y104.693 E599.91173
G1 Z37.003 X90.198 Y104.06 E599.93524
G1 Z37.005 X89.953 Y103.41 E599.95875
G1 Z37.007 X89.751 Y102.746 E599.98224
G1 Z37.009 X89.594 Y102.07 E600.00573
G1 Z37.011 X89.481 Y101.385 E600.02923
G1 Z37.013 X89.413 Y100.694 E600.05273
G1 Z37.015 X89.39 Y100 E600.07623
G1 Z37.017 X89.413 Y99.306 E600.09973
G1 Z37.019 X89.481 Y98.615 E600.12323
G1 Z37.021 X89.594 Y97.93 E600.14673
G1 Z37.024 X89.751 Y97.254 E600.17022
G1 Z37.026 X89.953 Y96.59 E600.19371
G1 Z37.028 X90.198 Y95.94 E600.21722
G1 Z37.030 X90.484 Y95.307 E600.24073
G1 Z37.032 X90.811 Y94.695 E600.26422
G1 Z37.034 X91.178 Y94.105 E600.28774
G1 Z37.036 X91.582 Y93.541 E600.31122
G1 Z37.038 X92.023 Y93.004 E600.33474
G1 Z37.040 X92.498 Y92.498 E600.35823
G1 Z37.042 X93.004 Y92.023 E600.38172
G1 Z37.044 X93.541 Y91.582 E600.40524
G1 Z37.046 X94.104 Y91.179 E600.42868
G1 Z37.049 X94.885 Y90.71 E600.45952
G1 Z37.051 X95.307 Y90.484 E600.47572
G1 Z37.053 X95.94 Y90.198 E600.49923
G1 Z37.055 X96.59 Y89.953 E600.52274
G1 Z37.057 X97.254 Y89.751 E600.54623
G1 Z37.059 X97.93 Y89.594 E600.56972
G1 Z37.061 X98.615 Y89.481 E600.59322
G1 Z37.063 X99.304 Y89.413 E600.61666
G1 Z37.066 X100.215 Y89.397 E600.6475
G1 Z37.067 X100.694 Y89.413 E600.66372
G1 Z37.069 X101.385 Y89.481 E600.68722
G1 Z37.071 X102.07 Y89.594 E600.71072
G1 Z37.074 X102.746 Y89.751 E600.73421
G1 Z37.076 X103.41 Y89.953 E600.7577
G1 Z37.078 X104.06 Y90.198 E600.78121
G1 Z37.080 X104.693 Y90.484 E600.80472
G1 Z37.082 X105.305 Y90.811 E600.82821
G1 Z37.084 X105.895 Y91.178 E600.85173
G1 Z37.086 X106.459 Y91.582 E600.87521
G1 Z37.088 X106.996 Y92.023 E600.89873
G1 Z37.090 X107.502 Y92.498 E600.92222
G1 Z37.092 X107.977 Y93.004 E600.94571
G1 Z37.094 X108.418 Y93.541 E600.96923
G1 Z37.096 X108.821 Y94.104 E600.99267
G1 Z37.099 X109.29 Y94.885 E601.02351
G1 Z37.101 X109.516 Y95.307 E601.03971
G1 Z37.103 X109.802 Y95.94 E601.06322
G1 Z37.105 X110.047 Y96.59 E601.08673
G1 Z37.107 X110.249 Y97.254 E601.11022
G1 Z37.109 X110.406 Y97.93 E601.13371
G1 Z37.111 X110.519 Y98.615 E601.15721
G1 Z37.113 X110.587 Y99.306 E601.18071
G1 Z37.115 X110.61 Y100 E601.20421
G1 Z37.117 X110.587 Y100.694 E601.22771
G1 Z37.119 X110.519 Y101.385 E601.25121
G1 Z37.121 X110.406 Y102.07 E601.27471
G1 Z37.124 X110.249 Y102.746 E601.2982
G1 Z37.126 X110.047 Y103.41 E601.32169
G1 Z37.128 X109.802 Y104.06 E601.3452
G1 Z37.130 X109.516 Y104.693 E601.36871
G1 Z37.132 X109.189 Y105.305 E601.3922
G1 Z37.134 X108.822 Y105.895 E601.41572
G1 Z37.136 X108.418 Y106.459 E601.4392
G1 Z37.138 X107.977 Y106.996 E601.46272
G1 Z37.140 X107.502 Y107.502 E601.48621
G1 Z37.142 X106.996 Y107.977 E601.5097
G1 Z37.144 X106.459 Y108.418 E601.53322
G1 Z37.146 X105.896 Y108.821 E601.55666
G1 Z37.149 X105.115 Y109.29 E601.5875
G1 Z37.151 X104.693 Y109.516 E601.6037
G1 Z37.153 X104.06 Y109.802 E601.62721
G1 Z37.155 X103.41 Y110.047 E601.65072
G1 Z37.157 X102.746 Y110.249 E601.67421
G1 Z37.159 X102.07 Y110.406 E601.6977
G1 Z37.161 X101.385 Y110.519 E601.7212
G1 Z37.163 X100.694 Y110.587 E601.7447
G1 Z37.165 X100 Y110.61 E601.7682
G1 Z37.167 X99.306 Y110.587 E601.7917
G1 Z37.169 X98.615 Y110.519 E601.8152
G1 Z37.171 X97.93 Y110.406 E601.8387
G1 Z37.174 X97.254 Y110.249 E601.86219
G1 Z37.176 X96.59 Y110.047 E601.88568
G1 Z37.178 X95.94 Y109.802 E601.90919
G1 Z37.180 X95.307 Y109.516 E601.9327
G1 Z37.182 X94.695 Y109.189 E601.95619
G1 Z37.184 X94.105 Y108.822 E601.97971
G1 Z37.186 X93.541 Y108.418 E602.00319
G1 Z37.188 X93.004 Y107.977 E602.02671
G1 Z37.190 X92.498 Y107.502 E602.0502
G1 Z37.192 X92.023 Y106.996 E602.07369
G1 Z37.194 X91.582 Y106.459 E602.09721
G1 Z37.196 X91.179 Y105.896 E602.12065
G1 Z37.199 X90.71 Y105.115 E602.15149
G1 Z37.200 X90.576 Y104.865 E602.16109
;LAYER_CHANGE
;Z:37.4
;HEIGHT:0.200001
G1 Z37.200 F7800
G1 F813
G1 Z37.201 X90.325 Y104.771 E602.16792
G1 Z37.203 X90.034 Y104.128 E602.19181
G1 Z37.205 X89.785 Y103.467 E602.21572
G1 Z37.207 X89.58 Y102.792 E602.2396
G1 Z37.209 X89.42 Y102.104 E602.26351
G1 Z37.211 X89.305 Y101.408 E602.28739
G1 Z37.213 X89.236 Y100.706 E602.31127
G1 Z37.215 X89.215 Y100.07 E602.33281
G1 Z37.217 X89.236 Y99.294 E602.35909
G1 Z37.219 X89.305 Y98.592 E602.38297
G1 Z37.221 X89.42 Y97.896 E602.40685
G1 Z37.224 X89.58 Y97.208 E602.43076
G1 Z37.226 X89.785 Y96.533 E602.45464
G1 Z37.228 X90.034 Y95.872 E602.47855
G1 Z37.230 X90.325 Y95.229 E602.50244
G1 Z37.232 X90.658 Y94.606 E602.52635
G1 Z37.234 X91.031 Y94.007 E602.55024
G1 Z37.236 X91.442 Y93.433 E602.57414
G1 Z37.238 X91.89 Y92.888 E602.59802
G1 Z37.240 X92.372 Y92.372 E602.62192
G1 Z37.242 X92.888 Y91.89 E602.64582
G1 Z37.244 X93.433 Y91.442 E602.6697
G1 Z37.246 X94.007 Y91.031 E602.6936
G1 Z37.249 X94.606 Y90.658 E602.71749
G1 Z37.251 X95.229 Y90.325 E602.7414
G1 Z37.253 X95.872 Y90.034 E602.76529
G1 Z37.255 X96.533 Y89.785 E602.7892
G1 Z37.257 X97.208 Y89.58 E602.81308
G1 Z37.259 X97.896 Y89.42 E602.83699
G1 Z37.261 X98.592 Y89.305 E602.86087
G1 Z37.263 X99.294 Y89.236 E602.88475
G1 Z37.265 X100 Y89.213 E602.90866
G1 Z37.267 X100.636 Y89.234 E602.9302
G1 Z37.269 X101.409 Y89.305 E602.95648
G1 Z37.271 X102.104 Y89.42 E602.98032
G1 Z37.274 X102.792 Y89.58 E603.00423
G1 Z37.276 X103.467 Y89.785 E603.02811
G1 Z37.278 X104.128 Y90.034 E603.05202
G1 Z37.280 X104.771 Y90.325 E603.07591
G1 Z37.282 X105.394 Y90.658 E603.09982
G1 Z37.284 X105.993 Y91.031 E603.12371
G1 Z37.286 X106.567 Y91.442 E603.14761
G1 Z37.288 X107.112 Y91.89 E603.17149
G1 Z37.290 X107.628 Y92.372 E603.19539
G1 Z37.292 X108.11 Y92.888 E603.21929
G1 Z37.294 X108.558 Y93.433 E603.24317
G1 Z37.296 X108.969 Y94.007 E603.26707
G1 Z37.299 X109.342 Y94.606 E603.29096
G1 Z37.301 X109.675 Y95.229 E603.31487
G1 Z37.303 X109.966 Y95.872 E603.33876
G1 Z37.305 X110.215 Y96.533 E603.36267
G1 Z37.307 X110.42 Y97.208 E603.38655
G1 Z37.309 X110.58 Y97.896 E603.41046
G1 Z37.311 X110.695 Y98.592 E603.43434
G1 Z37.313 X110.764 Y99.294 E603.45822
G1 Z37.315 X110.785 Y99.93 E603.47976
G1 Z37.317 X110.764 Y100.706 E603.50604
G1 Z37.319 X110.695 Y101.408 E603.52992
G1 Z37.321 X110.58 Y102.104 E603.5538
G1 Z37.324 X110.42 Y102.792 E603.57771
G1 Z37.326 X110.215 Y103.467 E603.60159
G1 Z37.328 X109.966 Y104.128 E603.6255
G1 Z37.330 X109.675 Y104.771 E603.64939
G1 Z37.332 X109.342 Y105.394 E603.6733
G1 Z37.334 X108.969 Y105.993 E603.69719
G1 Z37.336 X108.558 Y106.567 E603.72109
G1 Z37.338 X108.11 Y107.112 E603.74497
G1 Z37.340 X107.628 Y107.628 E603.76887
G1 Z37.342 X107.112 Y108.11 E603.79277
G1 Z37.344 X106.567 Y108.558 E603.81665
G1 Z37.346 X105.993 Y108.969 E603.84055
G1 Z37.349 X105.394 Y109.342 E603.86444
G1 Z37.351 X104.771 Y109.675 E603.88835
G1 Z37.353 X104.128 Y109.966 E603.91224
G1 Z37.355 X103.467 Y110.215 E603.93615
G1 Z37.357 X102.792 Y110.42 E603.96003
G1 Z37.359 X102.104 Y110.58 E603.98394
G1 Z37.361 X101.408 Y110.695 E604.00782
G1 Z37.363 X100.706 Y110.764 E604.0317
G1 Z37.365 X100.07 Y110.785 E604.05324
G1 Z37.367 X99.294 Y110.764 E604.07952
G1 Z37.369 X98.592 Y110.695 E604.1034
G1 Z37.371 X97.896 Y110.58 E604.12728
G1 Z37.374 X97.208 Y110.42 E604.15119
G1 Z37.376 X96.533 Y110.215 E604.17507
G1 Z37.378 X95.872 Y109.966 E604.19898
G1 Z37.380 X95.229 Y109.675 E604.22287
G1 Z37.382 X94.606 Y109.342 E604.24678
G1 Z37.384 X94.007 Y108.969 E604.27067
G1 Z37.386 X93.433 Y108.558 E604.29457
G1 Z37.388 X92.888 Y108.11 E604.31845
G1 Z37.390 X92.372 Y107.628 E604.34235
G1 Z37.392 X91.89 Y107.112 E604.36625
G1 Z37.394 X91.442 Y106.567 E604.39013
G1 Z37.396 X91.031 Y105.993 E604.41403
G1 Z37.399 X90.658 Y105.394 E604.43792
G1 Z37.400 X90.42 Y104.949 E604.455
;LAYER_CHANGE
;Z:37.6
;HEIGHT:0.199997
G1 Z37.400 F7800
G1 F827
G1 Z37.401 X90.165 Y104.85 E604.46201
G1 Z37.403 X89.868 Y104.197 E604.48629
G1 Z37.405 X89.616 Y103.525 E604.51058
G1 Z37.407 X89.407 Y102.838 E604.53489
G1 Z37.409 X89.244 Y102.139 E604.55919
G1 Z37.411 X89.127 Y101.431 E604.58348
G1 Z37.413 X89.057 Y100.717 E604.60776
G1 Z37.415 X89.034 Y100 E604.63204
G1 Z37.417 X89.057 Y99.283 E604.65632
G1 Z37.419 X89.127 Y98.569 E604.6806
G1 Z37.421 X89.244 Y97.861 E604.70489
G1 Z37.424 X89.407 Y97.162 E604.72919
G1 Z37.426 X89.616 Y96.475 E604.7535
G1 Z37.428 X89.868 Y95.803 E604.77779
G1 Z37.430 X90.165 Y95.15 E604.80207
G1 Z37.432 X90.503 Y94.517 E604.82636
G1 Z37.434 X90.882 Y93.907 E604.85067
G1 Z37.436 X91.3 Y93.324 E604.87495
G1 Z37.438 X91.755 Y92.769 E604.89924
G1 Z37.440 X92.246 Y92.246 E604.92352
G1 Z37.442 X92.769 Y91.755 E604.9478
G1 Z37.444 X93.324 Y91.3 E604.97209
G1 Z37.446 X93.907 Y90.882 E604.99637
G1 Z37.449 X94.517 Y90.503 E605.02068
G1 Z37.451 X95.15 Y90.165 E605.04497
G1 Z37.453 X95.803 Y89.868 E605.06925
G1 Z37.455 X96.475 Y89.616 E605.09354
G1 Z37.457 X97.162 Y89.407 E605.11785
G1 Z37.459 X97.861 Y89.244 E605.14215
G1 Z37.461 X98.569 Y89.127 E605.16644
G1 Z37.463 X99.283 Y89.057 E605.19072
G1 Z37.465 X100 Y89.034 E605.215
G1 Z37.466 X100.364 Y89.046 E605.22733
G1 Z37.467 X100.717 Y89.057 E605.23928
G1 Z37.469 X101.431 Y89.127 E605.26356
G1 Z37.471 X102.139 Y89.244 E605.28785
G1 Z37.474 X102.838 Y89.407 E605.31215
G1 Z37.476 X103.525 Y89.616 E605.33646
G1 Z37.478 X104.197 Y89.868 E605.36075
G1 Z37.480 X104.85 Y90.165 E605.38503
G1 Z37.482 X105.483 Y90.503 E605.40932
G1 Z37.484 X106.093 Y90.882 E605.43363
G1 Z37.486 X106.676 Y91.3 E605.45791
G1 Z37.488 X107.231 Y91.755 E605.4822
G1 Z37.490 X107.754 Y92.246 E605.50648
G1 Z37.492 X108.245 Y92.769 E605.53076
G1 Z37.494 X108.7 Y93.324 E605.55505
G1 Z37.496 X109.118 Y93.907 E605.57933
G1 Z37.499 X109.497 Y94.517 E605.60364
G1 Z37.501 X109.835 Y95.15 E605.62793
G1 Z37.503 X110.132 Y95.803 E605.65221
G1 Z37.505 X110.384 Y96.475 E605.6765
G1 Z37.507 X110.593 Y97.162 E605.70081
G1 Z37.509 X110.756 Y97.861 E605.72511
G1 Z37.511 X110.873 Y98.569 E605.7494
G1 Z37.513 X110.943 Y99.283 E605.77368
G1 Z37.514 X110.955 Y99.646 E605.78597
G1 Z37.515 X110.966 Y100 E605.79796
G1 Z37.517 X110.943 Y100.717 E605.82224
G1 Z37.519 X110.873 Y101.431 E605.84652
G1 Z37.520 X110.813 Y101.79 E605.85884
G1 Z37.521 X110.756 Y102.139 E605.87081
G1 Z37.524 X110.593 Y102.838 E605.89511
G1 Z37.526 X110.384 Y103.525 E605.91942
G1 Z37.528 X110.132 Y104.197 E605.94371
G1 Z37.530 X109.835 Y104.85 E605.96799
G1 Z37.532 X109.497 Y105.483 E605.99228
G1 Z37.534 X109.118 Y106.093 E606.01659
G1 Z37.536 X108.7 Y106.676 E606.04087
G1 Z37.538 X108.245 Y107.231 E606.06516
G1 Z37.540 X107.754 Y107.754 E606.08944
G1 Z37.542 X107.231 Y108.245 E606.11372
G1 Z37.544 X106.676 Y108.7 E606.13801
G1 Z37.546 X106.093 Y109.118 E606.16229
G1 Z37.549 X105.483 Y109.497 E606.1866
G1 Z37.551 X104.85 Y109.835 E606.21089
G1 Z37.553 X104.197 Y110.132 E606.23517
G1 Z37.555 X103.525 Y110.384 E606.25946
G1 Z37.557 X102.838 Y110.593 E606.28377
G1 Z37.559 X102.139 Y110.756 E606.30807
G1 Z37.561 X101.431 Y110.873 E606.33236
G1 Z37.563 X100.717 Y110.943 E606.35664
G1 Z37.564 X100.354 Y110.955 E606.36893
G1 Z37.565 X100 Y110.966 E606.38092
G1 Z37.567 X99.283 Y110.943 E606.4052
G1 Z37.569 X98.569 Y110.873 E606.42948
G1 Z37.570 X98.21 Y110.813 E606.4418
G1 Z37.571 X97.861 Y110.756 E606.45377
G1 Z37.574 X97.162 Y110.593 E606.47807
G1 Z37.576 X96.475 Y110.384 E606.50238
G1 Z37.578 X95.803 Y110.132 E606.52667
G1 Z37.580 X95.15 Y109.835 E606.55095
G1 Z37.582 X94.517 Y109.497 E606.57524
G1 Z37.584 X93.907 Y109.118 E606.59955
G1 Z37.586 X93.324 Y108.7 E606.62383
G1 Z37.588 X92.769 Y108.245 E606.64812
G1 Z37.590 X92.246 Y107.754 E606.6724
G1 Z37.592 X91.755 Y107.231 E606.69668
G1 Z37.594 X91.3 Y106.676 E606.72097
G1 Z37.596 X90.882 Y106.093 E606.74525
G1 Z37.599 X90.503 Y105.483 E606.76956
G1 Z37.600 X90.262 Y105.033 E606.78684
;LAYER_CHANGE
;Z:37.8
;HEIGHT:0.200001
G1 Z37.600 F7800
G1 F840
G1 Z37.601 X90.004 Y104.93 E606.79405
G1 Z37.603 X89.703 Y104.265 E606.81876
G1 Z37.605 X89.446 Y103.583 E606.84343
G1 Z37.607 X89.234 Y102.885 E606.86812
G1 Z37.609 X89.068 Y102.174 E606.89283
G1 Z37.611 X88.95 Y101.455 E606.91749
G1 Z37.613 X88.878 Y100.729 E606.94218
G1 Z37.615 X88.854 Y100 E606.96687
G1 Z37.617 X88.878 Y99.271 E606.99156
G1 Z37.619 X88.95 Y98.545 E607.01625
G1 Z37.621 X89.068 Y97.826 E607.04091
G1 Z37.624 X89.234 Y97.115 E607.06562
G1 Z37.626 X89.446 Y96.417 E607.09031
G1 Z37.628 X89.703 Y95.735 E607.11498
G1 Z37.630 X90.004 Y95.07 E607.13969
G1 Z37.632 X90.348 Y94.427 E607.16437
G1 Z37.634 X90.732 Y93.808 E607.18903
G1 Z37.636 X91.205 Y93.157 E607.21627
G1 Z37.638 X91.62 Y92.651 E607.23842
G1 Z37.640 X92.119 Y92.119 E607.26311
G1 Z37.642 X92.651 Y91.62 E607.2878
G1 Z37.644 X93.215 Y91.158 E607.31248
G1 Z37.646 X93.808 Y90.733 E607.33718
G1 Z37.649 X94.427 Y90.348 E607.36185
G1 Z37.651 X95.07 Y90.004 E607.38653
G1 Z37.653 X95.735 Y89.703 E607.41124
G1 Z37.655 X96.417 Y89.446 E607.43591
G1 Z37.657 X97.115 Y89.234 E607.4606
G1 Z37.659 X97.826 Y89.068 E607.48531
G1 Z37.661 X98.545 Y88.95 E607.50997
G1 Z37.663 X99.27 Y88.878 E607.53463
G1 Z37.665 X100.075 Y88.857 E607.56189
G1 Z37.667 X100.729 Y88.878 E607.58404
G1 Z37.669 X101.455 Y88.95 E607.60873
G1 Z37.671 X102.174 Y89.068 E607.63339
G1 Z37.674 X102.885 Y89.234 E607.6581
G1 Z37.676 X103.583 Y89.446 E607.68279
G1 Z37.678 X104.265 Y89.703 E607.70746
G1 Z37.680 X104.93 Y90.004 E607.73217
G1 Z37.682 X105.573 Y90.348 E607.75685
G1 Z37.684 X106.192 Y90.732 E607.78151
G1 Z37.686 X106.843 Y91.205 E607.80875
G1 Z37.688 X107.349 Y91.62 E607.8309
G1 Z37.690 X107.881 Y92.119 E607.85559
G1 Z37.692 X108.38 Y92.651 E607.88028
G1 Z37.694 X108.842 Y93.215 E607.90496
G1 Z37.696 X109.267 Y93.808 E607.92966
G1 Z37.699 X109.652 Y94.427 E607.95433
G1 Z37.701 X109.996 Y95.07 E607.97901
G1 Z37.703 X110.297 Y95.735 E608.00372
G1 Z37.705 X110.554 Y96.417 E608.02839
G1 Z37.707 X110.766 Y97.115 E608.05308
G1 Z37.709 X110.932 Y97.826 E608.07779
G1 Z37.711 X111.05 Y98.545 E608.10245
G1 Z37.713 X111.122 Y99.271 E608.12714
G1 Z37.715 X111.146 Y100 E608.15183
G1 Z37.717 X111.122 Y100.729 E608.17652
G1 Z37.719 X111.05 Y101.455 E608.20121
G1 Z37.721 X110.932 Y102.174 E608.22587
G1 Z37.724 X110.766 Y102.885 E608.25058
G1 Z37.726 X110.554 Y103.583 E608.27527
G1 Z37.728 X110.297 Y104.265 E608.29994
G1 Z37.730 X109.996 Y104.93 E608.32465
G1 Z37.732 X109.652 Y105.573 E608.34933
G1 Z37.734 X109.268 Y106.192 E608.37399
G1 Z37.736 X108.795 Y106.843 E608.40123
G1 Z37.738 X108.38 Y107.349 E608.42338
G1 Z37.740 X107.881 Y107.881 E608.44807
G1 Z37.742 X107.349 Y108.38 E608.47276
G1 Z37.744 X106.785 Y108.842 E608.49744
G1 Z37.746 X106.192 Y109.267 E608.52214
G1 Z37.749 X105.573 Y109.652 E608.54681
G1 Z37.751 X104.93 Y109.996 E608.57149
G1 Z37.753 X104.265 Y110.297 E608.5962
G1 Z37.755 X103.583 Y110.554 E608.62087
G1 Z37.757 X102.885 Y110.766 E608.64556
G1 Z37.759 X102.174 Y110.932 E608.67027
G1 Z37.761 X101.455 Y111.05 E608.69493
G1 Z37.763 X100.729 Y111.122 E608.71962
G1 Z37.765 X100 Y111.146 E608.74431
G1 Z37.767 X99.271 Y111.122 E608.769
G1 Z37.769 X98.545 Y111.05 E608.79369
G1 Z37.771 X97.826 Y110.932 E608.81835
G1 Z37.774 X97.115 Y110.766 E608.84306
G1 Z37.776 X96.417 Y110.554 E608.86775
G1 Z37.778 X95.735 Y110.297 E608.89242
G1 Z37.780 X95.07 Y109.996 E608.91713
G1 Z37.782 X94.427 Y109.652 E608.94181
G1 Z37.784 X93.808 Y109.268 E608.96647
G1 Z37.786 X93.157 Y108.795 E608.99371
G1 Z37.788 X92.651 Y108.38 E609.01586
G1 Z37.790 X92.119 Y107.881 E609.04055
G1 Z37.792 X91.62 Y107.349 E609.06524
G1 Z37.794 X91.158 Y106.785 E609.08992
G1 Z37.796 X90.733 Y106.192 E609.11462
G1 Z37.799 X90.348 Y105.573 E609.13929
G1 Z37.800 X90.104 Y105.118 E609.15677
;LAYER_CHANGE
;Z:38
;HEIGHT:0.200001
G1 Z37.800 F7800
G1 F853
G1 Z37.801 X89.844 Y105.008 E609.16417
G1 Z37.803 X89.538 Y104.333 E609.18926
G1 Z37.805 X89.277 Y103.64 E609.21433
G1 Z37.807 X89.062 Y102.931 E609.23941
G1 Z37.808 X88.944 Y102.424 E609.25703
G1 Z37.811 X88.773 Y101.476 E609.28964
G1 Z37.813 X88.701 Y100.741 E609.31464
G1 Z37.815 X88.684 Y100.221 E609.33225
G1 Z37.817 X88.701 Y99.258 E609.36485
G1 Z37.819 X88.773 Y98.522 E609.38988
G1 Z37.821 X88.894 Y97.791 E609.41496
G1 Z37.824 X89.062 Y97.069 E609.44005
G1 Z37.826 X89.277 Y96.36 E609.46513
G1 Z37.828 X89.538 Y95.667 E609.4902
G1 Z37.830 X89.844 Y94.992 E609.51529
G1 Z37.832 X90.193 Y94.338 E609.54038
G1 Z37.834 X90.585 Y93.709 E609.56547
G1 Z37.836 X91.016 Y93.107 E609.59053
G1 Z37.838 X91.486 Y92.534 E609.61562
G1 Z37.840 X91.993 Y91.993 E609.64072
G1 Z37.842 X92.534 Y91.486 E609.66582
G1 Z37.844 X93.107 Y91.016 E609.69091
G1 Z37.846 X93.529 Y90.713 E609.70849
G1 Z37.849 X94.34 Y90.193 E609.7411
G1 Z37.851 X94.992 Y89.844 E609.76613
G1 Z37.853 X95.667 Y89.538 E609.79122
G1 Z37.855 X96.36 Y89.277 E609.81629
G1 Z37.857 X97.069 Y89.062 E609.84137
G1 Z37.858 X97.576 Y88.944 E609.85899
G1 Z37.861 X98.524 Y88.773 E609.8916
G1 Z37.863 X99.259 Y88.701 E609.9166
G1 Z37.865 X100 Y88.676 E609.9417
G1 Z37.867 X100.52 Y88.693 E609.95931
G1 Z37.869 X101.48 Y88.773 E609.99192
G1 Z37.871 X102.209 Y88.894 E610.01693
G1 Z37.874 X102.931 Y89.062 E610.04202
G1 Z37.876 X103.64 Y89.277 E610.0671
G1 Z37.878 X104.333 Y89.538 E610.09217
G1 Z37.880 X105.008 Y89.844 E610.11726
G1 Z37.882 X105.662 Y90.193 E610.14235
G1 Z37.884 X106.291 Y90.585 E610.16744
G1 Z37.886 X106.893 Y91.016 E610.1925
G1 Z37.888 X107.466 Y91.486 E610.21759
G1 Z37.890 X108.007 Y91.993 E610.24269
G1 Z37.892 X108.514 Y92.534 E610.26779
G1 Z37.894 X108.984 Y93.107 E610.29288
G1 Z37.896 X109.287 Y93.529 E610.31046
G1 Z37.899 X109.807 Y94.34 E610.34307
G1 Z37.901 X110.156 Y94.992 E610.3681
G1 Z37.903 X110.462 Y95.667 E610.39319
G1 Z37.905 X110.723 Y96.36 E610.41826
G1 Z37.907 X110.938 Y97.069 E610.44334
G1 Z37.908 X111.056 Y97.576 E610.46096
G1 Z37.911 X111.227 Y98.524 E610.49357
G1 Z37.913 X111.299 Y99.259 E610.51857
G1 Z37.915 X111.316 Y99.779 E610.53618
G1 Z37.917 X111.299 Y100.742 E610.56878
G1 Z37.919 X111.227 Y101.478 E610.59381
G1 Z37.921 X111.106 Y102.209 E610.61889
G1 Z37.924 X110.938 Y102.931 E610.64398
G1 Z37.926 X110.723 Y103.64 E610.66906
G1 Z37.928 X110.462 Y104.333 E610.69413
G1 Z37.930 X110.156 Y105.008 E610.71922
G1 Z37.932 X109.807 Y105.662 E610.74431
G1 Z37.934 X109.415 Y106.291 E610.7694
G1 Z37.936 X108.984 Y106.893 E610.79446
G1 Z37.938 X108.514 Y107.466 E610.81955
G1 Z37.940 X108.007 Y108.007 E610.84465
G1 Z37.942 X107.466 Y108.514 E610.86975
G1 Z37.944 X106.893 Y108.984 E610.89484
G1 Z37.946 X106.471 Y109.287 E610.91242
G1 Z37.949 X105.66 Y109.807 E610.94503
G1 Z37.951 X105.008 Y110.156 E610.97006
G1 Z37.953 X104.333 Y110.462 E610.99515
G1 Z37.955 X103.64 Y110.723 E611.02022
G1 Z37.957 X102.931 Y110.938 E611.0453
G1 Z37.958 X102.424 Y111.056 E611.06292
G1 Z37.961 X101.476 Y111.227 E611.09553
G1 Z37.963 X100.741 Y111.299 E611.12053
G1 Z37.965 X100.221 Y111.316 E611.13814
G1 Z37.967 X99.258 Y111.299 E611.17074
G1 Z37.969 X98.522 Y111.227 E611.19577
G1 Z37.971 X97.791 Y111.106 E611.22085
G1 Z37.974 X97.069 Y110.938 E611.24594
G1 Z37.976 X96.36 Y110.723 E611.27102
G1 Z37.978 X95.667 Y110.462 E611.29609
G1 Z37.980 X94.992 Y110.156 E611.32118
G1 Z37.982 X94.338 Y109.807 E611.34627
G1 Z37.984 X93.709 Y109.415 E611.37136
G1 Z37.986 X93.107 Y108.984 E611.39642
G1 Z37.988 X92.534 Y108.514 E611.42151
G1 Z37.990 X91.993 Y108.007 E611.44661
G1 Z37.992 X91.486 Y107.466 E611.47171
G1 Z37.994 X91.016 Y106.893 E611.4968
G1 Z37.996 X90.713 Y106.471 E611.51438
G1 Z37.999 X90.193 Y105.66 E611.54699
G1 Z38.000 X89.947 Y105.201 E611.56462
;LAYER_CHANGE
;Z:38.2
;HEIGHT:0.200001
G1 Z38.000 F7800
G1 F867
G1 Z38.001 X89.687 Y105.086 E611.57222
G1 Z38.003 X89.376 Y104.401 E611.59768
G1 Z38.005 X89.111 Y103.696 E611.62317
G1 Z38.007 X88.893 Y102.976 E611.64863
G1 Z38.009 X88.722 Y102.245 E611.67404
G1 Z38.012 X88.577 Y101.27 E611.70741
G1 Z38.013 X88.526 Y100.752 E611.72503
G1 Z38.015 X88.501 Y100 E611.7505
G1 Z38.017 X88.526 Y99.248 E611.77597
G1 Z38.019 X88.599 Y98.499 E611.80144
G1 Z38.021 X88.722 Y97.757 E611.8269
G1 Z38.024 X88.893 Y97.024 E611.85238
G1 Z38.026 X89.111 Y96.304 E611.87784
G1 Z38.028 X89.376 Y95.599 E611.90333
G1 Z38.030 X89.687 Y94.914 E611.92879
G1 Z38.032 X90.042 Y94.25 E611.95428
G1 Z38.034 X90.438 Y93.613 E611.97967
G1 Z38.037 X91.025 Y92.82 E612.01307
G1 Z38.038 X91.355 Y92.418 E612.03067
G1 Z38.040 X91.869 Y91.869 E612.05613
G1 Z38.042 X92.418 Y91.355 E612.08159
G1 Z38.044 X93 Y90.877 E612.10708
G1 Z38.046 X93.611 Y90.439 E612.13253
G1 Z38.049 X94.25 Y90.042 E612.15799
G1 Z38.051 X94.914 Y89.687 E612.18348
G1 Z38.053 X95.599 Y89.376 E612.20894
G1 Z38.055 X96.304 Y89.111 E612.23443
G1 Z38.057 X97.024 Y88.893 E612.25989
G1 Z38.059 X97.757 Y88.722 E612.28537
G1 Z38.061 X98.499 Y88.599 E612.31083
G1 Z38.063 X99.246 Y88.526 E612.33624
G1 Z38.066 X100.232 Y88.509 E612.36962
G1 Z38.067 X100.752 Y88.526 E612.38723
G1 Z38.069 X101.501 Y88.599 E612.4127
G1 Z38.071 X102.243 Y88.722 E612.43816
G1 Z38.074 X102.976 Y88.893 E612.46364
G1 Z38.076 X103.696 Y89.111 E612.4891
G1 Z38.078 X104.401 Y89.376 E612.51459
G1 Z38.080 X105.086 Y89.687 E612.54005
G1 Z38.082 X105.75 Y90.042 E612.56554
G1 Z38.084 X106.387 Y90.438 E612.59093
G1 Z38.087 X107.18 Y91.025 E612.62433
G1 Z38.088 X107.582 Y91.355 E612.64193
G1 Z38.090 X108.131 Y91.869 E612.66739
G1 Z38.092 X108.645 Y92.418 E612.69285
G1 Z38.094 X109.123 Y93 E612.71834
G1 Z38.096 X109.561 Y93.611 E612.74379
G1 Z38.099 X109.958 Y94.25 E612.76925
G1 Z38.101 X110.313 Y94.914 E612.79474
G1 Z38.103 X110.624 Y95.599 E612.8202
G1 Z38.105 X110.889 Y96.304 E612.84569
G1 Z38.107 X111.107 Y97.024 E612.87115
G1 Z38.109 X111.278 Y97.755 E612.89656
G1 Z38.112 X111.423 Y98.73 E612.92993
G1 Z38.113 X111.474 Y99.248 E612.94755
G1 Z38.115 X111.499 Y100 E612.97302
G1 Z38.117 X111.474 Y100.752 E612.99849
G1 Z38.119 X111.401 Y101.501 E613.02396
G1 Z38.121 X111.278 Y102.243 E613.04942
G1 Z38.124 X111.107 Y102.976 E613.0749
G1 Z38.126 X110.889 Y103.696 E613.10036
G1 Z38.128 X110.624 Y104.401 E613.12585
G1 Z38.130 X110.313 Y105.086 E613.15131
G1 Z38.132 X109.958 Y105.75 E613.1768
G1 Z38.134 X109.562 Y106.387 E613.20219
G1 Z38.137 X108.975 Y107.18 E613.23559
G1 Z38.138 X108.645 Y107.582 E613.25319
G1 Z38.140 X108.131 Y108.131 E613.27865
G1 Z38.142 X107.582 Y108.645 E613.30411
G1 Z38.144 X107 Y109.123 E613.3296
G1 Z38.146 X106.389 Y109.561 E613.35505
G1 Z38.149 X105.75 Y109.958 E613.38051
G1 Z38.151 X105.086 Y110.313 E613.406
G1 Z38.153 X104.401 Y110.624 E613.43146
G1 Z38.155 X103.696 Y110.889 E613.45695
G1 Z38.157 X102.976 Y111.107 E613.48241
G1 Z38.159 X102.245 Y111.278 E613.50782
G1 Z38.162 X101.27 Y111.423 E613.54119
G1 Z38.163 X100.752 Y111.474 E613.55881
G1 Z38.165 X100 Y111.499 E613.58428
G1 Z38.167 X99.248 Y111.474 E613.60975
G1 Z38.169 X98.499 Y111.401 E613.63522
G1 Z38.171 X97.757 Y111.278 E613.66068
G1 Z38.174 X97.024 Y111.107 E613.68616
G1 Z38.176 X96.304 Y110.889 E613.71162
G1 Z38.178 X95.599 Y110.624 E613.73711
G1 Z38.180 X94.914 Y110.313 E613.76257
G1 Z38.182 X94.25 Y109.958 E613.78806
G1 Z38.184 X93.613 Y109.562 E613.81345
G1 Z38.187 X92.82 Y108.975 E613.84685
G1 Z38.188 X92.418 Y108.645 E613.86445
G1 Z38.190 X91.869 Y108.131 E613.88991
G1 Z38.192 X91.355 Y107.582 E613.91537
G1 Z38.194 X90.877 Y107 E613.94086
G1 Z38.196 X90.439 Y106.389 E613.96631
G1 Z38.199 X90.042 Y105.75 E613.99177
G1 Z38.200 X89.793 Y105.284 E614.00965
;LAYER_CHANGE
;Z:38.4
;HEIGHT:0.200001
G1 Z38.200 F7800
G1 F880
G1 Z38.201 X89.532 Y105.162 E614.01745
G1 Z38.203 X89.217 Y104.467 E614.04328
G1 Z38.205 X88.948 Y103.752 E614.06914
G1 Z38.207 X88.726 Y103.021 E614.095
G1 Z38.209 X88.553 Y102.277 E614.12086
G1 Z38.211 X88.428 Y101.523 E614.14673
G1 Z38.213 X88.353 Y100.763 E614.17258
G1 Z38.215 X88.331 Y100.075 E614.19588
G1 Z38.217 X88.353 Y99.236 E614.22429
G1 Z38.219 X88.428 Y98.477 E614.25011
G1 Z38.221 X88.553 Y97.723 E614.27598
G1 Z38.224 X88.726 Y96.979 E614.30184
G1 Z38.226 X88.948 Y96.248 E614.3277
G1 Z38.228 X89.217 Y95.533 E614.35356
G1 Z38.230 X89.532 Y94.838 E614.37939
G1 Z38.232 X89.892 Y94.164 E614.40525
G1 Z38.234 X90.295 Y93.516 E614.43108
G1 Z38.236 X90.74 Y92.895 E614.45694
G1 Z38.238 X91.225 Y92.304 E614.48282
G1 Z38.240 X91.747 Y91.747 E614.50866
G1 Z38.242 X92.304 Y91.225 E614.5345
G1 Z38.244 X92.895 Y90.74 E614.56038
G1 Z38.246 X93.516 Y90.295 E614.58624
G1 Z38.249 X94.164 Y89.892 E614.61207
G1 Z38.251 X94.838 Y89.532 E614.63793
G1 Z38.253 X95.533 Y89.217 E614.66376
G1 Z38.255 X96.248 Y88.948 E614.68962
G1 Z38.257 X96.979 Y88.726 E614.71548
G1 Z38.259 X97.723 Y88.553 E614.74134
G1 Z38.261 X98.477 Y88.428 E614.76721
G1 Z38.263 X99.237 Y88.353 E614.79306
G1 Z38.265 X100 Y88.328 E614.8189
G1 Z38.267 X100.688 Y88.351 E614.8422
G1 Z38.269 X101.524 Y88.428 E614.87062
G1 Z38.271 X102.277 Y88.553 E614.89646
G1 Z38.274 X103.021 Y88.726 E614.92232
G1 Z38.276 X103.752 Y88.948 E614.94818
G1 Z38.278 X104.467 Y89.217 E614.97404
G1 Z38.280 X105.162 Y89.532 E614.99987
G1 Z38.282 X105.836 Y89.892 E615.02573
G1 Z38.284 X106.484 Y90.295 E615.05156
G1 Z38.286 X107.105 Y90.74 E615.07742
G1 Z38.288 X107.696 Y91.225 E615.1033
G1 Z38.290 X108.253 Y91.747 E615.12914
G1 Z38.292 X108.775 Y92.304 E615.15498
G1 Z38.294 X109.26 Y92.895 E615.18086
G1 Z38.296 X109.705 Y93.516 E615.20672
G1 Z38.299 X110.108 Y94.164 E615.23255
G1 Z38.301 X110.468 Y94.838 E615.25841
G1 Z38.303 X110.783 Y95.533 E615.28424
G1 Z38.305 X111.052 Y96.248 E615.3101
G1 Z38.307 X111.274 Y96.979 E615.33596
G1 Z38.309 X111.447 Y97.723 E615.36182
G1 Z38.311 X111.572 Y98.477 E615.38769
G1 Z38.313 X111.647 Y99.237 E615.41354
G1 Z38.315 X111.669 Y99.925 E615.43684
G1 Z38.317 X111.647 Y100.764 E615.46525
G1 Z38.319 X111.572 Y101.523 E615.49107
G1 Z38.321 X111.447 Y102.277 E615.51694
G1 Z38.324 X111.274 Y103.021 E615.5428
G1 Z38.326 X111.052 Y103.752 E615.56866
G1 Z38.328 X110.783 Y104.467 E615.59452
G1 Z38.330 X110.468 Y105.162 E615.62035
G1 Z38.332 X110.108 Y105.836 E615.64621
G1 Z38.334 X109.705 Y106.484 E615.67204
G1 Z38.336 X109.26 Y107.105 E615.6979
G1 Z38.338 X108.775 Y107.696 E615.72378
G1 Z38.340 X108.253 Y108.253 E615.74962
G1 Z38.342 X107.696 Y108.775 E615.77546
G1 Z38.344 X107.105 Y109.26 E615.80134
G1 Z38.346 X106.484 Y109.705 E615.8272
G1 Z38.349 X105.836 Y110.108 E615.85303
G1 Z38.351 X105.162 Y110.468 E615.87889
G1 Z38.353 X104.467 Y110.783 E615.90472
G1 Z38.355 X103.752 Y111.052 E615.93058
G1 Z38.357 X103.021 Y111.274 E615.95644
G1 Z38.359 X102.277 Y111.447 E615.9823
G1 Z38.361 X101.523 Y111.572 E616.00817
G1 Z38.363 X100.763 Y111.647 E616.03402
G1 Z38.365 X100.075 Y111.669 E616.05732
G1 Z38.367 X99.236 Y111.647 E616.08573
G1 Z38.369 X98.477 Y111.572 E616.11155
G1 Z38.371 X97.723 Y111.447 E616.13742
G1 Z38.374 X96.979 Y111.274 E616.16328
G1 Z38.376 X96.248 Y111.052 E616.18914
G1 Z38.378 X95.533 Y110.783 E616.215
G1 Z38.380 X94.838 Y110.468 E616.24083
G1 Z38.382 X94.164 Y110.108 E616.26669
G1 Z38.384 X93.516 Y109.705 E616.29252
G1 Z38.386 X92.895 Y109.26 E616.31838
G1 Z38.388 X92.304 Y108.775 E616.34426
G1 Z38.390 X91.747 Y108.253 E616.3701
G1 Z38.392 X91.225 Y107.696 E616.39594
G1 Z38.394 X90.74 Y107.105 E616.42182
G1 Z38.396 X90.295 Y106.484 E616.44768
G1 Z38.399 X89.892 Y105.836 E616.47351
G1 Z38.400 X89.641 Y105.365 E616.49158
;LAYER_CHANGE
;Z:38.6
;HEIGHT:0.199997
G1 Z38.400 F7800
G1 F892
G1 Z38.401 X89.384 Y105.235 E616.49956
G1 Z38.403 X89.064 Y104.53 E616.52577
G1 Z38.405 X88.792 Y103.805 E616.55198
G1 Z38.407 X88.567 Y103.064 E616.57819
G1 Z38.409 X88.391 Y102.309 E616.60443
G1 Z38.411 X88.265 Y101.545 E616.63064
G1 Z38.413 X88.189 Y100.774 E616.65686
G1 Z38.414 X88.176 Y100.383 E616.6701
G1 Z38.415 X88.163 Y100 E616.68307
G1 Z38.417 X88.189 Y99.226 E616.70928
G1 Z38.419 X88.265 Y98.455 E616.7355
G1 Z38.420 X88.329 Y98.069 E616.74874
G1 Z38.421 X88.391 Y97.691 E616.76171
G1 Z38.424 X88.567 Y96.936 E616.78795
G1 Z38.426 X88.792 Y96.195 E616.81416
G1 Z38.428 X89.064 Y95.47 E616.84037
G1 Z38.430 X89.384 Y94.765 E616.86658
G1 Z38.432 X89.749 Y94.082 E616.89279
G1 Z38.433 X89.956 Y93.749 E616.90606
G1 Z38.434 X90.158 Y93.424 E616.91901
G1 Z38.436 X90.609 Y92.794 E616.94524
G1 Z38.438 X91.101 Y92.196 E616.97145
G1 Z38.440 X91.63 Y91.63 E616.99767
G1 Z38.442 X92.196 Y91.101 E617.02389
G1 Z38.444 X92.794 Y90.609 E617.0501
G1 Z38.446 X93.424 Y90.158 E617.07633
G1 Z38.449 X94.082 Y89.749 E617.10255
G1 Z38.451 X94.765 Y89.384 E617.12876
G1 Z38.453 X95.47 Y89.064 E617.15497
G1 Z38.455 X96.195 Y88.792 E617.18118
G1 Z38.457 X96.936 Y88.567 E617.20739
G1 Z38.459 X97.691 Y88.391 E617.23363
G1 Z38.461 X98.455 Y88.265 E617.25984
G1 Z38.463 X99.226 Y88.189 E617.28606
G1 Z38.465 X100 Y88.163 E617.31227
G1 Z38.466 X100.392 Y88.176 E617.32555
G1 Z38.467 X100.774 Y88.189 E617.33849
G1 Z38.469 X101.545 Y88.265 E617.36471
G1 Z38.471 X102.309 Y88.391 E617.39092
G1 Z38.474 X103.064 Y88.567 E617.41716
G1 Z38.476 X103.805 Y88.792 E617.44337
G1 Z38.478 X104.53 Y89.064 E617.46958
G1 Z38.480 X105.235 Y89.384 E617.49579
G1 Z38.482 X105.918 Y89.749 E617.522
G1 Z38.483 X106.251 Y89.956 E617.53527
G1 Z38.484 X106.576 Y90.158 E617.54822
G1 Z38.486 X107.206 Y90.609 E617.57445
G1 Z38.488 X107.804 Y91.101 E617.60066
G1 Z38.490 X108.37 Y91.63 E617.62688
G1 Z38.492 X108.899 Y92.196 E617.6531
G1 Z38.494 X109.391 Y92.794 E617.67931
G1 Z38.496 X109.842 Y93.424 E617.70554
G1 Z38.499 X110.251 Y94.082 E617.73176
G1 Z38.501 X110.616 Y94.765 E617.75797
G1 Z38.503 X110.936 Y95.47 E617.78418
G1 Z38.505 X111.208 Y96.195 E617.81039
G1 Z38.507 X111.433 Y96.936 E617.8366
G1 Z38.509 X111.609 Y97.691 E617.86284
G1 Z38.511 X111.735 Y98.455 E617.88905
G1 Z38.513 X111.811 Y99.226 E617.91527
G1 Z38.515 X111.837 Y100 E617.94148
G1 Z38.517 X111.811 Y100.774 E617.96769
G1 Z38.519 X111.735 Y101.545 E617.99391
G1 Z38.520 X111.671 Y101.931 E618.00715
G1 Z38.521 X111.609 Y102.309 E618.02012
G1 Z38.524 X111.433 Y103.064 E618.04636
G1 Z38.526 X111.208 Y103.805 E618.07257
G1 Z38.528 X110.936 Y104.53 E618.09878
G1 Z38.530 X110.616 Y105.235 E618.12499
G1 Z38.532 X110.251 Y105.918 E618.1512
G1 Z38.534 X109.842 Y106.576 E618.17742
G1 Z38.536 X109.391 Y107.206 E618.20365
G1 Z38.538 X108.899 Y107.804 E618.22986
G1 Z38.540 X108.37 Y108.37 E618.25608
G1 Z38.542 X107.804 Y108.899 E618.2823
G1 Z38.544 X107.206 Y109.391 E618.30851
G1 Z38.546 X106.576 Y109.842 E618.33474
G1 Z38.549 X105.918 Y110.251 E618.36096
G1 Z38.551 X105.235 Y110.616 E618.38717
G1 Z38.553 X104.53 Y110.936 E618.41338
G1 Z38.555 X103.805 Y111.208 E618.43959
G1 Z38.557 X103.064 Y111.433 E618.4658
G1 Z38.559 X102.309 Y111.609 E618.49204
G1 Z38.561 X101.545 Y111.735 E618.51825
G1 Z38.563 X100.774 Y111.811 E618.54447
G1 Z38.565 X100 Y111.837 E618.57068
G1 Z38.567 X99.226 Y111.811 E618.59689
G1 Z38.569 X98.455 Y111.735 E618.62311
G1 Z38.570 X98.069 Y111.671 E618.63635
G1 Z38.571 X97.691 Y111.609 E618.64932
G1 Z38.574 X96.936 Y111.433 E618.67556
G1 Z38.576 X96.195 Y111.208 E618.70177
G1 Z38.578 X95.47 Y110.936 E618.72798
G1 Z38.580 X94.765 Y110.616 E618.75419
G1 Z38.582 X94.082 Y110.251 E618.7804
G1 Z38.584 X93.424 Y109.842 E618.80662
G1 Z38.586 X92.794 Y109.391 E618.83285
G1 Z38.588 X92.196 Y108.899 E618.85906
G1 Z38.590 X91.63 Y108.37 E618.88528
G1 Z38.592 X91.101 Y107.804 E618.9115
G1 Z38.594 X90.609 Y107.206 E618.93771
G1 Z38.596 X90.158 Y106.576 E618.96394
G1 Z38.599 X89.749 Y105.918 E618.99016
G1 Z38.600 X89.495 Y105.443 E619.00839
;LAYER_CHANGE
;Z:38.8
;HEIGHT:0.200001
G1 Z38.600 F7800
G1 F904
G1 Z38.601 X89.24 Y105.306 E619.01655
G1 Z38.603 X88.916 Y104.591 E619.04312
G1 Z38.605 X88.639 Y103.857 E619.06968
G1 Z38.607 X88.411 Y103.105 E619.09628
G1 Z38.609 X88.233 Y102.341 E619.12283
G1 Z38.611 X88.105 Y101.566 E619.14942
G1 Z38.613 X88.028 Y100.785 E619.17598
G1 Z38.615 X88.002 Y100.001 E619.20253
G1 Z38.618 X88.036 Y99.135 E619.23187
G1 Z38.619 X88.105 Y98.434 E619.25571
G1 Z38.621 X88.233 Y97.659 E619.2823
G1 Z38.624 X88.411 Y96.895 E619.30885
G1 Z38.626 X88.639 Y96.143 E619.33545
G1 Z38.628 X88.916 Y95.409 E619.36201
G1 Z38.630 X89.24 Y94.694 E619.38858
G1 Z38.632 X89.61 Y94.001 E619.41517
G1 Z38.634 X90.024 Y93.334 E619.44174
G1 Z38.636 X90.482 Y92.696 E619.46832
G1 Z38.638 X90.98 Y92.089 E619.4949
G1 Z38.640 X91.516 Y91.516 E619.52146
G1 Z38.642 X92.089 Y90.98 E619.54802
G1 Z38.644 X92.696 Y90.482 E619.5746
G1 Z38.646 X93.334 Y90.024 E619.60118
G1 Z38.649 X94.001 Y89.61 E619.62775
G1 Z38.651 X94.694 Y89.24 E619.65434
G1 Z38.653 X95.409 Y88.916 E619.68091
G1 Z38.655 X96.143 Y88.639 E619.70747
G1 Z38.657 X96.895 Y88.411 E619.73407
G1 Z38.659 X97.659 Y88.233 E619.76062
G1 Z38.661 X98.434 Y88.105 E619.78721
G1 Z38.663 X99.215 Y88.028 E619.81377
G1 Z38.665 X100.081 Y88.005 E619.84309
G1 Z38.667 X100.785 Y88.028 E619.86693
G1 Z38.669 X101.566 Y88.105 E619.89349
G1 Z38.671 X102.341 Y88.233 E619.92008
G1 Z38.674 X103.105 Y88.411 E619.94663
G1 Z38.676 X103.857 Y88.639 E619.97323
G1 Z38.678 X104.591 Y88.916 E619.99979
G1 Z38.680 X105.306 Y89.24 E620.02636
G1 Z38.682 X105.999 Y89.61 E620.05295
G1 Z38.684 X106.666 Y90.024 E620.07952
G1 Z38.686 X107.304 Y90.482 E620.1061
G1 Z38.688 X107.911 Y90.98 E620.13268
G1 Z38.690 X108.484 Y91.516 E620.15924
G1 Z38.692 X109.02 Y92.089 E620.1858
G1 Z38.694 X109.518 Y92.696 E620.21238
G1 Z38.696 X109.976 Y93.334 E620.23896
G1 Z38.699 X110.39 Y94.001 E620.26553
G1 Z38.701 X110.76 Y94.694 E620.29212
G1 Z38.703 X111.084 Y95.409 E620.31869
G1 Z38.705 X111.361 Y96.143 E620.34525
G1 Z38.707 X111.589 Y96.895 E620.37185
G1 Z38.709 X111.767 Y97.659 E620.3984
G1 Z38.711 X111.895 Y98.434 E620.42499
G1 Z38.713 X111.972 Y99.215 E620.45155
G1 Z38.715 X111.998 Y99.999 E620.4781
G1 Z38.718 X111.964 Y100.865 E620.50744
G1 Z38.719 X111.895 Y101.566 E620.53128
G1 Z38.721 X111.767 Y102.341 E620.55787
G1 Z38.724 X111.589 Y103.105 E620.58442
G1 Z38.726 X111.361 Y103.857 E620.61102
G1 Z38.728 X111.084 Y104.591 E620.63758
G1 Z38.730 X110.76 Y105.306 E620.66415
G1 Z38.732 X110.39 Y105.999 E620.69074
G1 Z38.734 X109.976 Y106.666 E620.71731
G1 Z38.736 X109.518 Y107.304 E620.74389
G1 Z38.738 X109.02 Y107.911 E620.77047
G1 Z38.740 X108.484 Y108.484 E620.79703
G1 Z38.742 X107.911 Y109.02 E620.82359
G1 Z38.744 X107.304 Y109.518 E620.85017
G1 Z38.746 X106.666 Y109.976 E620.87675
G1 Z38.749 X105.999 Y110.39 E620.90332
G1 Z38.751 X105.306 Y110.76 E620.92991
G1 Z38.753 X104.591 Y111.084 E620.95648
G1 Z38.755 X103.857 Y111.361 E620.98304
G1 Z38.757 X103.105 Y111.589 E621.00964
G1 Z38.759 X102.341 Y111.767 E621.03619
G1 Z38.761 X101.566 Y111.895 E621.06278
G1 Z38.763 X100.785 Y111.972 E621.08934
G1 Z38.765 X100.001 Y111.998 E621.11589
G1 Z38.768 X99.135 Y111.964 E621.14523
G1 Z38.769 X98.434 Y111.895 E621.16907
G1 Z38.771 X97.659 Y111.767 E621.19566
G1 Z38.774 X96.895 Y111.589 E621.22221
G1 Z38.776 X96.143 Y111.361 E621.24881
G1 Z38.778 X95.409 Y111.084 E621.27537
G1 Z38.780 X94.694 Y110.76 E621.30194
G1 Z38.782 X94.001 Y110.39 E621.32853
G1 Z38.784 X93.334 Y109.976 E621.3551
G1 Z38.786 X92.696 Y109.518 E621.38168
G1 Z38.788 X92.089 Y109.02 E621.40826
G1 Z38.790 X91.516 Y108.484 E621.43482
G1 Z38.792 X90.98 Y107.911 E621.46138
G1 Z38.794 X90.482 Y107.304 E621.48796
G1 Z38.796 X90.024 Y106.666 E621.51454
G1 Z38.799 X89.61 Y105.999 E621.54111
G1 Z38.800 X89.353 Y105.519 E621.55954
;LAYER_CHANGE
;Z:39
;HEIGHT:0.200001
G1 Z38.800 F7800
G1 F915
G1 Z38.801 X89.105 Y105.373 E621.56787
G1 Z38.803 X88.777 Y104.649 E621.59477
G1 Z38.805 X88.497 Y103.905 E621.62168
G1 Z38.807 X88.266 Y103.144 E621.6486
G1 Z38.809 X88.086 Y102.37 E621.6755
G1 Z38.811 X87.956 Y101.586 E621.7024
G1 Z38.813 X87.878 Y100.795 E621.7293
G1 Z38.815 X87.86 Y100.238 E621.74816
G1 Z38.817 X87.879 Y99.204 E621.78317
G1 Z38.819 X87.956 Y98.414 E621.81004
G1 Z38.821 X88.086 Y97.63 E621.83694
G1 Z38.824 X88.266 Y96.856 E621.86384
G1 Z38.826 X88.497 Y96.095 E621.89076
G1 Z38.828 X88.777 Y95.351 E621.91767
G1 Z38.830 X89.105 Y94.627 E621.94457
G1 Z38.832 X89.48 Y93.926 E621.97148
G1 Z38.834 X89.9 Y93.251 E621.99839
G1 Z38.836 X90.363 Y92.605 E622.02529
G1 Z38.838 X90.867 Y91.99 E622.0522
G1 Z38.840 X91.41 Y91.41 E622.07909
G1 Z38.842 X91.99 Y90.867 E622.10598
G1 Z38.844 X92.605 Y90.363 E622.13289
G1 Z38.846 X93.251 Y89.9 E622.15979
G1 Z38.849 X93.926 Y89.48 E622.1867
G1 Z38.851 X94.627 Y89.105 E622.21361
G1 Z38.853 X95.351 Y88.777 E622.24051
G1 Z38.855 X96.095 Y88.497 E622.26742
G1 Z38.857 X96.856 Y88.266 E622.29434
G1 Z38.859 X97.63 Y88.086 E622.32124
G1 Z38.861 X98.414 Y87.956 E622.34814
G1 Z38.863 X99.205 Y87.878 E622.37504
G1 Z38.865 X100 Y87.852 E622.40196
G1 Z38.867 X100.557 Y87.871 E622.42082
G1 Z38.869 X101.587 Y87.957 E622.45581
G1 Z38.871 X102.37 Y88.086 E622.48267
G1 Z38.874 X103.144 Y88.266 E622.50957
G1 Z38.876 X103.905 Y88.497 E622.53649
G1 Z38.878 X104.649 Y88.777 E622.5634
G1 Z38.880 X105.373 Y89.105 E622.5903
G1 Z38.882 X106.074 Y89.48 E622.61721
G1 Z38.884 X106.749 Y89.9 E622.64412
G1 Z38.886 X107.395 Y90.363 E622.67102
G1 Z38.888 X108.01 Y90.867 E622.69793
G1 Z38.890 X108.59 Y91.41 E622.72482
G1 Z38.892 X109.133 Y91.99 E622.75171
G1 Z38.894 X109.637 Y92.605 E622.77862
G1 Z38.896 X110.1 Y93.251 E622.80552
G1 Z38.899 X110.52 Y93.926 E622.83243
G1 Z38.901 X110.895 Y94.627 E622.85934
G1 Z38.903 X111.223 Y95.351 E622.88624
G1 Z38.905 X111.503 Y96.095 E622.91315
G1 Z38.907 X111.734 Y96.856 E622.94007
G1 Z38.909 X111.914 Y97.63 E622.96697
G1 Z38.911 X112.044 Y98.414 E622.99387
G1 Z38.913 X112.122 Y99.205 E623.02077
G1 Z38.915 X112.14 Y99.762 E623.03963
G1 Z38.917 X112.121 Y100.796 E623.07464
G1 Z38.919 X112.044 Y101.586 E623.10151
G1 Z38.921 X111.914 Y102.37 E623.12841
G1 Z38.924 X111.734 Y103.144 E623.15531
G1 Z38.926 X111.503 Y103.905 E623.18223
G1 Z38.928 X111.223 Y104.649 E623.20914
G1 Z38.930 X110.895 Y105.373 E623.23604
G1 Z38.932 X110.52 Y106.074 E623.26295
G1 Z38.934 X110.1 Y106.749 E623.28986
G1 Z38.936 X109.637 Y107.395 E623.31676
G1 Z38.938 X109.133 Y108.01 E623.34367
G1 Z38.940 X108.59 Y108.59 E623.37056
G1 Z38.942 X108.01 Y109.133 E623.39745
G1 Z38.944 X107.395 Y109.637 E623.42436
G1 Z38.946 X106.749 Y110.1 E623.45126
G1 Z38.949 X106.074 Y110.52 E623.47817
G1 Z38.951 X105.373 Y110.895 E623.50508
G1 Z38.953 X104.649 Y111.223 E623.53198
G1 Z38.955 X103.905 Y111.503 E623.55889
G1 Z38.957 X103.144 Y111.734 E623.58581
G1 Z38.959 X102.37 Y111.914 E623.61271
G1 Z38.961 X101.586 Y112.044 E623.63961
G1 Z38.963 X100.795 Y112.122 E623.66651
G1 Z38.965 X100.238 Y112.14 E623.68537
G1 Z38.967 X99.204 Y112.121 E623.72038
G1 Z38.969 X98.414 Y112.044 E623.74725
G1 Z38.971 X97.63 Y111.914 E623.77415
G1 Z38.974 X96.856 Y111.734 E623.80105
G1 Z38.976 X96.095 Y111.503 E623.82797
G1 Z38.978 X95.351 Y111.223 E623.85488
G1 Z38.980 X94.627 Y110.895 E623.88178
G1 Z38.982 X93.926 Y110.52 E623.90869
G1 Z38.984 X93.251 Y110.1 E623.9356
G1 Z38.986 X92.605 Y109.637 E623.9625
G1 Z38.988 X91.99 Y109.133 E623.98941
G1 Z38.990 X91.41 Y108.59 E624.0163
G1 Z38.992 X90.867 Y108.01 E624.04319
G1 Z38.994 X90.363 Y107.395 E624.0701
G1 Z38.996 X89.9 Y106.749 E624.097
G1 Z38.999 X89.48 Y106.074 E624.12391
G1 Z39.000 X89.221 Y105.59 E624.14249
;LAYER_CHANGE
;Z:39.2
;HEIGHT:0.200001
G1 Z39.000 F7800
G1 F926
G1 Z39.001 X88.978 Y105.435 E624.15097
G1 Z39.003 X88.646 Y104.703 E624.17818
G1 Z39.005 X88.363 Y103.95 E624.20541
G1 Z39.007 X88.13 Y103.181 E624.23261
G1 Z39.009 X87.947 Y102.397 E624.25986
G1 Z39.011 X87.816 Y101.604 E624.28707
G1 Z39.013 X87.737 Y100.804 E624.31428
G1 Z39.015 X87.711 Y100.002 E624.34144
G1 Z39.018 X87.761 Y98.95 E624.37709
G1 Z39.019 X87.816 Y98.396 E624.39593
G1 Z39.021 X87.947 Y97.603 E624.42314
G1 Z39.024 X88.13 Y96.819 E624.45039
G1 Z39.026 X88.363 Y96.05 E624.47759
G1 Z39.028 X88.646 Y95.297 E624.50482
G1 Z39.030 X88.978 Y94.565 E624.53203
G1 Z39.032 X89.357 Y93.855 E624.55927
G1 Z39.034 X89.781 Y93.174 E624.58642
G1 Z39.037 X90.407 Y92.328 E624.62204
G1 Z39.038 X90.761 Y91.897 E624.64092
G1 Z39.040 X91.31 Y91.31 E624.66813
G1 Z39.042 X91.897 Y90.761 E624.69534
G1 Z39.044 X92.519 Y90.25 E624.72259
G1 Z39.046 X93.173 Y89.782 E624.74981
G1 Z39.049 X93.855 Y89.357 E624.77701
G1 Z39.051 X94.565 Y88.978 E624.80425
G1 Z39.053 X95.297 Y88.646 E624.83146
G1 Z39.055 X96.05 Y88.363 E624.85869
G1 Z39.057 X96.819 Y88.13 E624.88589
G1 Z39.059 X97.603 Y87.947 E624.91314
G1 Z39.061 X98.396 Y87.816 E624.94035
G1 Z39.063 X99.195 Y87.737 E624.96753
G1 Z39.066 X100.247 Y87.719 E625.00314
G1 Z39.067 X100.804 Y87.737 E625.022
G1 Z39.069 X101.604 Y87.816 E625.04921
G1 Z39.071 X102.397 Y87.947 E625.07642
G1 Z39.074 X103.181 Y88.13 E625.10367
G1 Z39.076 X103.95 Y88.363 E625.13087
G1 Z39.078 X104.703 Y88.646 E625.1581
G1 Z39.080 X105.435 Y88.978 E625.18531
G1 Z39.082 X106.145 Y89.357 E625.21255
G1 Z39.084 X106.826 Y89.781 E625.2397
G1 Z39.087 X107.672 Y90.407 E625.27532
G1 Z39.088 X108.103 Y90.761 E625.2942
G1 Z39.090 X108.69 Y91.31 E625.32141
G1 Z39.092 X109.239 Y91.897 E625.34862
G1 Z39.094 X109.75 Y92.519 E625.37587
G1 Z39.096 X110.218 Y93.173 E625.40309
G1 Z39.099 X110.643 Y93.855 E625.43029
G1 Z39.101 X111.022 Y94.565 E625.45753
G1 Z39.103 X111.354 Y95.297 E625.48474
G1 Z39.105 X111.637 Y96.05 E625.51197
G1 Z39.107 X111.87 Y96.819 E625.53917
G1 Z39.109 X112.053 Y97.603 E625.56642
G1 Z39.111 X112.184 Y98.396 E625.59363
G1 Z39.113 X112.263 Y99.196 E625.62084
G1 Z39.115 X112.289 Y99.998 E625.648
G1 Z39.118 X112.239 Y101.05 E625.68365
G1 Z39.119 X112.184 Y101.604 E625.70249
G1 Z39.121 X112.053 Y102.397 E625.7297
G1 Z39.124 X111.87 Y103.181 E625.75695
G1 Z39.126 X111.637 Y103.95 E625.78415
G1 Z39.128 X111.354 Y104.703 E625.81138
G1 Z39.130 X111.022 Y105.435 E625.83859
G1 Z39.132 X110.643 Y106.145 E625.86583
G1 Z39.134 X110.219 Y106.826 E625.89298
G1 Z39.137 X109.593 Y107.672 E625.9286
G1 Z39.138 X109.239 Y108.103 E625.94748
G1 Z39.140 X108.69 Y108.69 E625.97469
G1 Z39.142 X108.103 Y109.239 E626.0019
G1 Z39.144 X107.481 Y109.75 E626.02915
G1 Z39.146 X106.827 Y110.218 E626.05637
G1 Z39.149 X106.145 Y110.643 E626.08357
G1 Z39.151 X105.435 Y111.022 E626.11081
G1 Z39.153 X104.703 Y111.354 E626.13802
G1 Z39.155 X103.95 Y111.637 E626.16525
G1 Z39.157 X103.181 Y111.87 E626.19245
G1 Z39.159 X102.397 Y112.053 E626.2197
G1 Z39.161 X101.604 Y112.184 E626.24691
G1 Z39.163 X100.804 Y112.263 E626.27412
G1 Z39.165 X100.002 Y112.289 E626.30128
G1 Z39.168 X98.95 Y112.239 E626.33693
G1 Z39.169 X98.396 Y112.184 E626.35577
G1 Z39.171 X97.603 Y112.053 E626.38298
G1 Z39.174 X96.819 Y111.87 E626.41023
G1 Z39.176 X96.05 Y111.637 E626.43743
G1 Z39.178 X95.297 Y111.354 E626.46466
G1 Z39.180 X94.565 Y111.022 E626.49187
G1 Z39.182 X93.855 Y110.643 E626.51911
G1 Z39.184 X93.174 Y110.219 E626.54626
G1 Z39.187 X92.328 Y109.593 E626.58188
G1 Z39.188 X91.897 Y109.239 E626.60076
G1 Z39.190 X91.31 Y108.69 E626.62797
G1 Z39.192 X90.761 Y108.103 E626.65518
G1 Z39.194 X90.25 Y107.481 E626.68243
G1 Z39.196 X89.782 Y106.827 E626.70965
G1 Z39.199 X89.357 Y106.145 E626.73685
G1 Z39.200 X89.096 Y105.656 E626.75561
;LAYER_CHANGE
;Z:39.4
;HEIGHT:0.200001
G1 Z39.200 F7800
G1 F936
G1 Z39.201 X88.859 Y105.494 E626.76424
G1 Z39.203 X88.524 Y104.754 E626.79174
G1 Z39.205 X88.237 Y103.993 E626.81927
G1 Z39.207 X88.001 Y103.215 E626.84679
G1 Z39.209 X87.817 Y102.423 E626.87431
G1 Z39.211 X87.684 Y101.621 E626.90183
G1 Z39.213 X87.605 Y100.812 E626.92934
G1 Z39.215 X87.581 Y100.081 E626.9541
G1 Z39.217 X87.605 Y99.187 E626.98437
G1 Z39.219 X87.684 Y98.379 E627.01185
G1 Z39.221 X87.817 Y97.577 E627.03937
G1 Z39.224 X88.001 Y96.785 E627.06689
G1 Z39.226 X88.237 Y96.007 E627.09441
G1 Z39.228 X88.524 Y95.246 E627.12194
G1 Z39.230 X88.859 Y94.506 E627.14944
G1 Z39.232 X89.242 Y93.789 E627.17696
G1 Z39.234 X89.672 Y93.099 E627.20448
G1 Z39.236 X90.145 Y92.438 E627.23199
G1 Z39.238 X90.661 Y91.81 E627.2595
G1 Z39.240 X91.216 Y91.216 E627.28702
G1 Z39.242 X91.81 Y90.661 E627.31454
G1 Z39.244 X92.438 Y90.145 E627.34205
G1 Z39.246 X93.099 Y89.672 E627.36956
G1 Z39.249 X93.789 Y89.242 E627.39708
G1 Z39.251 X94.506 Y88.859 E627.4246
G1 Z39.253 X95.246 Y88.524 E627.4521
G1 Z39.255 X96.007 Y88.237 E627.47963
G1 Z39.257 X96.785 Y88.001 E627.50715
G1 Z39.259 X97.577 Y87.817 E627.53467
G1 Z39.261 X98.379 Y87.684 E627.56219
G1 Z39.263 X99.188 Y87.605 E627.5897
G1 Z39.265 X100 Y87.578 E627.6172
G1 Z39.267 X100.732 Y87.602 E627.64199
G1 Z39.269 X101.622 Y87.684 E627.67224
G1 Z39.271 X102.423 Y87.817 E627.69972
G1 Z39.274 X103.215 Y88.001 E627.72724
G1 Z39.276 X103.993 Y88.237 E627.75476
G1 Z39.278 X104.754 Y88.524 E627.78229
G1 Z39.280 X105.494 Y88.859 E627.80979
G1 Z39.282 X106.211 Y89.242 E627.83731
G1 Z39.284 X106.901 Y89.672 E627.86483
G1 Z39.286 X107.562 Y90.145 E627.89234
G1 Z39.288 X108.19 Y90.661 E627.91985
G1 Z39.290 X108.784 Y91.216 E627.94737
G1 Z39.292 X109.339 Y91.81 E627.97489
G1 Z39.294 X109.855 Y92.438 E628.0024
G1 Z39.296 X110.328 Y93.099 E628.02991
G1 Z39.299 X110.758 Y93.789 E628.05743
G1 Z39.301 X111.141 Y94.506 E628.08495
G1 Z39.303 X111.476 Y95.246 E628.11245
G1 Z39.305 X111.763 Y96.007 E628.13998
G1 Z39.307 X111.999 Y96.785 E628.1675
G1 Z39.309 X112.183 Y97.577 E628.19502
G1 Z39.311 X112.316 Y98.379 E628.22254
G1 Z39.313 X112.395 Y99.188 E628.25005
G1 Z39.315 X112.419 Y99.919 E628.27481
G1 Z39.317 X112.395 Y100.813 E628.30508
G1 Z39.319 X112.316 Y101.621 E628.33256
G1 Z39.321 X112.183 Y102.423 E628.36008
G1 Z39.324 X111.999 Y103.215 E628.3876
G1 Z39.326 X111.763 Y103.993 E628.41512
G1 Z39.328 X111.476 Y104.754 E628.44265
G1 Z39.330 X111.141 Y105.494 E628.47015
G1 Z39.332 X110.758 Y106.211 E628.49767
G1 Z39.334 X110.328 Y106.901 E628.52519
G1 Z39.336 X109.855 Y107.562 E628.5527
G1 Z39.338 X109.339 Y108.19 E628.58021
G1 Z39.340 X108.784 Y108.784 E628.60773
G1 Z39.342 X108.19 Y109.339 E628.63525
G1 Z39.344 X107.562 Y109.855 E628.66276
G1 Z39.346 X106.901 Y110.328 E628.69027
G1 Z39.349 X106.211 Y110.758 E628.71779
G1 Z39.351 X105.494 Y111.141 E628.74531
G1 Z39.353 X104.754 Y111.476 E628.77281
G1 Z39.355 X103.993 Y111.763 E628.80034
G1 Z39.357 X103.215 Y111.999 E628.82786
G1 Z39.359 X102.423 Y112.183 E628.85538
G1 Z39.361 X101.621 Y112.316 E628.8829
G1 Z39.363 X100.812 Y112.395 E628.91041
G1 Z39.365 X100.081 Y112.419 E628.93517
G1 Z39.367 X99.187 Y112.395 E628.96544
G1 Z39.369 X98.379 Y112.316 E628.99292
G1 Z39.371 X97.577 Y112.183 E629.02044
G1 Z39.374 X96.785 Y111.999 E629.04796
G1 Z39.376 X96.007 Y111.763 E629.07548
G1 Z39.378 X95.246 Y111.476 E629.10301
G1 Z39.380 X94.506 Y111.141 E629.13051
G1 Z39.382 X93.789 Y110.758 E629.15803
G1 Z39.384 X93.099 Y110.328 E629.18555
G1 Z39.386 X92.438 Y109.855 E629.21306
G1 Z39.388 X91.81 Y109.339 E629.24057
G1 Z39.390 X91.216 Y108.784 E629.26809
G1 Z39.392 X90.661 Y108.19 E629.29561
G1 Z39.394 X90.145 Y107.562 E629.32312
G1 Z39.396 X89.672 Y106.901 E629.35063
G1 Z39.399 X89.242 Y106.211 E629.37815
G1 Z39.400 X88.979 Y105.719 E629.39703
;LAYER_CHANGE
;Z:39.6
;HEIGHT:0.199997
G1 Z39.400 F7800
G1 F944
G1 Z39.401 X88.756 Y105.545 E629.40578
G1 Z39.403 X88.417 Y104.798 E629.43355
G1 Z39.405 X88.128 Y104.03 E629.46133
G1 Z39.407 X87.89 Y103.245 E629.4891
G1 Z39.409 X87.704 Y102.446 E629.51687
G1 Z39.411 X87.57 Y101.636 E629.54466
G1 Z39.413 X87.49 Y100.82 E629.57241
G1 Z39.415 X87.463 Y100 E629.60018
G1 Z39.417 X87.49 Y99.18 E629.62795
G1 Z39.419 X87.57 Y98.364 E629.6557
G1 Z39.421 X87.704 Y97.554 E629.68349
G1 Z39.424 X87.89 Y96.755 E629.71126
G1 Z39.426 X88.128 Y95.97 E629.73903
G1 Z39.428 X88.417 Y95.202 E629.76681
G1 Z39.430 X88.756 Y94.455 E629.79458
G1 Z39.432 X89.142 Y93.731 E629.82235
G1 Z39.434 X89.576 Y93.035 E629.85011
G1 Z39.436 X90.054 Y92.368 E629.87789
G1 Z39.438 X90.574 Y91.734 E629.90565
G1 Z39.440 X91.135 Y91.135 E629.93343
G1 Z39.442 X91.734 Y90.574 E629.96121
G1 Z39.444 X92.368 Y90.054 E629.98897
G1 Z39.446 X93.035 Y89.576 E630.01675
G1 Z39.449 X93.731 Y89.142 E630.04451
G1 Z39.451 X94.455 Y88.756 E630.07228
G1 Z39.453 X95.202 Y88.417 E630.10005
G1 Z39.455 X95.97 Y88.128 E630.12783
G1 Z39.457 X96.755 Y87.89 E630.1556
G1 Z39.459 X97.554 Y87.704 E630.18337
G1 Z39.461 X98.364 Y87.57 E630.21116
G1 Z39.463 X99.18 Y87.49 E630.23891
G1 Z39.465 X100 Y87.463 E630.26668
G1 Z39.466 X100.413 Y87.476 E630.28067
G1 Z39.467 X100.82 Y87.49 E630.29445
G1 Z39.469 X101.636 Y87.57 E630.3222
G1 Z39.471 X102.446 Y87.704 E630.34999
G1 Z39.474 X103.245 Y87.89 E630.37776
G1 Z39.476 X104.03 Y88.128 E630.40553
G1 Z39.478 X104.798 Y88.417 E630.43331
G1 Z39.480 X105.545 Y88.756 E630.46108
G1 Z39.482 X106.269 Y89.142 E630.48885
G1 Z39.484 X106.965 Y89.576 E630.51661
G1 Z39.486 X107.632 Y90.054 E630.54439
G1 Z39.488 X108.266 Y90.574 E630.57215
G1 Z39.490 X108.865 Y91.135 E630.59993
G1 Z39.492 X109.426 Y91.734 E630.62771
G1 Z39.494 X109.946 Y92.368 E630.65547
G1 Z39.496 X110.424 Y93.035 E630.68325
G1 Z39.499 X110.858 Y93.731 E630.71101
G1 Z39.501 X111.244 Y94.455 E630.73878
G1 Z39.503 X111.583 Y95.202 E630.76655
G1 Z39.505 X111.872 Y95.97 E630.79433
G1 Z39.507 X112.11 Y96.755 E630.8221
G1 Z39.509 X112.296 Y97.554 E630.84987
G1 Z39.511 X112.43 Y98.364 E630.87766
G1 Z39.513 X112.51 Y99.18 E630.90541
G1 Z39.515 X112.537 Y100 E630.93318
G1 Z39.517 X112.51 Y100.82 E630.96095
G1 Z39.519 X112.43 Y101.636 E630.9887
G1 Z39.521 X112.296 Y102.446 E631.01649
G1 Z39.524 X112.11 Y103.245 E631.04426
G1 Z39.526 X111.872 Y104.03 E631.07203
G1 Z39.528 X111.583 Y104.798 E631.09981
G1 Z39.530 X111.244 Y105.545 E631.12758
G1 Z39.532 X110.858 Y106.269 E631.15535
G1 Z39.534 X110.424 Y106.965 E631.18311
G1 Z39.536 X109.946 Y107.632 E631.21089
G1 Z39.538 X109.426 Y108.266 E631.23865
G1 Z39.540 X108.865 Y108.865 E631.26643
G1 Z39.542 X108.266 Y109.426 E631.29421
G1 Z39.544 X107.632 Y109.946 E631.32197
G1 Z39.546 X106.965 Y110.424 E631.34975
G1 Z39.549 X106.269 Y110.858 E631.37751
G1 Z39.551 X105.545 Y111.244 E631.40528
G1 Z39.553 X104.798 Y111.583 E631.43305
G1 Z39.555 X104.03 Y111.872 E631.46083
G1 Z39.557 X103.245 Y112.11 E631.4886
G1 Z39.559 X102.446 Y112.296 E631.51637
G1 Z39.561 X101.636 Y112.43 E631.54416
G1 Z39.563 X100.82 Y112.51 E631.57191
G1 Z39.565 X100 Y112.537 E631.59968
G1 Z39.567 X99.18 Y112.51 E631.62745
G1 Z39.569 X98.364 Y112.43 E631.6552
G1 Z39.571 X97.554 Y112.296 E631.68299
G1 Z39.574 X96.755 Y112.11 E631.71076
G1 Z39.576 X95.97 Y111.872 E631.73853
G1 Z39.578 X95.202 Y111.583 E631.76631
G1 Z39.580 X94.455 Y111.244 E631.79408
G1 Z39.582 X93.731 Y110.858 E631.82185
G1 Z39.584 X93.035 Y110.424 E631.84961
G1 Z39.586 X92.368 Y109.946 E631.87739
G1 Z39.588 X91.734 Y109.426 E631.90515
G1 Z39.589 X91.432 Y109.143 E631.91916
G1 Z39.590 X91.135 Y108.865 E631.93293
G1 Z39.592 X90.574 Y108.266 E631.96071
G1 Z39.594 X90.054 Y107.632 E631.98847
G1 Z39.596 X89.576 Y106.965 E632.01625
G1 Z39.599 X89.142 Y106.269 E632.04401
G1 Z39.600 X88.878 Y105.773 E632.06303
;LAYER_CHANGE
;Z:39.8
;HEIGHT:0.200001
G1 Z39.600 F7800
G1 F953
G1 Z39.601 X88.659 Y105.593 E632.0719
G1 Z39.603 X88.318 Y104.839 E632.09991
G1 Z39.605 X88.026 Y104.065 E632.12791
G1 Z39.607 X87.786 Y103.273 E632.15592
G1 Z39.609 X87.598 Y102.467 E632.18393
G1 Z39.611 X87.463 Y101.65 E632.21196
G1 Z39.613 X87.382 Y100.827 E632.23995
G1 Z39.615 X87.355 Y100 E632.26796
G1 Z39.617 X87.382 Y99.173 E632.29597
G1 Z39.619 X87.463 Y98.35 E632.32396
G1 Z39.621 X87.598 Y97.533 E632.35199
G1 Z39.624 X87.786 Y96.727 E632.38
G1 Z39.626 X88.026 Y95.935 E632.40801
G1 Z39.628 X88.318 Y95.161 E632.43601
G1 Z39.630 X88.659 Y94.407 E632.46402
G1 Z39.632 X89.049 Y93.678 E632.49201
G1 Z39.634 X89.486 Y92.976 E632.52
G1 Z39.636 X90.022 Y92.237 E632.5509
G1 Z39.638 X90.493 Y91.663 E632.57603
G1 Z39.640 X91.059 Y91.059 E632.60405
G1 Z39.642 X91.663 Y90.493 E632.63207
G1 Z39.644 X92.302 Y89.968 E632.66006
G1 Z39.646 X92.975 Y89.486 E632.68808
G1 Z39.649 X93.678 Y89.049 E632.7161
G1 Z39.651 X94.407 Y88.659 E632.74409
G1 Z39.653 X95.161 Y88.318 E632.7721
G1 Z39.655 X95.935 Y88.026 E632.8001
G1 Z39.657 X96.727 Y87.786 E632.82811
G1 Z39.659 X97.533 Y87.598 E632.85612
G1 Z39.661 X98.35 Y87.463 E632.88415
G1 Z39.663 X99.172 Y87.382 E632.91211
G1 Z39.665 X100.084 Y87.358 E632.94299
G1 Z39.667 X100.827 Y87.382 E632.96815
G1 Z39.669 X101.65 Y87.463 E632.99614
G1 Z39.671 X102.467 Y87.598 E633.02417
G1 Z39.674 X103.273 Y87.786 E633.05218
G1 Z39.676 X104.065 Y88.026 E633.08019
G1 Z39.678 X104.839 Y88.318 E633.10819
G1 Z39.680 X105.593 Y88.659 E633.1362
G1 Z39.682 X106.322 Y89.049 E633.16419
G1 Z39.684 X107.024 Y89.486 E633.19218
G1 Z39.686 X107.763 Y90.022 E633.22308
G1 Z39.688 X108.337 Y90.493 E633.24821
G1 Z39.690 X108.941 Y91.059 E633.27623
G1 Z39.692 X109.507 Y91.663 E633.30425
G1 Z39.694 X110.032 Y92.302 E633.33224
G1 Z39.696 X110.514 Y92.975 E633.36026
G1 Z39.699 X110.951 Y93.678 E633.38828
G1 Z39.701 X111.341 Y94.407 E633.41627
G1 Z39.703 X111.682 Y95.161 E633.44428
G1 Z39.705 X111.974 Y95.935 E633.47228
G1 Z39.707 X112.214 Y96.727 E633.50029
G1 Z39.709 X112.402 Y97.533 E633.5283
G1 Z39.711 X112.537 Y98.35 E633.55633
G1 Z39.713 X112.618 Y99.173 E633.58432
G1 Z39.715 X112.645 Y100 E633.61233
G1 Z39.717 X112.618 Y100.827 E633.64034
G1 Z39.719 X112.537 Y101.65 E633.66833
G1 Z39.721 X112.402 Y102.467 E633.69636
G1 Z39.724 X112.214 Y103.273 E633.72437
G1 Z39.726 X111.974 Y104.065 E633.75238
G1 Z39.728 X111.682 Y104.839 E633.78038
G1 Z39.730 X111.341 Y105.593 E633.80839
G1 Z39.732 X110.951 Y106.322 E633.83638
G1 Z39.734 X110.514 Y107.024 E633.86437
G1 Z39.736 X109.978 Y107.763 E633.89527
G1 Z39.738 X109.507 Y108.337 E633.9204
G1 Z39.740 X108.941 Y108.941 E633.94842
G1 Z39.742 X108.337 Y109.507 E633.97644
G1 Z39.744 X107.698 Y110.032 E634.00443
G1 Z39.746 X107.025 Y110.514 E634.03245
G1 Z39.749 X106.322 Y110.951 E634.06047
G1 Z39.751 X105.593 Y111.341 E634.08846
G1 Z39.753 X104.839 Y111.682 E634.11647
G1 Z39.755 X104.065 Y111.974 E634.14447
G1 Z39.757 X103.273 Y112.214 E634.17248
G1 Z39.759 X102.467 Y112.402 E634.20049
G1 Z39.761 X101.65 Y112.537 E634.22852
G1 Z39.763 X100.827 Y112.618 E634.25651
G1 Z39.765 X100 Y112.645 E634.28452
G1 Z39.767 X99.173 Y112.618 E634.31253
G1 Z39.769 X98.35 Y112.537 E634.34052
G1 Z39.771 X97.533 Y112.402 E634.36855
G1 Z39.774 X96.727 Y112.214 E634.39656
G1 Z39.776 X95.935 Y111.974 E634.42457
G1 Z39.778 X95.161 Y111.682 E634.45257
G1 Z39.780 X94.407 Y111.341 E634.48058
G1 Z39.782 X93.678 Y110.951 E634.50857
G1 Z39.784 X92.976 Y110.514 E634.53656
G1 Z39.786 X92.237 Y109.978 E634.56746
G1 Z39.788 X91.663 Y109.507 E634.59259
G1 Z39.790 X91.059 Y108.941 E634.62061
G1 Z39.792 X90.493 Y108.337 E634.64863
G1 Z39.794 X89.968 Y107.698 E634.67662
G1 Z39.796 X89.486 Y107.025 E634.70464
G1 Z39.799 X89.049 Y106.322 E634.73266
G1 Z39.800 X88.783 Y105.824 E634.75177
;LAYER_CHANGE
;Z:40
;HEIGHT:0.200001
G1 Z39.800 F7800
G1 F959
G1 Z39.801 X88.581 Y105.631 E634.76075
G1 Z39.803 X88.238 Y104.872 E634.78894
G1 Z39.805 X87.944 Y104.092 E634.81716
G1 Z39.807 X87.702 Y103.295 E634.84535
G1 Z39.808 X87.569 Y102.722 E634.86526
G1 Z39.811 X87.377 Y101.662 E634.90172
G1 Z39.813 X87.296 Y100.833 E634.92991
G1 Z39.815 X87.277 Y100.245 E634.94982
G1 Z39.817 X87.296 Y99.167 E634.98631
G1 Z39.819 X87.377 Y98.338 E635.0145
G1 Z39.821 X87.513 Y97.516 E635.0427
G1 Z39.824 X87.702 Y96.705 E635.07089
G1 Z39.826 X87.944 Y95.908 E635.09908
G1 Z39.828 X88.238 Y95.128 E635.1273
G1 Z39.830 X88.581 Y94.369 E635.15549
G1 Z39.832 X88.974 Y93.634 E635.1837
G1 Z39.834 X89.414 Y92.927 E635.21189
G1 Z39.836 X89.899 Y92.25 E635.24008
G1 Z39.838 X90.428 Y91.606 E635.26829
G1 Z39.840 X90.997 Y90.997 E635.2965
G1 Z39.842 X91.606 Y90.428 E635.32471
G1 Z39.844 X92.25 Y89.899 E635.35292
G1 Z39.846 X92.927 Y89.414 E635.38111
G1 Z39.849 X93.634 Y88.974 E635.4093
G1 Z39.851 X94.369 Y88.581 E635.43751
G1 Z39.853 X95.128 Y88.238 E635.4657
G1 Z39.855 X95.908 Y87.944 E635.49392
G1 Z39.857 X96.705 Y87.702 E635.52211
G1 Z39.858 X97.278 Y87.569 E635.54202
G1 Z39.861 X98.338 Y87.377 E635.57848
G1 Z39.863 X99.167 Y87.296 E635.60667
G1 Z39.865 X100 Y87.268 E635.63488
G1 Z39.867 X100.588 Y87.288 E635.65479
G1 Z39.869 X101.662 Y87.377 E635.69127
G1 Z39.871 X102.484 Y87.513 E635.71947
G1 Z39.874 X103.295 Y87.702 E635.74766
G1 Z39.876 X104.092 Y87.944 E635.77585
G1 Z39.878 X104.872 Y88.238 E635.80407
G1 Z39.880 X105.631 Y88.581 E635.83226
G1 Z39.882 X106.366 Y88.974 E635.86047
G1 Z39.884 X107.073 Y89.414 E635.88866
G1 Z39.886 X107.75 Y89.899 E635.91685
G1 Z39.888 X108.394 Y90.428 E635.94506
G1 Z39.890 X109.003 Y90.997 E635.97327
G1 Z39.892 X109.572 Y91.606 E636.00148
G1 Z39.894 X110.101 Y92.25 E636.02969
G1 Z39.896 X110.586 Y92.927 E636.05788
G1 Z39.899 X111.026 Y93.634 E636.08607
G1 Z39.901 X111.419 Y94.369 E636.11428
G1 Z39.903 X111.762 Y95.128 E636.14247
G1 Z39.905 X112.056 Y95.908 E636.17069
G1 Z39.907 X112.298 Y96.705 E636.19888
G1 Z39.908 X112.431 Y97.278 E636.21879
G1 Z39.911 X112.623 Y98.338 E636.25525
G1 Z39.913 X112.704 Y99.167 E636.28344
G1 Z39.915 X112.723 Y99.755 E636.30335
G1 Z39.917 X112.704 Y100.833 E636.33984
G1 Z39.919 X112.623 Y101.662 E636.36803
G1 Z39.921 X112.487 Y102.484 E636.39623
G1 Z39.924 X112.298 Y103.295 E636.42442
G1 Z39.926 X112.056 Y104.092 E636.45261
G1 Z39.928 X111.762 Y104.872 E636.48083
G1 Z39.930 X111.419 Y105.631 E636.50902
G1 Z39.932 X111.026 Y106.366 E636.53723
G1 Z39.934 X110.586 Y107.073 E636.56542
G1 Z39.936 X110.101 Y107.75 E636.59361
G1 Z39.938 X109.572 Y108.394 E636.62182
G1 Z39.940 X109.003 Y109.003 E636.65003
G1 Z39.942 X108.394 Y109.572 E636.67824
G1 Z39.944 X107.75 Y110.101 E636.70645
G1 Z39.946 X107.073 Y110.586 E636.73464
G1 Z39.949 X106.366 Y111.026 E636.76283
G1 Z39.951 X105.631 Y111.419 E636.79104
G1 Z39.953 X104.872 Y111.762 E636.81923
G1 Z39.955 X104.092 Y112.056 E636.84745
G1 Z39.957 X103.295 Y112.298 E636.87564
G1 Z39.958 X102.722 Y112.431 E636.89555
G1 Z39.961 X101.662 Y112.623 E636.93201
G1 Z39.963 X100.833 Y112.704 E636.9602
G1 Z39.965 X100.245 Y112.723 E636.98011
G1 Z39.967 X99.167 Y112.704 E637.0166
G1 Z39.969 X98.338 Y112.623 E637.04479
G1 Z39.971 X97.516 Y112.487 E637.07299
G1 Z39.974 X96.705 Y112.298 E637.10118
G1 Z39.976 X95.908 Y112.056 E637.12937
G1 Z39.978 X95.128 Y111.762 E637.15759
G1 Z39.980 X94.369 Y111.419 E637.18578
G1 Z39.982 X93.634 Y111.026 E637.21399
G1 Z39.984 X92.927 Y110.586 E637.24218
G1 Z39.986 X92.25 Y110.101 E637.27037
G1 Z39.988 X91.606 Y109.572 E637.29858
G1 Z39.990 X90.997 Y109.003 E637.32679
G1 Z39.992 X90.428 Y108.394 E637.355
G1 Z39.994 X89.899 Y107.75 E637.38321
G1 Z39.996 X89.414 Y107.073 E637.4114
G1 Z39.999 X88.974 Y106.366 E637.43959
G1 Z40.000 X88.706 Y105.865 E637.45882
G1 E635.45882 F2400
G92 E0
M107
;TYPE:Custom
; Filament-specific end gcode 
;END gcode for filament
M104 S0 ; turn off temperature
G28 X0  ; home X axis
M84     ; disable motors
; objects_info = {"objects":[]}
; filament used [mm] = 706.01
; filament used [cm3] = 1.70
; total filament used [g] = 0.00
; total filament cost = 0.00
; total filament used for wipe tower [g] = 0.00
; estimated printing time (normal mode) = 19m 11s
; estimated first layer printing time (normal mode) = 43s

; prusaslicer_config = begin
; arc_fitting = disabled
; autoemit_temperature_commands = 1
; automatic_extrusion_widths = 0
; automatic_infill_combination = 0
; automatic_infill_combination_max_layer_height = 100%
; avoid_crossing_curled_overhangs = 0
; avoid_crossing_perimeters = 0
; avoid_crossing_perimeters_max_detour = 0
; bed_shape = 0x0,200x0,200x200,0x200
; bed_temperature = 0
; bed_temperature_extruder = 0
; before_layer_gcode = 
; between_objects_gcode = 
; binary_gcode = 0
; bottom_fill_pattern = monotonic
; bottom_solid_layers = 3
; bottom_solid_min_thickness = 0
; bridge_acceleration = 0
; bridge_angle = 0
; bridge_fan_speed = 100
; bridge_flow_ratio = 1
; bridge_speed = 60
; brim_separation = 0
; brim_type = outer_only
; brim_width = 0
; chamber_minimal_temperature = 0
; chamber_temperature = 0
; color_change_gcode = M600
; colorprint_heights = 
; complete_objects = 0
; cooling = 1
; cooling_perimeter_transition_distance = 0
; cooling_slowdown_logic = uniform_cooling
; cooling_tube_length = 5
; cooling_tube_retraction = 91.5
; custom_parameters_filament = ""
; custom_parameters_print = 
; custom_parameters_printer = 
; default_acceleration = 0
; deretract_speed = 0
; disable_fan_first_layers = 3
; dont_support_bridges = 1
; draft_shield = disabled
; duplicate_distance = 6
; elefant_foot_compensation = 0
; enable_dynamic_fan_speeds = 0
; enable_dynamic_overhang_speeds = 0
; end_filament_gcode = "; Filament-specific end gcode \n;END gcode for filament\n"
; end_gcode = M104 S0 ; turn off temperature\nG28 X0  ; home X axis\nM84     ; disable motors\n
; ensure_vertical_shell_thickness = enabled
; external_perimeter_acceleration = 0
; external_perimeter_extrusion_width = 0
; external_perimeter_speed = 50%
; external_perimeters_first = 0
; extra_loading_move = -2
; extra_perimeters = 1
; extra_perimeters_on_overhangs = 0
; extruder_clearance_height = 20
; extruder_clearance_radius = 20
; extruder_colour = ""
; extruder_offset = 0x0
; extrusion_axis = E
; extrusion_multiplier = 1
; extrusion_width = 0
; fan_always_on = 0
; fan_below_layer_time = 60
; filament_abrasive = 0
; filament_colour = #29B2B2
; filament_cooling_final_speed = 3.4
; filament_cooling_initial_speed = 2.2
; filament_cooling_moves = 4
; filament_cost = 0
; filament_density = 0
; filament_diameter = 1.75
; filament_flush_speed = 0
; filament_flush_volume = 0
; filament_infill_max_crossing_speed = 0
; filament_infill_max_speed = 0
; filament_load_time = 0
; filament_loading_speed = 28
; filament_loading_speed_start = 3
; filament_max_volumetric_speed = 0
; filament_minimal_purge_on_wipe_tower = 15
; filament_multitool_ramming = 0
; filament_multitool_ramming_flow = 10
; filament_multitool_ramming_volume = 10
; filament_notes = ""
; filament_purge_multiplier = 100%
; filament_ramming_parameters = "120 100 6.6 6.8 7.2 7.6 7.9 8.2 8.7 9.4 9.9 10.0| 0.05 6.6 0.45 6.8 0.95 7.8 1.45 8.3 1.95 9.7 2.45 10 2.95 7.6 3.45 7.6 3.95 7.6 4.45 7.6 4.95 7.6"
; filament_retract_layer_change = 0
; filament_seam_gap_distance = 15%
; filament_settings_id = ""
; filament_shrinkage_compensation_xy = 0%
; filament_shrinkage_compensation_z = 0%
; filament_soluble = 0
; filament_spool_weight = 0
; filament_stamping_distance = 0
; filament_stamping_loading_speed = 20
; filament_toolchange_delay = 0
; filament_type = PLA
; filament_unload_time = 0
; filament_unloading_speed = 90
; filament_unloading_speed_start = 100
; fill_angle = 45
; fill_density = 0%
; fill_pattern = stars
; first_layer_acceleration = 0
; first_layer_acceleration_over_raft = 0
; first_layer_bed_temperature = 0
; first_layer_extrusion_width = 200%
; first_layer_height = 0.2
; first_layer_infill_speed = 0
; first_layer_speed = 30
; first_layer_speed_over_raft = 30
; first_layer_temperature = 200
; full_fan_speed_layer = 0
; fuzzy_skin = none
; fuzzy_skin_point_dist = 0.8
; fuzzy_skin_thickness = 0.3
; gap_fill_enabled = 1
; gap_fill_speed = 20
; gcode_comments = 0
; gcode_flavor = reprap
; gcode_label_objects = disabled
; gcode_resolution = 0.0125
; gcode_substitutions = 
; high_current_on_filament_swap = 0
; idle_temperature = nil
; infill_acceleration = 0
; infill_anchor = 600%
; infill_anchor_max = 50
; infill_every_layers = 1
; infill_extruder = 1
; infill_extrusion_width = 0
; infill_first = 0
; infill_overlap = 25%
; infill_speed = 80
; interface_shells = 0
; interlocking_beam = 0
; interlocking_beam_layer_count = 2
; interlocking_beam_width = 0.8
; interlocking_boundary_avoidance = 2
; interlocking_depth = 2
; interlocking_orientation = 22.5
; ironing = 0
; ironing_flowrate = 15%
; ironing_spacing = 0.1
; ironing_speed = 15
; ironing_type = top
; layer_gcode = 
; layer_height = 0.2
; machine_limits_usage = time_estimate_only
; machine_max_acceleration_e = 10000,5000
; machine_max_acceleration_extruding = 1500,1250
; machine_max_acceleration_retracting = 1500,1250
; machine_max_acceleration_travel = 1500,1250
; machine_max_acceleration_x = 9000,1000
; machine_max_acceleration_y = 9000,1000
; machine_max_acceleration_z = 500,200
; machine_max_feedrate_e = 120,120
; machine_max_feedrate_x = 500,200
; machine_max_feedrate_y = 500,200
; machine_max_feedrate_z = 12,12
; machine_max_jerk_e = 2.5,2.5
; machine_max_jerk_x = 10,10
; machine_max_jerk_y = 10,10
; machine_max_jerk_z = 0.2,0.4
; machine_max_junction_deviation = 0,0
; machine_min_extruding_rate = 0,0
; machine_min_travel_rate = 0,0
; max_fan_speed = 100
; max_layer_height = 0
; max_print_height = 200
; max_print_speed = 80
; max_volumetric_extrusion_rate_slope_negative = 0
; max_volumetric_extrusion_rate_slope_positive = 0
; max_volumetric_speed = 0
; min_bead_width = 85%
; min_fan_speed = 35
; min_feature_size = 25%
; min_layer_height = 0.07
; min_print_speed = 10
; min_skirt_length = 0
; mmu_segmented_region_interlocking_depth = 0
; mmu_segmented_region_max_width = 0
; multimaterial_purging = 140
; notes = 
; nozzle_diameter = 0.4
; nozzle_high_flow = 0
; only_one_perimeter_first_layer = 0
; only_retract_when_crossing_perimeters = 0
; ooze_prevention = 0
; output_filename_format = [input_filename_base].gcode
; over_bridge_speed = 0
; overhang_fan_speed_0 = 0
; overhang_fan_speed_1 = 0
; overhang_fan_speed_2 = 0
; overhang_fan_speed_3 = 0
; overhang_speed_0 = 15
; overhang_speed_1 = 15
; overhang_speed_2 = 20
; overhang_speed_3 = 25
; overhangs = 1
; parking_pos_retraction = 92
; pause_print_gcode = M601
; perimeter_acceleration = 0
; perimeter_extruder = 1
; perimeter_extrusion_width = 0
; perimeter_generator = arachne
; perimeter_speed = 60
; perimeters = 1
; physical_printer_settings_id = 
; post_process = 
; prefer_clockwise_movements = 0
; print_settings_id = 
; printer_model = 
; printer_notes = 
; printer_settings_id = 
; printer_technology = FFF
; raft_contact_distance = 0.1
; raft_expansion = 1.5
; raft_first_layer_density = 90%
; raft_first_layer_expansion = 3
; raft_layers = 0
; remaining_times = 0
; resolution = 0
; retract_before_travel = 2
; retract_before_wipe = 0%
; retract_layer_change = 0
; retract_length = 2
; retract_length_toolchange = 10
; retract_lift = 0
; retract_lift_above = 0
; retract_lift_below = 0
; retract_restart_extra = 0
; retract_restart_extra_toolchange = 0
; retract_speed = 40
; scarf_seam_entire_loop = 0
; scarf_seam_length = 20
; scarf_seam_max_segment_length = 1
; scarf_seam_on_inner_perimeters = 0
; scarf_seam_only_on_smooth = 1
; scarf_seam_placement = nowhere
; scarf_seam_start_height = 0%
; seam_gap_distance = 15%
; seam_position = aligned
; silent_mode = 1
; single_extruder_multi_material = 0
; single_extruder_multi_material_priming = 1
; skirt_distance = 6
; skirt_height = 1
; skirts = 1
; slice_closing_radius = 0.049
; slicing_mode = regular
; slowdown_below_layer_time = 5
; small_perimeter_speed = 15
; solid_infill_acceleration = 0
; solid_infill_below_area = 70
; solid_infill_every_layers = 0
; solid_infill_extruder = 1
; solid_infill_extrusion_width = 0
; solid_infill_speed = 20
; spiral_vase = 1
; staggered_inner_seams = 0
; standby_temperature_delta = -5
; start_filament_gcode = "; Filament gcode\n"
; start_gcode = G28 ; home all axes\nG1 Z5 F5000 ; lift nozzle\n
; support_material = 0
; support_material_angle = 0
; support_material_auto = 1
; support_material_bottom_contact_distance = 0
; support_material_bottom_interface_layers = -1
; support_material_buildplate_only = 0
; support_material_closing_radius = 2
; support_material_contact_distance = 0.2
; support_material_enforce_layers = 0
; support_material_extruder = 1
; support_material_extrusion_width = 0
; support_material_interface_contact_loops = 0
; support_material_interface_extruder = 1
; support_material_interface_layers = 3
; support_material_interface_pattern = rectilinear
; support_material_interface_spacing = 0
; support_material_interface_speed = 100%
; support_material_pattern = rectilinear
; support_material_spacing = 2.5
; support_material_speed = 60
; support_material_style = grid
; support_material_synchronize_layers = 0
; support_material_threshold = 0
; support_material_with_sheath = 1
; support_material_xy_spacing = 50%
; support_tree_angle = 40
; support_tree_angle_slow = 25
; support_tree_branch_diameter = 2
; support_tree_branch_diameter_angle = 5
; support_tree_branch_diameter_double_wall = 3
; support_tree_branch_distance = 1
; support_tree_tip_diameter = 0.8
; support_tree_top_rate = 15%
; temperature = 200
; template_custom_gcode = 
; thick_bridges = 1
; thin_walls = 1
; thumbnails = 
; thumbnails_format = PNG
; toolchange_gcode = 
; toolchange_ordering = optimized
; top_fill_pattern = monotonic
; top_infill_extrusion_width = 0
; top_one_perimeter_type = none
; top_solid_infill_acceleration = 0
; top_solid_infill_speed = 15
; top_solid_layers = 0
; top_solid_min_thickness = 0
; travel_acceleration = 0
; travel_lift_before_obstacle = 0
; travel_max_lift = 0
; travel_ramping_lift = 0
; travel_short_distance_acceleration = 0
; travel_slope = 0
; travel_speed = 130
; travel_speed_z = 0
; use_firmware_retraction = 0
; use_relative_e_distances = 0
; use_volumetric_e = 0
; variable_layer_height = 1
; wall_distribution_count = 1
; wall_transition_angle = 10
; wall_transition_filter_deviation = 25%
; wall_transition_length = 100%
; wipe = 0
; wipe_into_infill = 0
; wipe_into_objects = 0
; wipe_tower = 0
; wipe_tower_acceleration = 0
; wipe_tower_bridging = 10
; wipe_tower_brim_width = 2
; wipe_tower_cone_angle = 0
; wipe_tower_extra_flow = 100%
; wipe_tower_extra_spacing = 100%
; wipe_tower_extruder = 0
; wipe_tower_no_sparse_layers = 0
; wipe_tower_width = 60
; wiping_volumes_matrix = 0,140,140,140,140,140,0,140,140,140,140,140,0,140,140,140,140,140,0,140,140,140,140,140,0
; wiping_volumes_use_custom_matrix = 0
; xy_size_compensation = 0
; z_offset = 0
; prusaslicer_config = end
